ply
format ascii 1.0
comment Created by Open3D
element vertex 2031
property double x
property double y
property double z
property double nx
property double ny
property double nz
property uchar red
property uchar green
property uchar blue
end_header
-0.00516412 0.08995222 0.99527162 -0.00367241 0.10496680 0.99356832 51 153 230
0.45364733 0.87226119 0.16785978 0.45408272 0.87210469 0.16755267 51 153 230
-0.52733564 0.80892431 0.24968766 -0.52683523 0.80940446 0.24923079 51 153 230
-0.77365250 -0.62504098 0.07714743 -0.77379956 -0.62488861 0.07700629 51 153 230
-0.21800207 -0.95995583 -0.16452645 -0.21757549 -0.96011100 -0.16422544 51 153 230
-0.12463661 0.89533907 0.42340252 -0.12354193 0.89586402 0.42262751 51 153 230
-0.72626838 -0.12161419 0.67491344 -0.72768928 -0.11998032 0.67367666 51 153 230
0.27177386 -0.93593061 -0.21698286 0.27236932 -0.93585311 -0.21658586 51 153 230
-0.55062891 0.63064420 -0.54350530 -0.55217898 0.63015929 -0.54251001 51 153 230
0.16259344 0.96890244 -0.17249490 0.16213983 0.96904545 -0.17217931 51 153 229
-0.70967927 -0.68033705 -0.16945314 -0.70940488 -0.68071533 -0.16914311 51 153 230
-0.57698140 0.56398511 -0.58917408 -0.57866956 0.56338006 -0.58809497 51 153 230
0.38355728 -0.58438943 -0.71230567 0.38591560 -0.58444924 -0.71099996 51 153 230
0.61668037 -0.71671440 -0.32120438 0.61747931 -0.71629661 -0.32061658 51 153 230
-0.25038309 0.48319711 0.83683443 -0.24946654 0.48635957 0.83529791 51 153 229
0.65678518 -0.72502549 -0.20613758 0.65725765 -0.72470553 -0.20576042 51 153 230
-0.46871255 -0.33866974 0.81515031 -0.47173097 -0.33809433 0.81365431 51 153 230
0.07975650 0.82242393 -0.56070395 0.07829646 0.82327198 -0.55967710 51 153 230
-0.31918722 -0.00093049 0.94713381 -0.32437556 0.00164956 0.94538368 51 153 230
-0.83493556 -0.23279292 0.49626884 -0.83580035 -0.23162404 0.49536025 51 153 229
-0.43330369 0.11074577 0.89261445 -0.43591224 0.11390814 0.89097263 51 153 230
0.88377269 -0.44633553 -0.12399906 0.88395618 -0.44604861 -0.12377220 51 153 229
0.05095916 0.98803224 -0.12864070 0.05061014 0.98808798 -0.12840535 51 153 229
-0.81346081 -0.50062340 0.28893523 -0.81401638 -0.50003734 0.28840651 51 153 229
0.75506235 0.15836113 -0.63399526 0.75564704 0.16025894 -0.63283374 51 153 230
-0.96127382 0.12272718 0.23844208 -0.96130374 0.12338875 0.23800579 51 153 230
0.77841305 -0.60703832 0.14212458 0.77821081 -0.60737290 0.14186456 51 153 229
-0.65405311 0.15510437 0.73944258 -0.65503330 0.15741592 0.73808685 51 153 230
0.81014146 -0.57038029 0.12391153 0.80997506 -0.57067724 0.12368484 51 153 229
-0.11436425 0.39869397 -0.90919364 -0.11775908 0.40152171 -0.90752017 51 153 230
-0.20898307 -0.47764776 -0.85204355 -0.20787773 -0.48093513 -0.85047861 51 153 229
-0.71996105 -0.64222430 0.25697109 -0.72052754 -0.64178606 0.25650089 51 153 230
0.45251048 0.79780915 0.39631465 0.45361042 0.79754724 0.39558927 51 153 230
0.26294625 0.00081697 0.96338966 0.26969721 -0.00179054 0.96159925 51 153 230
0.17677294 0.74401472 -0.64156837 0.17529634 0.74538661 -0.64039293 51 153 230
-0.46139902 -0.80359199 -0.37212305 -0.46065368 -0.80434160 -0.37144199 51 153 230
-0.34563799 0.65980985 -0.66581051 -0.34775614 0.65992632 -0.66459049 51 153 230
-0.27652599 -0.92440458 -0.25399340 -0.27589786 -0.92472859 -0.25352865 51 153 230
-0.73397254 0.12090742 -0.66699892 -0.73534539 0.11928347 -0.66577672 51 153 230
-0.68315026 0.71710978 -0.12365736 -0.68341782 0.71690008 -0.12343113 51 153 230
0.68390434 0.55643013 0.46692830 0.68506749 0.55573407 0.46607349 51 153 230
0.30491100 0.62755996 0.71373138 0.30725036 0.62792607 0.71242304 51 153 230
-0.62171896 0.66250100 -0.41501614 -0.62278586 0.66197719 -0.41425650 51 153 230
0.12132944 -0.61936502 -0.77354843 0.12373911 -0.62067916 -0.77212957 51 153 230
-0.29623852 0.95358867 -0.01645977 -0.29628312 0.95358140 -0.01642966 51 153 229
0.47766289 0.40133998 -0.77917159 0.47767689 0.40412187 -0.77774231 51 153 230
0.96347265 -0.08716645 0.24563060 0.96353311 -0.08784655 0.24518116 51 153 230
0.55627035 -0.79493256 0.23464740 0.55580657 -0.79539019 0.23421807 51 153 229
0.39540071 -0.47368911 -0.78470668 0.39822294 -0.47373482 -0.78326716 51 153 230
0.70434018 -0.61059135 -0.35628708 0.70517279 -0.61002321 -0.35563502 51 153 229
-0.12149215 -0.10856099 0.98519401 -0.13218643 -0.11494624 0.98330284 51 153 230
-0.02089085 0.79772197 0.60038142 -0.01927370 0.79859703 0.59928170 51 153 230
-0.03122713 0.27460142 -0.95977356 -0.03454312 0.28059925 -0.95799262 51 153 230
0.20435925 -0.05068893 -0.97636523 0.21317282 -0.05034733 -0.97453619 51 153 230
0.48827821 -0.21015206 0.84484912 0.48965212 -0.21323907 0.84329763 51 153 230
0.07787778 0.32880613 0.93984572 0.08146789 0.33296930 0.93811043 51 153 229
0.18562516 -0.65558068 -0.73005484 0.18793595 -0.65641894 -0.72871641 51 153 229
0.03080130 0.31661976 0.94722490 0.03386548 0.32152075 0.94547458 51 153 230
-0.87435734 -0.38854293 0.28744938 -0.87482487 -0.38788841 0.28692339 51 153 230
-0.68756399 0.11419382 0.71435617 -0.68858120 0.11633516 0.71304668 51 153 230
0.30928217 0.38893897 -0.86725751 0.30914558 0.39257830 -0.86566410 51 153 229
-0.71936187 0.40937600 -0.55864084 -0.72072418 0.40839093 -0.55761777 51 153 230
0.66379419 0.60320959 0.43874307 0.66489747 0.60258875 0.43793993 51 153 229
0.62395688 -0.77641163 0.04921246 0.62385859 -0.77650426 0.04912242 51 153 230
-0.56129284 -0.18249969 -0.80704300 -0.56252787 -0.18522764 -0.80556212 51 153 230
-0.05952081 0.87380465 0.47861029 -0.05824982 0.87437872 0.47773407 51 153 230
0.51085564 0.85426313 -0.07551725 0.51068624 0.85438271 -0.07537910 51 153 230
-0.44988180 0.67670682 -0.58061657 -0.45162498 0.67645940 -0.57955317 51 153 230
-0.82500392 0.55814002 -0.05231931 -0.82509635 0.55802988 -0.05222359 51 153 230
0.41708624 0.40343997 0.81342606 0.42013198 0.40329485 0.81193328 51 153 230
0.41086115 -0.41782634 -0.80967325 0.41387130 -0.41772655 -0.80818748 51 153 230
-0.30863807 -0.52316576 0.79289611 -0.31147434 -0.52370692 0.79144142 51 153 230
0.14419895 -0.45682152 -0.87660625 0.14737126 -0.45893209 -0.87499499 51 153 230
0.47368514 -0.06341128 0.87701655 0.47631569 -0.06617665 0.87540450 51 153 230
-0.37163011 0.46493480 -0.80235395 -0.37457898 0.46511341 -0.80088175 51 153 230
-0.39448232 -0.86814130 -0.29833740 -0.39380942 -0.86863656 -0.29779148 51 153 229
0.13999138 -0.97064778 0.18395046 0.13950332 -0.97078798 0.18361391 51 153 230
0.73629203 -0.66684236 0.11080723 0.73610576 -0.66708344 0.11060451 51 153 230
-0.81357068 0.57640700 -0.04543717 -0.81365095 0.57631134 -0.04535404 51 153 230
0.45276600 -0.06660272 0.88730387 0.45558101 -0.06944403 0.88567219 51 153 230
0.87730751 -0.12822716 -0.45729985 0.87792571 -0.12705641 -0.45646269 51 153 230
0.46596615 -0.55200285 -0.68905550 0.46818418 -0.55172114 -0.68779265 51 153 229
0.18144308 -0.59603999 -0.78005860 0.18400635 -0.59714598 -0.77862768 51 153 230
0.36586358 0.14193118 0.91883182 0.37047196 0.14103915 0.91713929 51 153 230
-0.04891126 0.29136396 -0.95436272 -0.05236322 0.29657120 -0.95259595 51 153 230
-0.05124705 0.29604190 0.95325123 -0.04964377 0.30199519 0.95148737 51 153 230
0.16307110 -0.41619744 -0.89272114 0.16652180 -0.41840700 -0.89107912 51 153 230
0.55230052 -0.65551288 0.51208198 0.55159154 -0.65684569 0.51114437 51 153 230
0.56469405 -0.73680071 -0.36582835 0.56565282 -0.73640532 -0.36515881 51 153 230
0.04042454 -0.19800602 0.97897401 0.03961347 -0.20718965 0.97713766 51 153 230
0.96261590 0.18506700 -0.18952434 0.96258745 0.18558994 -0.18917759 51 153 230
-0.55357450 -0.44197214 0.70295306 -0.55577867 -0.44127565 0.70166459 51 153 230
-0.88259217 0.10453877 -0.45432453 -0.88316784 0.10335501 -0.45349283 51 153 230
0.16988781 -0.96451772 -0.19266117 0.17041970 -0.96449826 -0.19230867 51 153 230
-0.65947584 0.74573720 0.06514768 -0.65935208 0.74586637 0.06502849 51 153 230
-0.57759383 -0.10236982 -0.80880899 -0.57921904 -0.10490285 -0.80732479 51 153 229
0.84495116 -0.36908250 -0.38377068 0.84564437 -0.36823840 -0.38306829 51 153 230
0.57920124 0.56713511 -0.58366210 0.57863233 0.56881334 -0.58259310 51 153 229
-0.52992466 -0.71111454 0.45815153 -0.53119343 -0.71071851 0.45731281 51 153 230
0.65031272 -0.22172686 -0.72475418 0.65228404 -0.22030334 -0.72342552 51 153 230
0.91731207 0.35121873 -0.17349849 0.91720384 0.35168475 -0.17318106 51 153 229
0.13599193 0.42824453 -0.89177390 0.13466283 0.43211635 -0.89013369 51 153 230
0.79597031 -0.46160655 0.38933075 0.79569854 -0.46268244 0.38861817 51 153 230
-0.17464527 0.44162507 0.87849273 -0.17353015 0.44530002 0.87687787 51 153 230
-0.52293914 0.68221728 0.50857322 -0.52217193 0.68350243 0.50764205 51 153 230
0.09974106 -0.95020973 0.29049585 0.09896739 -0.95045790 0.28996428 51 153 229
0.54786728 -0.79276093 0.25855755 0.54736259 -0.79327425 0.25808444 51 153 230
-0.98070830 0.18300215 -0.02613000 -0.98072809 0.18293312 -0.02608220 51 153 230
-0.32946007 0.22170569 -0.91705156 -0.33408963 0.22180456 -0.91536265 51 153 229
0.43610491 0.55765870 -0.70347212 0.43539411 0.55985878 -0.70218270 51 153 230
0.08971755 0.17429079 -0.97998764 0.09169844 0.18384639 -0.97814235 51 153 230
-0.45765820 -0.01440946 -0.88716901 -0.46076915 -0.01692701 -0.88553758 51 153 229
-0.11185224 0.44643635 -0.88599604 -0.11495350 0.44892650 -0.88436686 51 153 230
-0.05968647 0.24932715 0.96509324 -0.05881293 0.25667376 0.96329836 51 153 230
-0.81106959 0.17356797 0.55625567 -0.81142426 0.17520304 0.55523698 51 153 230
-0.13072517 0.93882803 -0.31432224 -0.13160379 0.93889903 -0.31374705 51 153 230
0.87020928 0.31591664 0.37195981 0.87082071 0.31505720 0.37127905 51 153 229
-0.35471148 0.83580698 -0.41633363 -0.35589777 0.83568596 -0.41557158 51 153 229
0.11974992 -0.92684475 0.34967658 0.11883415 -0.92721346 0.34903663 51 153 230
0.37597307 0.82344773 0.42227821 0.37717640 0.82329789 0.42150526 51 153 230
0.71177462 -0.69978173 -0.00971553 0.71179566 -0.69976529 -0.00969776 51 153 229
0.37383103 -0.92416446 -0.03589542 0.37392630 -0.92413912 -0.03582975 51 153 229
-0.40193287 0.72333476 -0.55839294 -0.40360669 0.72320120 -0.55737033 51 153 230
-0.61726460 0.47441912 -0.62444025 -0.61903901 0.47363401 -0.62329629 51 153 230
0.79620846 0.36683530 0.47812984 0.79719361 0.36584758 0.47725450 51 153 230
0.56538968 0.80841722 0.15023903 0.56575484 0.80822249 0.14996416 51 153 230
-0.28539935 -0.65552506 0.69621225 -0.28764146 -0.65591285 0.69493621 51 153 229
-0.20035958 -0.95864832 0.19917522 -0.20090942 -0.95861059 0.19881081 51 153 230
-0.27095367 -0.63497862 0.72142392 -0.27331400 -0.63548106 0.72010140 51 153 230
-0.96572245 -0.22051759 -0.12243332 -0.96568106 -0.22085201 -0.12220933 51 153 230
-0.97910811 -0.02411104 -0.19386918 -0.97917055 -0.02464314 -0.19351448 51 153 230
-0.60375563 -0.16818767 -0.77679719 -0.60490423 -0.17070225 -0.77537231 51 153 230
-0.42766627 0.39030824 -0.81459941 -0.43072135 0.39008390 -0.81310444 51 153 229
0.07099794 0.44423797 0.89125070 0.07388338 0.44710594 0.88961148 51 153 230
0.91807496 -0.36857843 -0.12935266 0.91824146 -0.36826417 -0.12911601 51 153 230
0.59479067 0.61339616 0.51622383 0.59620437 0.61282638 0.51527862 51 153 230
0.24474919 -0.12775062 -0.95978293 0.25155475 -0.12841290 -0.95800197 51 153 230
-0.60134844 -0.70194265 -0.37632157 -0.60075594 -0.70283144 -0.37563282 51 153 229
0.51728939 0.67372550 0.52340848 0.51878651 0.67332887 0.52245008 51 153 230
-0.88082507 -0.44943792 -0.13169911 -0.88069713 -0.44977648 -0.13145816 51 153 230
-0.25790340 -0.96014351 -0.08506227 -0.25768364 -0.96022234 -0.08490666 51 153 230
0.12023857 -0.88595533 0.44291265 0.11909301 -0.88652265 0.44210187 51 153 230
0.22299515 0.90452750 -0.35683709 0.22210995 0.90501169 -0.35618403 51 153 230
-0.26767392 -0.06794810 0.95976450 -0.27444311 -0.06706009 0.95798358 51 153 229
-0.89240703 -0.26570213 -0.35854341 -0.89237700 -0.26671606 -0.35788723 51 153 230
0.59231654 0.72843934 0.33743203 0.59317678 0.72803684 0.33681451 51 153 230
-0.63158609 0.28875199 -0.71748526 -0.63364567 0.28753402 -0.71617000 51 153 229
-0.61630010 -0.77605531 -0.11246787 -0.61607951 -0.77627152 -0.11226211 51 153 229
-0.56781198 -0.80282887 -0.17152977 -0.56746421 -0.80315036 -0.17121594 51 153 230
0.51548195 -0.03756732 0.85421489 0.51791157 -0.04007065 0.85264586 51 153 230
0.17685088 0.88295456 0.43138938 0.17808346 0.88310022 0.43059972 51 153 230
-0.11749479 0.67897799 0.72233101 -0.11579499 0.68069192 0.72100682 51 153 230
-0.22655837 -0.19871989 -0.95305980 -0.22905058 -0.20433559 -0.95129644 51 153 229
0.17510543 -0.89764992 0.40230868 0.17408645 -0.89817958 0.40157233 51 153 230
-0.20393746 0.22444959 -0.95258005 -0.20958089 0.22677993 -0.95081795 51 153 229
-0.39568145 -0.47249504 -0.78531590 -0.39523432 -0.47528519 -0.78387525 51 153 230
-0.98389832 0.16515980 0.01925924 -0.98389647 0.16521270 0.01922401 51 153 230
-0.66884920 0.73660436 0.09216972 -0.66867415 0.73678737 0.09200110 51 153 230
0.16832138 -0.40820984 0.89556591 0.16736426 -0.41225423 0.89391846 51 153 230
-0.17483895 0.87943621 -0.43883741 -0.17609432 0.87959503 -0.43803411 51 153 230
0.11361975 0.58812994 -0.79954297 0.11185121 0.59047067 -0.79807597 51 153 229
-0.96254469 0.04405046 -0.25752679 -0.96271139 0.04335371 -0.25705557 51 153 230
0.22545768 -0.34665596 -0.90979838 0.22953872 -0.34837626 -0.90812376 51 153 229
0.60158231 0.52011406 -0.60303476 0.60113852 0.52191190 -0.60193016 51 153 230
0.63687279 0.55599005 0.53083888 0.63829303 0.55530135 0.52986684 51 153 230
-0.75171212 -0.32401127 -0.57237979 -0.75176697 -0.32574200 -0.57133151 51 153 230
-0.62576351 -0.63755085 -0.44406822 -0.62519115 -0.63869578 -0.44325532 51 153 230
0.80984751 0.10268845 -0.57530605 0.81039156 0.10434219 -0.57425239 51 153 230
0.77472521 0.51246926 -0.36354623 0.77439924 0.51344583 -0.36288088 51 153 230
0.68611277 -0.02347774 0.72493225 0.68745720 -0.02550012 0.72360326 51 153 230
0.75208644 -0.04224612 -0.65482918 0.75323224 -0.04051646 -0.65362934 51 153 229
-0.72865498 0.11556542 0.67350053 -0.72947614 0.11756098 0.67226635 51 153 230
0.13412985 -0.67631759 0.72235640 0.13246490 -0.67807082 0.72103216 51 153 230
-0.40990308 -0.81622387 0.40397295 -0.41103768 -0.81601925 0.40323355 51 153 229
0.58410833 -0.04589218 -0.80984292 0.58631779 -0.04384140 -0.80835683 51 153 229
-0.97368207 -0.09200294 -0.20566313 -0.97370803 -0.09257144 -0.20528685 51 153 230
-0.60095245 0.34962941 0.71523274 -0.60114490 0.35199484 0.71392163 51 153 229
-0.27211030 0.88343802 -0.37505798 -0.27317398 0.88340962 -0.37437154 51 153 230
0.06874707 -0.98749520 -0.12326796 0.06908534 -0.98750928 -0.12304244 51 153 230
-0.02719816 -0.47163637 0.87975112 -0.02975231 -0.47453089 0.87813386 51 153 230
0.44721616 -0.74217876 -0.49594500 0.44864949 -0.74192685 -0.49503699 51 153 230
-0.14339097 -0.98121857 0.11457797 -0.14370507 -0.98119999 0.11436835 51 153 230
-0.67985843 -0.02901643 0.73089632 -0.68138306 -0.02708263 0.72955633 51 153 230
0.79685567 -0.52880454 -0.28452409 0.79741994 -0.52824522 -0.28400345 51 153 229
-0.51765798 0.06407703 -0.85172284 -0.52048782 0.06208196 -0.85015850 51 153 230
0.27543542 -0.91719106 0.27814621 0.27475438 -0.91756188 0.27763725 51 153 230
-0.24386950 -0.96637096 0.03952917 -0.24397708 -0.96635584 0.03945685 51 153 230
0.33825476 -0.89295548 0.28991145 0.33757233 -0.89339181 0.28938095 51 153 230
-0.15001185 -0.42131285 0.89267234 -0.15340426 -0.42362003 0.89103042 51 153 230
0.71968915 0.63427161 0.27646454 0.72030380 0.63380442 0.27595865 51 153 230
-0.70541694 -0.15043885 0.69097003 -0.70700534 -0.14884103 0.68970365 51 153 229
0.82590829 0.02383029 -0.55985181 0.82656888 0.02537767 -0.55882652 51 153 230
0.79693141 0.45807890 0.39018800 0.79772983 0.45730587 0.38947385 51 153 230
-0.10993433 0.74924255 -0.65047132 -0.11184285 0.75000124 -0.64927951 51 153 230
-0.72150132 -0.66334415 0.19257013 -0.72191141 -0.66300453 0.19221780 51 153 229
-0.30034830 -0.87455266 -0.37593622 -0.29946780 -0.87515682 -0.37524817 51 153 230
-0.04432371 0.87279291 0.48215906 -0.04303248 0.87335089 0.48127633 51 153 230
-0.33523192 0.90039105 -0.26801758 -0.33596913 0.90027533 -0.26752716 51 153 230
0.52136015 0.84341169 0.11174416 0.52163571 0.84327603 0.11153972 51 153 230
-0.47615296 -0.86567749 -0.14034951 -0.47583720 -0.86590033 -0.14009274 51 153 230
0.94534426 -0.24399299 -0.20987227 0.94556804 -0.24345744 -0.20948829 51 153 229
0.12304219 0.75135979 0.64534974 0.12494336 0.75207206 0.64416734 51 153 230
0.46852519 0.79634954 -0.37867121 0.46777754 0.79712441 -0.37797815 51 153 230
-0.80672765 -0.11981115 -0.57602023 -0.80723582 -0.12147845 -0.57496527 51 153 230
-0.70281535 -0.70637118 -0.04173390 -0.70274380 -0.70646074 -0.04165755 51 153 230
0.25704225 0.94416616 -0.19109445 0.25655959 0.94438010 -0.19074482 51 153 229
-0.65025734 0.05852813 -0.75555405 -0.65204400 0.05661982 -0.75416851 51 153 230
-0.95101548 0.17146107 0.24781631 -0.95102002 0.17214928 0.24736287 51 153 230
0.04558389 -0.96418792 0.25109425 0.04490602 -0.96435153 0.25063481 51 153 229
0.70031336 -0.53748666 -0.46529574 0.70144991 -0.53675547 -0.46444393 51 153 230
0.36898150 0.84975102 0.37187453 0.37002661 0.84960149 0.37119392 51 153 230
-0.38820690 -0.78851619 0.47253141 -0.38957355 -0.78837263 0.47166633 51 153 230
0.05437862 -0.80245189 0.59237319 0.05281504 -0.80335698 0.59128819 51 153 229
0.83898425 0.52938760 -0.10885074 0.83884764 0.52965351 -0.10865160 51 153 230
-0.27387307 0.81172721 0.51369058 -0.27272422 0.81271549 0.51275002 51 153 230
-0.70513960 -0.61375406 0.34947421 -0.70595313 -0.61319422 0.34883464 51 153 230
0.33182438 -0.93967565 0.04684188 0.33170800 -0.93973027 0.04675618 51 153 229
-0.01601972 0.75643270 -0.65168468 -0.01782282 0.75742838 -0.65049064 51 153 230
-0.12716404 0.29138310 -0.94634023 -0.13159646 0.29523551 -0.94459041 51 153 230
0.06338008 0.24972130 0.96473458 0.06754709 0.25578747 0.96294064 51 153 230
-0.95952039 0.09442048 -0.25841083 -0.95972224 0.09372928 -0.25793799 51 153 230
-0.35117192 0.57389716 -0.73877984 -0.35366993 0.57410798 -0.73742532 51 153 230
-0.04191131 -0.77790597 -0.62349174 -0.04025987 -0.77891837 -0.62234953 51 153 230
-0.05343370 -0.93225112 0.35071160 -0.05440358 -0.93244765 0.35006975 51 153 230
-0.70089456 -0.63792420 -0.31701333 -0.70045419 -0.63869819 -0.31643321 51 153 229
-0.44908047 -0.84688178 -0.27649489 -0.44848563 -0.84737251 -0.27598894 51 153 230
0.61325092 -0.62312512 -0.48150387 0.61453314 -0.62255236 -0.48062234 51 153 230
-0.54891778 0.81722703 0.16024558 -0.54858701 0.81751950 0.15995241 51 153 230
0.62021249 -0.70895696 0.33113252 0.61967312 -0.70971759 0.33052654 51 153 229
0.38455450 0.29848121 0.87246417 0.38828429 0.29837100 0.87086082 51 153 230
-0.38288799 0.05027450 0.92128730 -0.38660551 0.05329408 0.91958977 51 153 230
-0.76809632 -0.62268883 0.13212710 -0.76835478 -0.62243377 0.13188537 51 153 229
0.98562612 -0.14853219 -0.03635280 0.98565365 -0.14843615 -0.03628629 51 153 230
-0.67425690 -0.28213767 0.67911557 -0.67604933 -0.28088125 0.67787102 51 153 229
0.43582762 -0.87847285 -0.18401577 0.43630965 -0.87831274 -0.18367909 51 153 230
-0.21840989 -0.85335162 -0.46862499 -0.21728516 -0.85411913 -0.46776707 51 153 229
-0.01807751 -0.63265499 -0.77191501 -0.01602642 -0.63445650 -0.77049917 51 153 230
0.99607309 0.03747818 0.03745168 0.99608970 0.03737666 0.03738316 51 153 230
-0.86834631 0.46826615 -0.14795291 -0.86858140 0.46793334 -0.14768223 51 153 230
0.28591804 0.81429505 0.50304630 0.28739537 0.81434536 0.50212527 51 153 230
0.83298596 -0.20257631 0.51131802 0.83320344 -0.20406826 0.51038181 51 153 230
0.65197390 0.75123306 -0.08619932 0.65180934 0.75140347 -0.08604162 51 153 230
0.01542257 0.17999589 -0.98244101 0.01372360 0.19091953 -0.98057411 51 153 230
0.86934308 -0.21899120 -0.43797211 0.87002415 -0.21793013 -0.43717038 51 153 230
0.89040803 -0.30769052 0.33045811 0.89031724 -0.30861629 0.32985336 51 153 230
0.75436156 -0.61836573 0.20766332 0.75407058 -0.61886124 0.20728336 51 153 230
-0.36227960 -0.92491267 -0.10164655 -0.36202777 -0.92503272 -0.10146060 51 153 229
0.02943450 -0.95115009 -0.30139688 0.03026487 -0.95130147 -0.30084535 51 153 229
0.20981681 0.72533654 0.65330283 0.21182136 0.72583801 0.65210581 51 153 229
-0.64965750 -0.18402616 0.73619846 -0.65162001 -0.18249069 0.73484870 51 153 230
0.55205614 0.30364573 0.77434458 0.55461667 0.30264117 0.77292424 51 153 230
0.14110406 0.62986614 -0.76160037 0.13943297 0.63193533 -0.76020364 51 153 230
-0.89334900 -0.11042422 0.43061463 -0.89386978 -0.10929967 0.42982640 51 153 230
0.72761466 0.20546731 0.65197379 0.72909212 0.20402980 0.65077922 51 153 230
-0.15704801 0.86905916 -0.46445006 -0.15837789 0.86928145 -0.46359979 51 153 230
0.49413330 0.75360159 0.42864136 0.49532076 0.75327761 0.42785675 51 153 229
0.66720359 0.11020430 -0.73511845 0.66831958 0.11242564 -0.73377069 51 153 230
0.45146892 -0.05918830 -0.88854932 0.45497841 -0.05721974 -0.88691526 51 153 230
0.19684448 0.86018300 -0.46662612 0.19570176 0.86091434 -0.46577187 51 153 230
0.58260585 -0.61181218 0.53123656 0.58198093 -0.61326186 0.53026379 51 153 230
-0.19332470 -0.21041362 0.95714854 -0.19931283 -0.21310342 0.95537447 51 153 230
-0.54780767 -0.60317325 0.57859792 -0.54948794 -0.60266602 0.57753822 51 153 230
-0.44847262 -0.87701746 0.15591926 -0.44887748 -0.87687510 0.15563400 51 153 230
0.87828285 -0.01262531 0.47464481 0.87874061 -0.01393033 0.47377586 51 153 229
0.70063003 -0.41403821 0.57978101 0.70047666 -0.41579006 0.57871914 51 153 229
-0.99280910 -0.04119161 -0.09601899 -0.99281805 -0.04145502 -0.09584333 51 153 230
-0.50642908 -0.85884393 -0.03355412 -0.50635549 -0.85889930 -0.03349273 51 153 230
0.21078173 -0.64791179 0.73092649 0.20932168 -0.64990093 0.72958645 51 153 229
-0.90794981 0.37618989 -0.17218067 -0.90818960 0.37577979 -0.17186565 51 153 230
-0.51723768 0.61372127 -0.59338533 -0.51899899 0.61329632 -0.59229846 51 153 230
0.43617745 -0.89359681 -0.08423522 0.43639332 -0.89351371 -0.08408111 51 153 230
-0.57229076 0.81183609 -0.10489409 -0.57253910 0.81169022 -0.10470219 51 153 230
-0.27154701 -0.29572573 -0.91509538 -0.27229681 -0.30025029 -0.91341028 51 153 230
-0.10216268 0.95201352 0.28097868 -0.10141548 0.95225225 0.28046453 51 153 230
0.48195443 -0.63741938 0.59920717 0.48114825 -0.63906684 0.59810961 51 153 229
-0.82455041 0.52396109 0.19888532 -0.82432626 0.52446331 0.19852144 51 153 230
0.15087770 0.96887154 -0.18427524 0.15039067 0.96901823 -0.18393809 51 153 230
-0.27963493 -0.88833284 0.35840299 -0.28064809 -0.88828645 0.35774706 51 153 229
0.86471002 0.21441550 0.44837680 0.86541386 0.21332850 0.44755600 51 153 230
0.71986821 0.09249844 0.68580444 0.72129393 0.09079759 0.68454759 51 153 229
0.72700942 0.65202396 0.21345269 0.72746431 0.65164595 0.21306215 51 153 229
-0.82692766 -0.55425315 -0.06194111 -0.82684698 -0.55440279 -0.06182779 51 153 230
0.56821383 -0.56959976 0.59193101 0.56762919 -0.57130686 0.59084682 51 153 230
-0.52630211 0.79603643 -0.29218525 -0.52706144 0.79573589 -0.29165059 51 153 230
-0.28473771 0.95519005 0.04377973 -0.28462615 0.95523512 0.04369963 51 153 230
-0.31283296 0.27759875 -0.90760838 -0.31718947 0.27815180 -0.90593794 51 153 230
-0.87291981 -0.31705252 0.36429673 -0.87351400 -0.31620968 0.36363000 51 153 230
0.05434133 -0.42196412 -0.90314090 0.05721425 -0.42514525 -0.90147899 51 153 230
-0.27100077 0.10752498 0.95559204 -0.27549607 0.11207904 0.95382205 51 153 229
0.14390714 0.91774643 0.36326061 0.14492930 0.91785785 0.36259578 51 153 230
-0.86779828 -0.25185601 0.42418771 -0.86847571 -0.25084438 0.42341126 51 153 230
0.67262251 0.68974359 -0.25824682 0.67220937 0.69033200 -0.25777428 51 153 230
-0.91926591 -0.27335394 0.27371817 -0.91962681 -0.27268172 0.27321731 51 153 230
-0.89383259 -0.43054418 0.11265465 -0.89399014 -0.43027808 0.11244855 51 153 230
-0.42396673 0.90182019 -0.04484255 -0.42408276 0.90177878 -0.04476051 51 153 230
0.74516664 0.46685883 0.47173829 0.74624962 0.46601605 0.47087466 51 153 230
-0.08087712 -0.76975687 -0.63103324 -0.07925585 -0.77088229 -0.62987717 51 153 230
0.42745972 0.19357365 -0.88162030 0.42926228 0.19703896 -0.87999947 51 153 230
0.43694974 -0.79856951 -0.41143726 0.43810135 -0.79832839 -0.41068418 51 153 230
0.70496123 -0.09715981 -0.69981790 0.70648455 -0.09544640 -0.69853521 51 153 229
0.12017726 0.86781845 0.47819399 0.12153734 0.86812068 0.47731854 51 153 230
-0.67121684 -0.36561551 -0.64117207 -0.67125415 -0.36762580 -0.63999735 51 153 230
0.93413090 -0.03157819 -0.34879846 0.93441196 -0.03063538 -0.34816012 51 153 230
0.65898976 -0.74810209 -0.03956955 0.65907798 -0.74803875 -0.03949716 51 153 230
-0.90203792 0.06748668 -0.42238005 -0.90248767 0.06636146 -0.42160691 51 153 229
0.94652676 0.23991374 -0.20297890 0.94647446 0.24047277 -0.20260752 51 153 230
0.29819097 -0.18322241 -0.93506395 0.30349690 -0.18349044 -0.93333838 51 153 230
0.35987227 0.92232068 -0.12432850 0.35956809 0.92247606 -0.12410104 51 153 229
-0.04439969 0.43862871 -0.89577778 -0.04717696 0.44173052 -0.89412992 51 153 229
0.59642953 -0.43509627 0.67161726 0.59625222 -0.43724229 0.67038653 51 153 229
0.44681335 0.45265882 -0.76924813 0.44653694 0.45535314 -0.76783723 51 153 230
0.73132009 -0.03213386 0.67927128 0.73239398 -0.03403951 0.67802646 51 153 230
-0.33045620 -0.61117906 0.71673372 -0.33282666 -0.61144852 0.71541984 51 153 230
-0.23394005 0.94688094 -0.21404885 -0.23452982 0.94682517 -0.21365722 51 153 229
0.13338792 -0.88621701 -0.43841891 0.13463145 -0.88643574 -0.43761637 51 153 230
-0.69809378 0.68629248 0.19330031 -0.69777732 0.68672260 0.19294665 51 153 230
0.53089723 -0.59247215 -0.60253055 0.53268299 -0.59199523 -0.60142688 51 153 230
0.33431876 -0.57803890 -0.74251352 0.33684038 -0.57833558 -0.74115207 51 153 230
-0.03432885 0.81615837 -0.57401813 -0.03592730 0.81683417 -0.57296684 51 153 230
-0.27283207 0.85746308 0.43117255 -0.27182292 0.85818452 0.43038330 51 153 230
0.41369255 0.32782265 -0.84749826 0.41424086 0.33118696 -0.84594181 51 153 230
-0.65217975 -0.73371032 0.18306508 -0.65259894 -0.73342706 0.18273015 51 153 230
-0.98625268 0.13688869 -0.05933114 -0.98629031 0.13673026 -0.05922260 51 153 230
-0.70059143 -0.10770480 -0.70248796 -0.70157593 -0.10979080 -0.70120035 51 153 230
-0.19411790 -0.36946922 -0.90701118 -0.19364746 -0.37386157 -0.90534155 51 153 230
0.19610027 0.41765862 0.88517831 0.19960089 0.41949752 0.88355069 51 153 230
0.68523739 -0.66621808 0.28680805 0.68480708 -0.66689405 0.28628323 51 153 230
-0.91852496 0.23994049 -0.31012561 -0.91891833 0.23916578 -0.30955810 51 153 230
-0.67877422 0.64962758 0.33622851 -0.67830209 0.65044847 0.33561319 51 153 229
0.43605570 -0.85328053 -0.27728639 0.43680096 -0.85307443 -0.27677900 51 153 230
0.65396422 0.19024704 -0.72985409 0.65478806 0.19255895 -0.72851603 51 153 230
0.69994149 0.70698362 -0.07228771 0.69981377 0.70713546 -0.07215547 51 153 230
-0.27198363 0.05689030 -0.95933000 -0.27866370 0.05565901 -0.95755021 51 153 230
0.35687933 -0.36156155 0.85950837 0.35710400 -0.36511891 0.85792936 51 153 230
-0.28030609 0.53433025 0.79534173 -0.27927716 0.53704181 0.79388251 51 153 230
-0.27544507 0.69177438 -0.66486931 -0.27753837 0.69211630 -0.66365100 51 153 230
-0.20196011 0.88546948 0.41602176 -0.20092853 0.88606554 0.41526028 51 153 230
0.60062604 0.44161474 -0.66294031 0.60042428 0.44371805 -0.66172553 51 153 229
-0.86466648 -0.44822853 0.21576589 -0.86502204 -0.44774852 0.21537111 51 153 230
0.57720986 -0.64053271 -0.50580480 0.57860380 -0.64000820 -0.50487871 51 153 230
0.09463421 0.87781744 -0.46663788 0.09341164 0.87840867 -0.46578360 51 153 229
0.71453100 -0.68316710 0.13511087 0.71430489 -0.68346215 0.13486368 51 153 230
-0.42717235 0.04311527 0.90137704 -0.43040666 0.04587929 0.89971850 51 153 230
0.15769945 0.96620082 0.19420579 0.15823579 0.96618859 0.19385047 51 153 230
-0.50952507 -0.83219411 0.21051426 -0.51006112 -0.83196670 0.21012910 51 153 230
0.28474447 -0.44290620 -0.84832389 0.28805011 -0.44378310 -0.84676591 51 153 230
0.20748789 0.97615544 -0.02969737 0.20740986 0.97617919 -0.02964304 51 153 230
-0.38209983 0.90983874 -0.14764078 -0.38249080 0.90972755 -0.14737067 51 153 230
-0.26861652 -0.59042196 -0.75825292 -0.26740876 -0.59277176 -0.75686235 51 153 230
0.66930371 0.65947150 0.33553972 0.67010889 0.65897874 0.33492567 51 153 229
0.29697215 -0.02376907 0.95382730 0.30240106 -0.02679209 0.95206193 51 153 230
-0.14663455 0.17351383 0.97291571 -0.14973142 0.18114973 0.97110034 51 153 230
-0.38744223 -0.28275071 0.87637012 -0.39124787 -0.28255789 0.87475931 51 153 229
-0.22229245 0.34919885 -0.90958983 -0.22635266 0.35095727 -0.90791561 51 153 230
-0.96203131 0.08705872 0.25103080 -0.96209564 0.08775412 0.25057148 51 153 230
-0.43634954 -0.71132495 0.54721267 -0.43797228 -0.71111183 0.54621058 51 153 229
-0.71894813 0.24387032 -0.64877032 -0.72048491 0.24251602 -0.64758163 51 153 230
-0.84015791 -0.52506751 -0.11898793 -0.84001086 -0.52535976 -0.11877024 51 153 230
0.24632144 -0.71137908 0.65642225 0.24496710 -0.71295931 0.65521949 51 153 230
0.02614271 -0.52115551 0.85105728 0.02394907 -0.52383302 0.84949413 51 153 230
0.28563133 0.25210783 0.92324474 0.29040643 0.25299187 0.92154323 51 153 230
-0.66677738 -0.13331429 -0.73191983 -0.66780163 -0.13556313 -0.73057796 51 153 229
-0.76909872 -0.11476399 0.62528537 -0.77027458 -0.11321850 0.62413987 51 153 230
0.63675307 -0.03479890 -0.76788680 0.63857517 -0.03280639 -0.76647843 51 153 229
-0.51927136 -0.80814181 -0.26855435 -0.51873436 -0.80866236 -0.26806294 51 153 229
0.29416743 -0.20558899 0.93159206 0.29644879 -0.21022215 0.92987356 51 153 230
-0.81027557 0.58004065 0.05470940 -0.81019839 0.58016954 0.05460932 51 153 230
-0.55872599 0.36381803 -0.74434255 -0.56110718 0.36293755 -0.74297777 51 153 230
-0.26477193 -0.94396623 -0.18479181 -0.26430400 -0.94416966 -0.18445371 51 153 230
-0.24990935 0.81461851 -0.51980615 -0.25144063 0.81476507 -0.51885435 51 153 229
0.12867481 -0.86977392 -0.47178573 0.13001770 -0.87005347 -0.47092202 51 153 230
0.21267626 -0.76632361 -0.60343040 0.21449241 -0.76669187 -0.60232508 51 153 229
0.38396076 -0.21764857 -0.89547330 0.38808847 -0.21718605 -0.89382602 51 153 230
0.88180983 0.31936075 -0.34048811 0.88171251 0.32031543 -0.33986499 51 153 229
0.56033856 0.47062704 -0.67963132 0.56003332 0.47279415 -0.67838584 51 153 230
0.76814055 -0.12058937 0.62532876 0.76879554 -0.12241986 0.62418318 51 153 229
-0.48825307 0.32420056 -0.80961784 -0.49117739 0.32348202 -0.80813217 51 153 229
-0.30390862 0.06060240 0.95065144 -0.30862482 0.06419837 0.94889415 51 153 230
0.33343467 -0.86615803 0.36544931 0.33260307 -0.86677272 0.36478047 51 153 230
-0.07761532 0.24371358 -0.96530305 -0.08222890 0.24954792 -0.96350763 51 153 230
-0.19278201 -0.20137495 -0.95907448 -0.19529421 -0.20764376 -0.95729537 51 153 230
-0.09174506 -0.21870142 0.97025181 -0.09706206 -0.22462373 0.96844343 51 153 230
-0.99420049 0.09763277 0.01302845 -0.99420122 0.09766851 0.01300462 51 153 230
-0.74327225 -0.48610816 0.45425658 -0.74431642 -0.48531138 0.45342500 51 153 230
-0.39776603 0.17180592 0.89990353 -0.39996658 0.17543578 0.89824780 51 153 229
-0.12421328 -0.36718514 0.92020460 -0.12786641 -0.37024755 0.91850907 51 153 230
0.58051995 0.21129674 -0.78411900 0.58151608 0.21393439 -0.78268056 51 153 229
0.69092794 0.39163194 0.60554716 0.69248512 0.39060881 0.60443795 51 153 230
0.72071590 0.54665945 -0.42278940 0.72030732 0.54780217 -0.42201552 51 153 230
0.52233140 0.63829045 0.56180233 0.52396720 0.63786752 0.56077346 51 153 230
0.02543429 0.35107803 -0.93439913 0.02325160 0.35589139 -0.93267491 51 153 230
-0.44383304 0.87215233 -0.19664315 -0.44434682 0.87197569 -0.19628337 51 153 230
0.78145910 0.54674091 0.29538465 0.78206364 0.54617706 0.29484413 51 153 230
-0.95789792 0.25899673 -0.11001197 -0.95799965 0.25871239 -0.10981070 51 153 229
-0.75287864 -0.59775813 0.26463314 -0.75343993 -0.59728133 0.26414891 51 153 230
0.90943206 -0.28641413 -0.29847735 0.90984323 -0.28568647 -0.29793117 51 153 230
0.12241932 0.80332204 0.58057782 0.12410366 0.80383353 0.57951449 51 153 229
0.95336688 -0.29037174 -0.04956652 0.95341791 -0.29024544 -0.04947584 51 153 230
-0.65432161 0.50048400 -0.56379220 -0.65582400 0.49969180 -0.56275968 51 153 230
-0.59675524 0.77103061 0.21558606 -0.59634391 0.77146269 0.21519161 51 153 230
-0.85845349 0.46774300 -0.19619733 -0.85878181 0.46731055 -0.19583836 51 153 230
0.54433970 -0.68356703 -0.48239701 0.54567792 -0.68313143 -0.48151385 51 153 230
0.17523326 0.38870239 -0.90322828 0.17444913 0.39293114 -0.90156620 51 153 230
-0.48376425 -0.45919228 0.74431465 -0.48626607 -0.45875784 0.74294992 51 153 229
0.27159033 0.66027208 -0.69692914 0.27031271 0.66215637 -0.69565177 51 153 230
0.59614619 0.37193919 0.70822005 0.59828655 0.37100445 0.70692187 51 153 230
0.60290571 0.09906502 -0.78955517 0.60441433 0.10149229 -0.78810667 51 153 230
-0.83390759 0.50813579 -0.20658929 -0.83427299 0.50769586 -0.20621131 51 153 230
-0.94966524 -0.11326010 0.28682588 -0.94991860 -0.11249926 0.28630103 51 153 230
0.25831510 -0.52651572 0.80910582 0.25722691 -0.52932175 0.80762108 51 153 230
0.52330573 -0.37299809 0.76437662 0.52346005 -0.37567412 0.76297474 51 153 230
0.95071248 0.27415985 -0.12908099 0.95065256 0.27450927 -0.12884484 51 153 229
0.05559321 -0.74589572 -0.66112481 0.05747730 -0.74683261 -0.65991339 51 153 229
0.13502558 -0.94592495 -0.28705840 0.13582580 -0.94597764 -0.28653312 51 153 230
-0.33795199 -0.74736680 -0.56903842 -0.33683468 -0.74867102 -0.56799627 51 153 230
0.52111195 -0.83271350 -0.17387732 0.52154970 -0.83251752 -0.17355920 51 153 230
-0.73884132 0.66930206 0.04029682 -0.73877498 0.66939062 0.04022310 51 153 230
-0.03691303 0.95467925 0.28827701 -0.03613154 0.95487389 0.28774951 51 153 230
0.81538637 0.44262079 0.36717172 0.81610683 0.44187020 0.36649972 51 153 230
0.51149571 0.28165495 -0.81037047 0.51222509 0.28458824 -0.80888336 51 153 230
-0.50935047 0.83670564 0.18842714 -0.50894945 0.83703737 0.18808239 51 153 229
-0.18935434 0.60696661 0.76947726 -0.18786355 0.60923407 0.76806594 51 153 229
-0.28605705 -0.74354722 0.60106954 -0.28788958 -0.74374043 0.59996854 51 153 230
0.26597493 0.81726238 -0.50944385 0.26482093 0.81822203 -0.50851108 51 153 230
-0.90115233 0.21696122 -0.36941572 -0.90165810 0.21604415 -0.36873962 51 153 230
-0.04120773 0.13085138 -0.98902308 -0.04700479 0.14388887 -0.98709816 51 153 229
0.61830340 0.06005543 0.78175519 0.62031890 0.05810193 0.78032113 51 153 229
-0.17560569 -0.27299112 -0.94484445 -0.17620405 -0.27864960 -0.94309898 51 153 230
-0.74867036 0.42304150 0.50880709 -0.74846873 0.42452597 0.50787549 51 153 230
0.74774321 -0.56459075 0.34381407 0.74736573 -0.56548470 0.34318486 51 153 230
-0.40900192 0.58723267 0.69604069 -0.40815470 0.58934584 0.69476496 51 153 229
-0.70315796 -0.00222456 0.70900088 -0.70448373 -0.00028617 0.70770126 51 153 229
0.15785359 -0.72878378 -0.66581627 0.15986623 -0.72946110 -0.66459624 51 153 230
0.81998668 0.35780022 -0.44169008 0.81987777 0.35906907 -0.44088154 51 153 230
0.77751633 -0.04210482 0.62396039 0.77835061 -0.04385326 0.62281732 51 153 230
0.44360293 -0.78540602 -0.42816945 0.44480881 -0.78515770 -0.42738569 51 153 230
-0.10665472 -0.20298934 -0.97157999 -0.10816852 -0.21134249 -0.96976193 51 153 230
-0.14307453 0.35763987 0.92162547 -0.14227149 0.36237097 0.91992725 51 153 230
0.04085085 -0.69845634 -0.71167819 0.04286427 -0.69968038 -0.71037363 51 153 230
-0.51224074 -0.67470119 -0.52762090 -0.51146385 -0.67605861 -0.52665477 51 153 230
0.45978604 0.86744172 -0.17738932 0.45938903 0.86772802 -0.17706477 51 153 230
0.60553861 0.75047114 0.25464008 0.60616386 0.75013971 0.25417414 51 153 230
0.74163606 -0.41602889 0.52269442 0.74145469 -0.41756597 0.52173733 51 153 230
0.34297372 0.72400461 0.59657572 0.34479812 0.72404135 0.59548300 51 153 229
-0.60049317 -0.26893649 -0.75104601 -0.60109569 -0.27144629 -0.74966881 51 153 230
0.74087490 0.02694929 0.66868643 0.74205058 0.02516406 0.66746109 51 153 230
-0.96868151 -0.11647324 0.20865924 -0.96883754 -0.11591642 0.20827747 51 153 229
0.39088998 -0.70643951 -0.58892230 0.39268077 -0.70634527 -0.58784364 51 153 230
-0.86850249 -0.19755986 0.45046904 -0.86918993 -0.19645236 0.44964441 51 153 230
0.65404034 0.72357852 0.21794017 0.65454445 0.72324530 0.21754142 51 153 229
0.26563359 0.59466214 0.75755493 0.26819124 0.59529646 0.75616569 51 153 230
-0.80274312 -0.59202661 0.03856511 -0.80281267 -0.59194675 0.03849456 51 153 230
0.78646559 0.59865906 0.13622347 0.78672436 0.59838818 0.13597425 51 153 230
-0.19129458 -0.41415630 -0.88819613 -0.19044551 -0.41808810 -0.88656275 51 153 230
0.25924579 -0.96093082 0.06389273 0.25908200 -0.96099375 0.06377584 51 153 230
0.90975151 -0.19744221 0.35936244 0.90979830 -0.19845838 0.35870475 51 153 230
-0.35777432 -0.78234052 0.50653752 -0.35926469 -0.78226820 0.50561007 51 153 230
0.74720030 -0.49474927 -0.43853293 0.74819621 -0.49397244 -0.43773018 51 153 229
-0.26801088 -0.91137371 0.30775916 -0.26887107 -0.91131281 0.30719598 51 153 230
-0.04160477 0.35294891 -0.93280152 -0.04460770 0.35720054 -0.93108056 51 153 230
-0.11499453 -0.11669191 -0.98470281 -0.12192854 -0.12691469 -0.98281240 51 153 230
0.71502891 0.68904322 -0.09892951 0.71485842 0.68925482 -0.09874852 51 153 229
-0.86574873 0.38426607 0.31874902 -0.86557566 0.38514488 0.31816572 51 153 229
-0.25923746 -0.79699691 0.54298332 -0.26085424 -0.79715513 0.54198899 51 153 230
-0.12862270 0.12461760 -0.98246849 -0.13805344 0.13023195 -0.98060135 51 153 229
0.41896766 0.74965979 0.50929380 0.42045735 0.74946523 0.50836130 51 153 230
0.42922942 -0.27194930 0.85858136 0.43027582 -0.27536489 0.85700395 51 153 230
0.77323196 -0.45006061 -0.44301926 0.77419485 -0.44921757 -0.44220828 51 153 230
0.63694415 0.71929702 0.27131792 0.63759718 0.71891349 0.27082145 51 153 229
0.40759288 0.64781478 -0.64048148 0.40664104 0.64958436 -0.63930804 51 153 229
-0.28595326 0.19375840 -0.93683788 -0.29129831 0.19432555 -0.93510870 51 153 230
-0.27441360 -0.83920191 0.46582589 -0.27576744 -0.83923944 0.46497310 51 153 230
0.50594164 0.05507996 0.85963594 0.50883879 0.05303410 0.85805682 51 153 230
0.00654519 -0.25607770 0.96514965 0.00416842 -0.26308926 0.96335462 51 153 230
0.06369958 0.79799100 0.59727870 0.06539177 0.79867777 0.59618469 51 153 230
-0.17056880 -0.53194543 -0.82763091 -0.16911058 -0.53479313 -0.82611158 51 153 230
-0.80537895 -0.26628795 0.52702079 -0.80640705 -0.26510772 0.52605576 51 153 230
0.03631092 0.66796728 -0.74159873 0.03436550 0.66957627 -0.74023900 51 153 230
0.77821873 0.59187088 -0.20025971 0.77794953 0.59235468 -0.19989331 51 153 230
0.11149270 -0.12599309 0.98412466 0.11731495 -0.13624230 0.98224291 51 153 229
-0.26246263 -0.20041878 -0.94209031 -0.26498662 -0.20549469 -0.94034955 51 153 229
0.63430394 0.45249277 0.62425358 0.63604895 0.45163799 0.62310997 51 153 230
0.43611965 0.89646856 -0.03526705 0.43603666 0.89651840 -0.03520253 51 153 230
-0.77063107 0.33966257 -0.53649597 -0.77180256 0.33857232 -0.53551355 51 153 230
-0.59720817 0.14476890 -0.78684060 -0.59952054 0.14312028 -0.78539712 51 153 229
-0.74425028 -0.10193748 -0.65811567 -0.74505570 -0.10386270 -0.65690980 51 153 229
-0.84326509 0.44381316 0.29422496 -0.84303993 0.44460555 0.29368656 51 153 229
-0.12207526 -0.95214451 -0.27194859 -0.12135654 -0.95238623 -0.27145097 51 153 230
0.74594537 -0.65010971 -0.13186157 0.74621067 -0.64986203 -0.13162033 51 153 230
-0.82355533 -0.02100836 -0.56370279 -0.82422813 -0.02256749 -0.56267043 51 153 230
0.69874689 0.71173479 0.02423535 0.69879937 0.71169378 0.02419101 51 153 230
0.11630925 -0.27242780 0.95423788 0.11619964 -0.27867175 0.95247143 51 153 230
-0.61347009 -0.53680499 0.57750046 -0.61507677 -0.53611220 0.57644278 51 153 230
0.48003507 -0.22331094 0.84665908 0.48133172 -0.22646032 0.84510420 51 153 230
-0.85549898 0.47906787 0.18932158 -0.85530701 0.47955469 0.18897519 51 153 230
0.19759565 -0.24576570 -0.94846061 0.20288928 -0.24822601 -0.94670778 51 153 230
0.45850876 -0.20680120 -0.86324805 0.46194851 -0.20576155 -0.86166214 51 153 229
0.96133357 -0.15395411 -0.21996555 0.96152199 -0.15337503 -0.21956309 51 153 230
-0.65239614 -0.62178703 -0.42869166 -0.65186167 -0.62289681 -0.42790695 51 153 229
-0.54317741 0.69742310 -0.46267176 -0.54445256 0.69700430 -0.46182475 51 153 229
0.64128320 0.69251616 0.32627214 0.64208138 0.69206296 0.32567506 51 153 229
-0.76651858 -0.62628845 -0.12555698 -0.76632914 -0.62657663 -0.12532728 51 153 229
0.36651978 0.26109182 -0.89128660 0.36778332 0.26496962 -0.88964732 51 153 229
-0.24725030 -0.11578120 -0.96041899 -0.25197628 -0.12077761 -0.95863635 51 153 230
-0.73661792 0.56819089 0.36045821 -0.73622569 0.56913250 0.35979852 51 153 230
0.69285554 -0.54422762 0.46834901 0.69243391 -0.54552073 0.46749160 51 153 230
0.75321388 0.59544479 -0.27025368 0.75286952 0.59611495 -0.26975917 51 153 229
0.62314069 -0.05848808 0.77769349 0.62472038 -0.06076839 0.77626696 51 153 230
0.43977895 0.82846188 0.34014545 0.44070933 0.82823553 0.33952296 51 153 230
-0.53109328 0.29651873 0.79172295 -0.53169809 0.29932893 0.79027043 51 153 230
-0.03243861 -0.99690454 -0.02662623 -0.03236592 -0.99691213 -0.02657752 51 153 230
-0.38082375 -0.91703391 0.10510457 -0.38109834 -0.91694533 0.10491228 51 153 229
-0.58656787 0.10079074 0.80242143 -0.58814806 0.10328826 0.80094910 51 153 230
0.87909410 0.45405299 0.12818347 0.87928730 0.45375838 0.12794896 51 153 230
0.44788113 -0.86600799 -0.20993328 0.44843268 -0.86582590 -0.20954917 51 153 229
-0.01353204 0.21052519 -0.97706444 -0.01672453 0.21858399 -0.97523821 51 153 229
0.56860018 -0.66015880 0.48814354 0.56791833 -0.66141247 0.48724984 51 153 230
0.74521186 0.10557591 -0.65623740 0.74600213 0.10749816 -0.65503499 51 153 230
0.83645941 0.18152322 -0.51426342 0.83671893 0.18302167 -0.51332179 51 153 230
0.59203683 0.77129171 0.22245606 0.59257908 0.77099823 0.22204903 51 153 230
0.96619885 -0.10970743 0.22787463 0.96622908 -0.11033920 0.22745769 51 153 229
-0.75556803 -0.26140079 0.59798548 -0.75688180 -0.26012289 0.59689015 51 153 230
-0.49318028 0.66110131 -0.56275532 -0.49483881 0.66074997 -0.56172470 51 153 230
0.22173433 0.79710131 -0.55783766 0.22045664 0.79818319 -0.55681607 51 153 230
-0.20749780 -0.96502886 0.14545416 -0.20789652 -0.96499078 0.14518804 51 153 230
-0.31256339 -0.94575827 -0.07022751 -0.31238506 -0.94583188 -0.07009903 51 153 230
0.19806826 0.96427950 0.16627708 0.19852591 0.96424369 0.16597286 51 153 230
-0.28517666 0.89340792 0.33971926 -0.28436379 0.89391219 0.33909755 51 153 230
-0.43357721 0.88986818 0.12555589 -0.43328296 0.89004881 0.12532619 51 153 230
0.29399353 0.92850712 0.21851187 0.29459154 0.92841349 0.21811207 51 153 229
0.31170599 0.70344885 -0.63660188 0.31050466 0.70504442 -0.63543556 51 153 229
-0.04896817 0.42715090 0.90088631 -0.04695772 0.43088560 0.89922871 51 153 230
-0.69545552 0.58099885 -0.41889912 -0.69646430 0.58034834 -0.41813237 51 153 230
-0.91577319 0.39471212 -0.04259867 -0.91582815 0.39460875 -0.04252073 51 153 230
0.50682948 0.68347260 -0.52053735 0.50604454 0.68479569 -0.51958421 51 153 230
-0.61986646 0.68025183 -0.38840040 -0.62085767 0.67976014 -0.38768952 51 153 230
-0.83283663 -0.11838544 0.53632668 -0.83367000 -0.11702357 0.53534457 51 153 230
-0.49123071 0.48285037 -0.72255085 -0.49360889 0.48242392 -0.72122625 51 153 230
0.73090762 0.67816022 0.04333756 0.73099612 0.67808074 0.04325827 51 153 229
-0.82725615 -0.52343317 -0.18849090 -0.82704416 -0.52390904 -0.18814603 51 153 230
0.02973629 -0.06654589 -0.99601476 0.03639079 -0.07677839 -0.99457916 51 153 230
-0.28039761 -0.34789913 0.89244929 -0.28435107 -0.34894959 0.89080779 51 153 230
-0.07990625 0.66840524 -0.73867613 -0.08208888 0.66963889 -0.73732181 51 153 229
-0.05419786 0.91252174 -0.40200405 -0.05531537 0.91277947 -0.40126826 51 153 229
-0.35125806 0.93293169 -0.03407101 -0.35134881 0.93290868 -0.03400868 51 153 230
0.42820026 -0.20221336 -0.87928237 0.43195482 -0.20135663 -0.87766600 51 153 229
0.05273586 -0.99075529 0.11062597 0.05243493 -0.99079604 0.11042358 51 153 230
0.39562907 -0.86927876 0.29260422 0.39496850 -0.86976273 0.29206879 51 153 230
0.72240026 -0.62483620 -0.29078153 0.72304832 -0.62434558 -0.29024944 51 153 230
0.95875010 0.27117018 -0.04517055 0.95872785 0.27129215 -0.04508791 51 153 229
0.48453222 -0.32116533 -0.81272215 0.48749231 -0.32046118 -0.81123069 51 153 230
0.57733001 -0.80584600 -0.12117133 0.57761796 -0.80567868 -0.12094965 51 153 230
0.20145517 0.40957377 -0.88787884 0.20068915 0.41351718 -0.88624607 51 153 230
-0.44325116 -0.85198547 0.26892929 -0.44397066 -0.85177540 0.26843720 51 153 230
-0.57125561 0.16565783 -0.80278426 -0.57377285 0.16410465 -0.80131126 51 153 229
-0.09650367 -0.81118020 -0.57447857 -0.09503032 -0.81210291 -0.57342644 51 153 230
0.55255658 0.78602478 0.27012573 0.55324504 0.78571854 0.26963145 51 153 230
0.29584309 0.62713447 -0.71823341 0.29465305 0.62921267 -0.71691678 51 153 230
-0.44469388 0.63618936 -0.62755074 -0.44663746 0.63597627 -0.62640107 51 153 229
0.52073705 -0.51994257 0.67406643 0.52024403 -0.52205064 0.67283118 51 153 230
-0.52029937 0.53023217 -0.66664198 -0.52237180 0.52974263 -0.66542040 51 153 230
0.28430680 -0.34562664 0.89238346 0.28450278 -0.34972558 0.89074208 51 153 229
-0.42526123 0.47360340 -0.76952248 -0.42797830 0.47347292 -0.76811107 51 153 229
-0.84282259 0.53011591 0.05841523 -0.84275221 0.53026021 0.05830836 51 153 230
0.26696322 0.96161596 -0.01308243 0.26692989 0.96162942 -0.01305849 51 153 230
-0.94016485 0.28941228 -0.16853674 -0.94035818 0.28898918 -0.16822839 51 153 229
-0.76206400 0.56961539 -0.30509207 -0.76270845 0.56905373 -0.30453378 51 153 230
-0.91653906 -0.27980840 -0.27603959 -0.91646593 -0.28057446 -0.27553448 51 153 230
-0.70577276 0.69724943 0.11130880 -0.70557640 0.69748357 0.11110517 51 153 230
0.89261124 0.44624299 0.01370036 0.89263229 0.44621178 0.01367530 51 153 230
0.79752169 0.55763347 -0.22375790 0.79725354 0.55819210 -0.22334850 51 153 230
0.27077695 0.37035611 0.88685766 0.27460854 0.37149930 0.88522683 51 153 229
-0.34802920 0.61876229 0.70149445 -0.34698829 0.62081749 0.70020867 51 153 230
0.37623674 0.20505773 0.90198036 0.38048415 0.20458340 0.90032066 51 153 229
-0.86701704 0.20232821 -0.45075184 -0.86771117 0.20122413 -0.44992669 51 153 230
0.82404051 0.35710293 0.43534426 0.82487433 0.35616666 0.43454736 51 153 230
-0.60781128 0.29045711 -0.73748058 -0.61001711 0.28927629 -0.73612844 51 153 230
-0.12853423 0.04116096 -0.98917125 -0.14272378 0.04294509 -0.98724503 51 153 230
0.82401879 0.26614800 0.49878305 0.82493739 0.26500882 0.49786985 51 153 230
-0.52580906 -0.37240814 0.76280915 -0.52837355 -0.37166913 0.76141017 51 153 230
0.45267022 0.44812519 0.76848939 0.45536354 0.44783232 0.76707990 51 153 230
-0.98963834 -0.12015962 0.04544063 -0.98966455 -0.12003768 0.04535750 51 153 230
-0.99638212 -0.05171604 -0.01731716 -0.99638544 -0.05176351 -0.01728548 51 153 230
0.04626743 0.53761778 0.83996026 0.04875482 0.53983294 0.83841791 51 153 230
0.73052631 0.67091192 0.11839012 0.73076788 0.67069416 0.11817352 51 153 230
-0.83226734 -0.51710753 0.18822298 -0.83259882 -0.51670715 0.18787861 51 153 230
-0.39468963 -0.11980619 0.91044849 -0.39893652 -0.11849971 0.90877263 51 153 230
-0.57553742 -0.73281388 0.35610949 -0.57646197 -0.73241571 0.35545776 51 153 229
-0.44333691 0.74227629 -0.50018439 -0.44478561 0.74203195 -0.49926860 51 153 230
-0.59078743 0.43573422 -0.67562572 -0.59280962 0.43493017 -0.67438758 51 153 230
-0.16214304 0.97022638 0.16467295 -0.16171013 0.97036216 0.16437167 51 153 229
0.82668678 0.22696222 0.51168555 0.82759888 0.22576170 0.51074867 51 153 229
0.80359007 -0.59077834 0.04459463 0.80352513 -0.59088227 0.04451304 51 153 230
-0.19862085 -0.92407584 0.32403651 -0.19953249 -0.92409048 0.32344352 51 153 229
0.51062058 0.74037647 -0.43239793 0.50986719 0.74136707 -0.43160642 51 153 230
-0.81055482 0.40586082 0.41818825 -0.81036087 0.40704284 0.41742279 51 153 230
-0.71988137 -0.48027055 0.49905889 -0.72107582 -0.47942500 0.49814518 51 153 230
-0.11507659 0.12015413 0.98450442 -0.12136541 0.13041827 0.98261933 51 153 230
-0.70346976 -0.34895565 0.61584299 -0.70501837 -0.34785105 0.61471484 51 153 229
0.30383913 -0.79262951 -0.52462376 0.30539173 -0.79267871 -0.52366313 51 153 230
0.36410057 -0.72873220 0.57710147 0.36302369 -0.73010927 0.57604451 51 153 229
0.42316578 0.78148537 -0.45365172 0.42228078 0.78245581 -0.45282126 51 153 229
-0.51757079 0.19538121 0.83068513 -0.51892291 0.19831490 0.82916010 51 153 230
0.94744505 -0.10931589 0.29445381 0.94752125 -0.11013641 0.29391499 51 153 229
-0.03982842 -0.55937188 -0.82611333 -0.03774175 -0.56177414 -0.82459685 51 153 230
-0.20228569 0.41487215 -0.88522895 -0.20583075 0.41664541 -0.88360123 51 153 230
0.92469343 0.37332965 -0.02989286 0.92467118 0.37340863 -0.02983817 51 153 230
0.61257806 0.25106657 -0.74829278 0.61323575 0.25354619 -0.74692069 51 153 230
-0.66574827 0.27591712 0.69087737 -0.66615897 0.27812542 0.68961116 51 153 230
0.19921288 -0.83171666 -0.51389632 0.20071302 -0.83194446 -0.51295537 51 153 230
0.18894193 0.26044249 0.94589024 0.19406531 0.26310907 0.94414233 51 153 230
-0.33888955 -0.77717850 -0.52643287 -0.33781303 -0.77830857 -0.52546892 51 153 230
0.53303639 -0.47062494 -0.70083861 0.53526206 -0.47003143 -0.69955403 51 153 230
0.36486580 0.12355724 -0.92127919 0.36791163 0.12723924 -0.91958168 51 153 230
0.79418285 -0.02336069 -0.60459203 0.79508109 -0.02173682 -0.60348457 51 153 230
0.86195478 0.36890891 -0.34130722 0.86180494 0.36985878 -0.34068260 51 153 230
0.37429210 -0.25597089 0.88925114 0.37560453 -0.25978453 0.88761574 51 153 230
0.88861363 -0.33221956 0.31118977 0.88849188 -0.33308316 0.31062031 51 153 229
-0.31862770 0.83072277 0.45107587 -0.31763401 0.83156556 0.45025012 51 153 230
-0.22053833 -0.28343480 0.93165786 -0.22532028 -0.28543899 0.92993922 51 153 230
-0.36475132 0.66231973 0.65231485 -0.36369060 0.66408812 0.65111965 51 153 230
0.30444338 -0.95039662 0.03479730 0.30435471 -0.95043244 0.03473364 51 153 230
0.69316410 -0.34191583 0.63115004 0.69325163 -0.34388518 0.62999375 51 153 229
0.83596124 0.50575078 -0.20505407 0.83574043 0.50627347 -0.20467889 51 153 230
-0.61921298 -0.03683398 0.78194556 -0.62115467 -0.03481091 0.78051115 51 153 230
0.52057400 -0.85001689 -0.03301536 0.52065609 -0.84997837 -0.03295497 51 153 230
0.89069206 0.34496332 0.28832147 0.89113174 0.34428857 0.28779388 51 153 229
-0.35029750 0.57378319 0.73935245 -0.34934373 0.57610567 0.73799688 51 153 229
0.36467651 0.91940787 0.13063604 0.36502211 0.91930950 0.13039704 51 153 230
-0.27119688 0.75244394 0.59679984 -0.26994351 0.75377044 0.59570669 51 153 230
0.49741785 -0.29325562 0.81521212 0.49810968 -0.29624134 0.81371600 51 153 230
-0.00595288 -0.31099107 -0.95017898 -0.00345364 -0.31634710 -0.94842266 51 153 230
-0.19570675 0.83985552 0.50454541 -0.19448475 0.84069561 0.50362163 51 153 229
-0.80570666 -0.08951128 0.58488409 -0.80664990 -0.08800326 0.58381285 51 153 230
0.22113276 -0.06540945 0.97194366 0.22779035 -0.07007880 0.97013084 51 153 230
-0.35919293 -0.65196121 -0.66684848 -0.35812032 -0.65379772 -0.66562655 51 153 230
0.51946666 -0.14246575 -0.84045283 0.52241373 -0.14091142 -0.83890955 51 153 229
-0.84024203 0.13435656 -0.52146941 -0.84104979 0.13304188 -0.52051457 51 153 230
-0.28420055 0.43138839 0.85405111 -0.28369600 0.43485418 0.85248231 51 153 230
0.05672404 0.92624661 -0.36590466 0.05574359 0.92658117 -0.36523498 51 153 230
-0.25667302 0.92520921 -0.27029164 -0.25742421 0.92515379 -0.26979705 51 153 229
-0.03688050 -0.74823416 -0.66012110 -0.03512710 -0.74938639 -0.65891154 51 153 229
-0.56307887 0.10795093 -0.81797687 -0.56560634 0.10616132 -0.81647559 51 153 229
0.27873276 0.87987146 -0.38133232 0.27782593 0.88046683 -0.38063439 51 153 229
-0.47240163 0.53179962 0.70016256 -0.47181799 0.53402129 0.69887923 51 153 230
-0.49307763 -0.27259242 -0.82445005 -0.49394731 -0.27563092 -0.82293668 51 153 229
-0.36112584 -0.72792095 0.58044116 -0.36288573 -0.72789685 0.57937808 51 153 230
0.40519654 0.87169620 -0.26799397 0.40459230 0.87213591 -0.26750359 51 153 230
-0.28683279 0.93933528 -0.17289129 -0.28730330 0.93925849 -0.17257498 51 153 230
-0.64057499 -0.20649243 -0.73916085 -0.64136679 -0.20887646 -0.73780563 51 153 230
-0.44080488 -0.34510488 -0.82672362 -0.44119265 -0.34826918 -0.82520599 51 153 230
0.05647829 -0.81720363 -0.57062109 0.05808529 -0.81782592 -0.56957603 51 153 230
0.19579577 -0.16635215 0.96493998 0.19942878 -0.17277409 0.96314551 51 153 229
0.45078742 -0.85354483 0.25141188 0.45024056 -0.85397993 0.25095185 51 153 230
0.46505064 -0.87476329 0.12103356 0.46477297 -0.87494634 0.12081213 51 153 230
0.42899017 0.89509317 -0.10925636 0.42873124 0.89524450 -0.10905648 51 153 229
0.59126011 0.44814987 0.66749888 0.59324197 0.44736465 0.66627573 51 153 230
-0.74887571 0.31370212 0.58175396 -0.74896558 0.31546599 0.58068847 51 153 229
-0.92363268 0.08398002 0.36899301 -0.92381512 0.08501080 0.36831768 51 153 230
0.96727932 -0.24555423 -0.01443256 0.96729418 -0.24551746 -0.01440616 51 153 230
-0.35200920 -0.93301555 -0.02743172 -0.35194227 -0.93305016 -0.02738153 51 153 230
-0.13811132 0.76890269 -0.62100836 -0.13994275 0.76950092 -0.61987071 51 153 230
0.02791845 0.99207193 0.10794032 0.02821450 0.99208877 0.10774285 51 153 230
-0.52015101 0.37228755 -0.76623125 -0.52274423 0.37157682 -0.76482594 51 153 230
-0.11881457 -0.30385845 -0.94426735 -0.11828047 -0.30950212 -0.94252306 51 153 230
-0.80645523 0.17703596 -0.56174441 -0.80747376 0.17568401 -0.56071564 51 153 230
-0.66212018 0.69420428 -0.27421235 -0.66276580 0.69379343 -0.27371059 51 153 230
-0.31697836 -0.50502632 -0.80154882 -0.31617149 -0.50786281 -0.80007811 51 153 230
0.14760543 -0.13130869 -0.97977812 0.15632786 -0.13548459 -0.97793468 51 153 230
-0.81159487 0.12474811 -0.56741660 -0.81254415 0.12332413 -0.56637742 51 153 230
0.29388016 0.42967712 0.85222182 0.29725082 0.43048832 0.85065654 51 153 230
-0.43384487 -0.73341501 0.51966309 -0.43536798 -0.73319803 0.51871155 51 153 230
-0.96757890 0.21113764 0.12384454 -0.96754045 0.21147630 0.12361797 51 153 230
0.03691664 -0.58160579 0.81177356 0.03483140 -0.58380847 0.81028387 51 153 229
0.36704622 0.24435597 0.89582156 0.37120024 0.24422161 0.89417362 51 153 229
0.30981814 0.35804840 0.87933412 0.31360143 0.35878059 0.87771765 51 153 230
0.76380076 0.53674780 0.35295240 0.76456180 0.53610201 0.35230645 51 153 229
-0.47222902 0.86634366 -0.14785974 -0.47260743 0.86619381 -0.14758923 51 153 230
0.04846910 -0.04632289 0.99645963 0.05527875 -0.05524970 0.99518428 51 153 230
-0.34661190 0.12442040 -0.92783482 -0.35155326 0.12355416 -0.92612396 51 153 230
-0.71182692 -0.29380955 -0.63486065 -0.71206044 -0.29578152 -0.63369754 51 153 230
0.16004827 0.73955120 -0.65225265 0.15851981 0.74093941 -0.65105756 51 153 230
-0.88942980 -0.41836185 -0.17242413 -0.88928674 -0.41881571 -0.17210867 51 153 229
-0.02427636 -0.96198884 0.26346882 -0.02499994 -0.96211156 0.26298673 51 153 230
-0.87492905 -0.18240763 -0.44525938 -0.87508358 -0.18368598 -0.44444429 51 153 230
-0.13529469 0.81145167 0.56509066 -0.13389151 0.81241431 0.56405576 51 153 229
0.68457492 0.71483597 0.12745360 0.68485121 0.71462040 0.12722042 51 153 230
-0.29669668 -0.39285953 -0.86965483 -0.29649128 -0.39654056 -0.86805684 51 153 230
-0.35548922 0.02841387 -0.93238793 -0.36021909 0.02623434 -0.93066781 51 153 230
-0.10516394 -0.46992167 0.87522875 -0.10813649 -0.47226525 0.87362012 51 153 230
-0.82538031 -0.06246804 0.55754673 -0.82619127 -0.06100356 0.55652567 51 153 230
0.85516453 -0.50915301 0.06143454 0.85509257 -0.50930559 0.06132215 51 153 230
-0.19989224 -0.81519875 0.53845289 -0.20147204 -0.81547511 0.53746688 51 153 230
0.74010432 0.45112016 0.49671020 0.74125665 0.45022984 0.49580079 51 153 229
-0.45198472 0.88667064 0.06503066 -0.45183471 0.88676750 0.06491169 51 153 229
0.28517633 0.92140326 0.25646061 0.28588575 0.92132180 0.25599134 51 153 230
0.56791007 0.10162557 0.81562651 0.57038480 0.09980330 0.81412962 51 153 230
-0.10824901 -0.99138173 -0.03967083 -0.10814218 -0.99140299 -0.03959825 51 153 230
-0.87762114 0.34960617 0.32241394 -0.87748612 0.35050111 0.32182393 51 153 230
0.96603391 -0.18980065 0.16349852 0.96600307 -0.19025060 0.16319939 51 153 230
-0.97555047 -0.21105977 -0.02784019 -0.97554047 -0.21113559 -0.02778926 51 153 229
-0.87261898 0.45808654 0.15310232 -0.87247318 0.45848187 0.15282221 51 153 230
-0.19554047 0.05665817 0.97723959 -0.20371218 0.06180896 0.97539770 51 153 230
-0.75023372 0.50220010 0.42537563 -0.74989659 0.50337352 0.42459700 51 153 230
-0.28784628 -0.02620323 -0.95636123 -0.29354814 -0.02927223 -0.95458922 51 153 230
0.21861058 0.93195841 -0.28274409 0.21789328 0.93228897 -0.28222671 51 153 230
0.61509069 -0.72808726 -0.29718486 0.61582308 -0.72769380 -0.29664105 51 153 229
-0.10384815 -0.29767182 0.94798044 -0.10799863 -0.30182027 0.94622803 51 153 230
0.86412496 0.28751125 0.41024072 0.86479979 0.28655186 0.40948984 51 153 230
-0.56355290 -0.04009528 0.82338906 -0.56592019 -0.03801188 0.82187767 51 153 230
0.97583937 -0.16768936 -0.12413662 0.97593002 -0.16736050 -0.12390951 51 153 230
0.29466193 0.40892890 -0.86313170 0.29432690 0.41251107 -0.86154601 51 153 230
-0.11702345 -0.77281324 0.62031149 -0.11883802 -0.77345554 0.61917513 51 153 230
0.12526587 0.98285638 -0.11472586 0.12495878 0.98292762 -0.11451597 51 153 230
0.60991675 0.76533573 -0.19650898 0.60954315 0.76572971 -0.19614945 51 153 230
0.71107980 -0.11127367 0.69155545 0.71199849 -0.11332872 0.69028799 51 153 230
-0.37851226 -0.88197026 0.27391301 -0.37926017 -0.88181187 0.27341180 51 153 229
-0.08801590 -0.57822212 0.81038766 -0.09051649 -0.57991356 0.80890056 51 153 230
-0.94380142 -0.30575449 -0.11431828 -0.94373091 -0.30606092 -0.11410914 51 153 230
0.04288603 0.10808280 0.99170885 0.05004625 0.12067415 0.98988075 51 153 229
0.40915427 -0.62433060 -0.66361492 0.41126403 -0.62423861 -0.66239894 51 153 230
0.31105102 -0.94154683 0.11913850 0.31075069 -0.94167823 0.11892054 51 153 230
-0.51203715 -0.84622247 -0.13020510 -0.51175378 -0.84644053 -0.12996689 51 153 230
0.59107750 0.03142885 -0.80501718 0.59295831 0.03373339 -0.80354004 51 153 230
-0.02528443 -0.99147052 0.11195505 -0.02559142 -0.99149097 0.11175024 51 153 230
-0.90418393 -0.41943922 -0.04803521 -0.90413876 -0.41956324 -0.04794734 51 153 230
-0.84755022 -0.51302862 0.11608566 -0.84774015 -0.51277226 0.11587328 51 153 230
0.90958913 0.21479042 0.34962254 0.91004948 0.21391696 0.34898269 51 153 230
0.78032506 0.29803546 -0.54554385 0.78041417 0.29966214 -0.54454482 51 153 230
0.36246454 -0.82727264 -0.42463142 0.36367641 -0.82714816 -0.42385415 51 153 230
-0.11731921 -0.73675601 -0.66350289 -0.11569948 -0.73811229 -0.66228710 51 153 230
-0.34234773 0.27491911 0.89676563 -0.34348649 0.27893472 0.89511589 51 153 230
0.75410488 -0.59705134 -0.26404753 0.75466311 -0.59657270 -0.26356437 51 153 230
-0.70759872 0.55103953 0.43740634 -0.70717822 0.55222728 0.43660565 51 153 230
0.04632062 0.89350410 0.44130566 0.04754628 0.89384658 0.44049783 51 153 230
-0.55752784 0.40904941 -0.72062390 -0.55981117 0.40827595 -0.71930286 51 153 230
-0.44003788 0.77708980 -0.44612195 -0.44130505 0.77684824 -0.44530529 51 153 230
0.81287679 0.08743074 0.57446588 0.81378210 0.08594442 0.57341377 51 153 230
-0.90592151 -0.01950671 0.41936819 -0.90630285 -0.01836537 0.41860057 51 153 230
0.73879621 0.12025505 0.66095816 0.74013944 0.11864074 0.65974707 51 153 229
0.13768624 -0.57490010 -0.80538270 0.14029466 -0.57634604 -0.80390486 51 153 230
0.34103968 0.54151587 0.76607375 0.34371140 0.54183335 0.76466873 51 153 230
0.96915110 0.09262351 -0.22337100 0.96919113 0.09324126 -0.22296231 51 153 230
-0.20559724 0.97536426 -0.04047457 -0.20570768 0.97535199 -0.04040053 51 153 229
-0.12958447 0.98664290 -0.07379960 -0.12978716 0.98663582 -0.07366459 51 153 230
-0.65198825 -0.35852975 0.66652680 -0.65382200 -0.35745780 0.66530546 51 153 230
-0.24107281 0.96808146 -0.02179032 -0.24113211 0.96807312 -0.02175046 51 153 230
-0.52966817 0.82464063 -0.18722033 -0.53013764 0.82442437 -0.18687779 51 153 230
0.05544702 0.71649474 0.69287484 0.05742474 0.71758138 0.69160494 51 153 230
-0.50896602 -0.08911102 0.85446905 -0.51193729 -0.08726822 0.85289954 51 153 230
0.42854828 0.89994058 0.04241358 0.42865782 0.89990072 0.04233599 51 153 230
-0.77621313 -0.19374630 0.59721740 -0.77740254 -0.19235797 0.59612349 51 153 230
-0.21178037 -0.85597067 0.46702530 -0.21312883 -0.85611464 0.46617031 51 153 230
0.83660759 -0.53151219 0.11485523 0.83646395 -0.53179309 0.11464511 51 153 230
0.81967981 -0.56854241 -0.02931533 0.81973162 -0.56848071 -0.02926170 51 153 230
-0.42737984 -0.17243321 0.88568272 -0.43121156 -0.17138792 0.88405413 51 153 230
-0.50193603 -0.84436616 -0.17812097 -0.50154954 -0.84467058 -0.17779508 51 153 229
0.81585809 0.50427067 -0.27490210 0.81559393 0.50499034 -0.27439908 51 153 230
0.00850715 -0.89128514 -0.44954996 0.00974214 -0.89169516 -0.44872701 51 153 230
-0.64458277 0.75606911 -0.09801029 -0.64480052 0.75591110 -0.09783099 51 153 230
0.88838209 0.37783107 -0.25286391 0.88823001 0.37851796 -0.25240123 51 153 230
-0.90021755 0.38316850 0.20200838 -0.90007203 0.38370795 0.20163879 51 153 230
0.68265338 0.69690641 0.20790642 0.68312180 0.69657248 0.20752602 51 153 230
-0.09294039 0.19820926 -0.97440520 -0.09893710 0.20454876 -0.97258094 51 153 230
0.46444573 -0.11977363 0.87551042 0.46668743 -0.12281924 0.87390126 51 153 229
0.52652168 0.43120179 0.73079321 0.52890102 0.43057092 0.72945342 51 153 230
0.89821326 -0.40073473 0.17299627 0.89807536 -0.40119240 0.17267976 51 153 230
0.13180720 0.13742313 -0.98066360 0.13673863 0.14614696 -0.97881236 51 153 230
-0.94819671 0.14288811 -0.27492527 -0.94845985 0.14216823 -0.27442220 51 153 230
-0.42198492 -0.51425159 0.74496316 -0.42452938 -0.51414271 0.74359721 51 153 230
-0.35991950 -0.92910131 0.04308937 -0.36003279 -0.92906737 0.04301055 51 153 230
0.73415780 -0.12139557 -0.66612065 0.73553098 -0.11977418 -0.66490005 51 153 230
0.11239586 -0.77495308 0.61856570 0.11085314 -0.77608922 0.61743255 51 153 229
0.00947546 -0.87806612 -0.47539415 0.01078159 -0.87852936 -0.47452382 51 153 230
-0.84680245 0.38011255 -0.36755180 -0.84746319 0.37930573 -0.36687911 51 153 230
0.25922658 -0.51301586 -0.81648983 0.26217820 -0.51391949 -0.81499129 51 153 229
0.87423756 -0.29492051 -0.38177783 0.87484992 -0.29402358 -0.38107908 51 153 230
0.29178649 0.18453103 0.93679745 0.29713765 0.18493664 0.93506836 51 153 230
-0.73450645 0.64931335 0.19123463 -0.73421281 0.64975308 0.19088475 51 153 230
-0.19671237 -0.70520740 -0.67917980 -0.19523461 -0.70681965 -0.67793515 51 153 229
-0.13032850 0.92499523 -0.34939357 -0.13130814 0.92510725 -0.34875415 51 153 230
-0.04816769 -0.28623660 0.95597902 -0.05167545 -0.29163629 0.95420802 51 153 230
-0.59807915 -0.66734428 -0.43854318 -0.59745401 -0.66844212 -0.43774041 51 153 230
-0.99600073 0.04400231 0.03230832 -0.99600692 0.04409089 0.03224922 51 153 229
-0.12819719 0.60945411 -0.78061501 -0.13066241 0.61078196 -0.77918306 51 153 229
-0.59048640 0.80461357 0.03290700 -0.59041806 0.80467271 0.03284680 51 153 230
0.50328515 -0.85482052 -0.11248403 0.50356508 -0.85468941 -0.11227824 51 153 229
0.42214884 0.89883009 0.10510456 0.42241952 0.89872943 0.10491228 51 153 230
0.49589915 -0.40475836 0.76593494 0.49589526 -0.40744413 0.76453018 51 153 230
-0.47566462 0.60554358 0.63473503 -0.47490189 0.60737520 0.63357215 51 153 230
-0.76205608 -0.45628322 0.45522033 -0.76306874 -0.45543808 0.45438698 51 153 230
0.66422307 0.65920676 -0.34539983 0.66372696 0.66004580 -0.34476771 51 153 229
-0.41218729 -0.81328385 -0.40721511 -0.41134392 -0.81408479 -0.40646977 51 153 229
0.66104659 0.56696388 0.48881139 0.66230091 0.56627866 0.48791647 51 153 229
-0.37327611 0.88099643 0.28473251 -0.37262190 0.88144912 0.28421149 51 153 230
0.92744891 -0.34753784 0.12039519 0.92736423 -0.34785760 0.12017493 51 153 230
-0.96522288 0.25062095 -0.02733024 -0.96525014 0.25055101 -0.02728024 51 153 229
0.02660607 0.59369270 -0.80310410 0.02450165 0.59577472 -0.80163051 51 153 230
-0.42777248 -0.23460613 0.87197347 -0.43143142 -0.23389356 0.87037106 51 153 229
-0.55821683 -0.74042440 -0.36911555 -0.55757627 -0.74125249 -0.36844000 51 153 230
0.11664503 0.53758564 -0.83299985 0.11492324 0.54034676 -0.83147050 51 153 230
-0.21036392 0.68634071 -0.69352802 -0.21253707 0.68696754 -0.69225693 51 153 230
-0.77361843 0.12309119 0.61815429 -0.77424286 0.12490074 0.61702190 51 153 230
0.02591061 0.99703841 0.03059986 0.02599450 0.99704428 0.03054388 51 153 230
0.99779762 -0.01314387 -0.02888003 0.99780593 -0.01306503 -0.02882720 51 153 230
-0.68997177 -0.36881049 -0.61947499 -0.68997452 -0.37072997 -0.61834017 51 153 230
0.88326425 0.08074658 -0.45786159 0.88358811 0.08203443 -0.45702341 51 153 230
0.52637346 -0.83855710 0.12235779 0.52610913 -0.83876478 0.12213394 51 153 230
0.12978104 0.59831765 0.78808366 0.13228350 0.59967976 0.78663788 51 153 230
-0.04938329 -0.88033413 -0.46683818 -0.04813756 -0.88086769 -0.46598354 51 153 230
-0.39210520 0.78773391 0.47042307 -0.39116367 0.78872577 0.46956186 51 153 229
0.84220431 -0.29378075 -0.44750964 0.84300250 -0.29276292 -0.44669043 51 153 229
-0.74896345 0.65952102 -0.02634396 -0.74901580 0.65947103 -0.02629576 51 153 230
-0.69818532 0.37533670 0.60685510 -0.69815496 0.37720291 0.60574348 51 153 230
0.25011350 0.96639325 -0.00823896 0.25009251 0.96640174 -0.00822388 51 153 230
0.21387900 0.95249518 0.21149034 0.21446318 0.95245330 0.21110339 51 153 230
0.48389931 0.81908763 -0.30624398 0.48326855 0.81966974 -0.30568358 51 153 230
0.76879895 0.37799066 -0.51213506 0.76868760 0.37949670 -0.51119735 51 153 229
-0.37489576 0.69351153 -0.61225228 -0.37678294 0.69349429 -0.61113073 51 153 230
0.66078577 -0.34213032 -0.66585546 0.66259381 -0.34101670 -0.66463534 51 153 230
0.43612020 -0.68414560 -0.58233085 0.43787443 -0.68393396 -0.58126430 51 153 230
0.28189614 0.05939989 0.95648204 0.28825532 0.05809985 0.95470972 51 153 230
0.87764505 -0.47530779 -0.01637199 0.87767021 -0.47527049 -0.01634204 51 153 230
-0.43810383 -0.64306656 0.62485682 -0.44003616 -0.64287622 0.62371210 51 153 230
-0.63319993 -0.76831292 0.05832744 -0.63333347 -0.76822455 0.05822074 51 153 229
0.95479522 -0.03602482 0.28801791 0.95492905 -0.03681837 0.28749088 51 153 230
-0.82135428 -0.01521839 0.56755936 -0.82210508 -0.01367865 0.56651993 51 153 230
0.73601719 -0.67503545 -0.01652104 0.73605159 -0.67500591 -0.01649081 51 153 230
-0.20928593 0.05162677 -0.97560704 -0.21805018 0.05110154 -0.97378083 51 153 230
0.04486866 -0.59440381 -0.80175321 0.04720404 -0.59620812 -0.80028212 51 153 230
0.81983945 -0.34297903 0.45389355 0.81975999 -0.34429060 0.45306264 51 153 230
0.79612214 0.26620829 0.53896418 0.79719854 0.26501748 0.53797723 51 153 229
-0.02133368 -0.77550063 0.62779384 -0.02307313 -0.77639414 0.62664372 51 153 230
0.65203666 0.50153795 -0.56550760 0.65166777 0.50320090 -0.56447193 51 153 230
0.35348861 -0.03928149 -0.93276675 0.35829078 -0.03720218 -0.93104586 51 153 230
-0.23201582 0.42978331 -0.87165933 -0.23546350 0.43117388 -0.87005752 51 153 230
-0.02402212 -0.56925793 0.82023121 -0.02635317 -0.57133341 0.81872571 51 153 230
-0.34186075 -0.18538601 0.91960951 -0.34659405 -0.18511676 0.91791521 51 153 230
-0.78851051 -0.54914310 -0.26928266 -0.78820854 -0.54983055 -0.26878992 51 153 230
0.20599490 0.69444687 -0.68673053 0.20454031 0.69612953 -0.68547197 51 153 229
-0.47157824 0.88044949 0.00097936 -0.47157601 0.88045099 0.00097757 51 153 230
0.73694255 0.53030183 0.41606901 0.73789377 0.52958407 0.41530744 51 153 230
0.57760278 -0.52425125 -0.62337413 0.57943195 -0.52360526 -0.62223214 51 153 230
-0.71539331 0.69602841 -0.00978513 -0.71541492 0.69601227 -0.00976722 51 153 229
-0.88735240 0.41668641 0.18879209 -0.88719718 0.41718449 0.18844667 51 153 230
0.19291803 0.82622004 -0.52568992 0.19165777 0.82713536 -0.52472733 51 153 229
0.04210497 -0.70248686 0.70758195 0.04025558 -0.70391414 0.70628494 51 153 229
-0.69564941 0.05810755 0.71354018 -0.69682919 0.06016192 0.71223219 51 153 229
-0.41318537 -0.12832933 -0.89975549 -0.41577126 -0.13167159 -0.89810004 51 153 230
-0.67527301 0.21363791 0.70258450 -0.67592444 0.21585022 0.70129671 51 153 230
0.22955308 -0.92794490 0.28602342 0.22883299 -0.92829102 0.28550004 51 153 230
0.61416166 0.77884706 0.10909096 0.61441243 0.77868309 0.10889138 51 153 230
-0.70884465 -0.59850585 -0.36699567 -0.70840724 -0.59944898 -0.36632401 51 153 230
0.94727255 -0.12341333 -0.28818077 0.94753754 -0.12265322 -0.28765344 51 153 230
-0.89666548 0.19604074 0.39280712 -0.89673976 0.19715711 0.39208817 51 153 230
0.63289789 -0.75557210 -0.15304402 0.63325281 -0.75534518 -0.15276402 51 153 230
0.38948536 -0.60834280 0.68866822 0.38856012 -0.61037768 0.68740608 51 153 230
-0.75724206 0.61892028 0.19786679 -0.75696057 0.61938905 0.19750477 51 153 230
-0.88180215 0.43647362 -0.16340651 -0.88205352 0.43610011 -0.16310754 51 153 230
0.35948472 -0.66031764 -0.65706928 0.36156583 -0.66038423 -0.65586533 51 153 230
-0.80765421 -0.35985540 -0.46278413 -0.80755084 -0.36119506 -0.46193692 51 153 230
0.78673243 0.53282457 -0.30807049 0.78641016 0.53362512 -0.30750675 51 153 229
-0.37678192 0.33958458 -0.86069097 -0.38033985 0.33962610 -0.85910987 51 153 229
0.89104093 0.44668977 -0.03655885 0.89100656 0.44678419 -0.03649196 51 153 230
-0.21985973 0.96834518 -0.10231182 -0.22013844 0.96830744 -0.10212464 51 153 230
0.68101736 -0.52083424 -0.51055184 0.68231093 -0.52006971 -0.50961703 51 153 230
0.38589274 0.88152302 0.26599802 0.38661653 0.88135931 0.26551129 51 153 230
-0.43151252 0.10526188 -0.89398685 -0.43532848 0.10371094 -0.89234241 51 153 230
-0.98466678 -0.09423664 -0.13556930 -0.98467135 -0.09460979 -0.13532128 51 153 230
-0.36443961 -0.81839276 -0.43951939 -0.36350567 -0.81924946 -0.43871482 51 153 230
0.62461691 -0.12537396 -0.76810417 0.62669875 -0.12364478 -0.76669539 51 153 230
0.78008963 -0.50299486 0.36527096 0.77977893 -0.50398098 0.36460245 51 153 230
-0.65567379 0.15197925 -0.73863337 -0.65757444 0.15034369 -0.73727912 51 153 230
-0.31244419 0.63499143 -0.70367612 -0.31473663 0.63530712 -0.70238631 51 153 230
0.03679517 0.03786379 -0.99695382 0.04189434 0.04508684 -0.99585650 51 153 230
-0.50331746 -0.78617822 0.35149193 -0.50426170 -0.78587395 0.35084866 51 153 229
0.97666559 -0.20125801 -0.02920285 0.97668917 -0.20118136 -0.02914943 51 153 230
-0.69626998 -0.26553289 -0.66341508 -0.69664791 -0.26761365 -0.66219943 51 153 230
0.12259970 -0.51239133 -0.84760701 0.12544112 -0.51428786 -0.84605035 51 153 229
-0.77844449 0.04242795 0.62279329 -0.77926626 0.04418056 0.62165236 51 153 230
-0.22282066 0.80023255 -0.55274033 -0.22445685 0.80048664 -0.55172809 51 153 230
0.01927756 -0.42838598 0.90188645 0.01698871 -0.43199418 0.90022693 51 153 230
-0.89293246 -0.06205513 -0.44080918 -0.89325715 -0.06328243 -0.44000226 51 153 230
0.12413500 0.89579421 -0.42267326 0.12304073 0.89631561 -0.42189958 51 153 230
-0.82100975 0.43428125 -0.36397770 -0.82171318 0.43352812 -0.36331156 51 153 230
-0.57754053 0.73733606 0.34365315 -0.57694927 0.73810337 0.34302424 51 153 229
0.11129800 0.05952276 -0.99096101 0.12325044 0.06941044 -0.98901902 51 153 230
-0.74413232 0.42969126 -0.51037757 -0.74531409 0.42875794 -0.50944308 51 153 230
0.86417703 0.48822261 0.11415838 0.86435345 0.48796303 0.11394953 51 153 230
0.21829560 -0.56163535 0.79638146 0.21697266 -0.56422599 0.79492032 51 153 229
-0.89311217 0.27210852 0.35079304 -0.89306996 0.27309830 0.35015105 51 153 230
0.29825660 0.95307646 0.01593318 0.29829968 0.95306895 0.01590403 51 153 230
-0.36914643 -0.27660171 -0.88559916 -0.37022371 -0.28042940 -0.88397074 51 153 230
0.33039381 -0.80409954 0.49163646 0.32934401 -0.80508324 0.49073636 51 153 230
-0.62591192 0.71682707 -0.30443793 -0.62665760 0.71641309 -0.30388084 51 153 230
0.57928229 0.03639023 0.81318554 0.58150316 0.03430494 0.81169321 51 153 229
-0.27197591 0.13621803 -0.95107941 -0.27803069 0.13643356 -0.94931978 51 153 229
-0.06860678 0.39799358 0.91444998 -0.06678438 0.40214682 0.91276637 51 153 230
-0.18783141 -0.59989855 -0.77505364 -0.18634737 -0.60221462 -0.77363199 51 153 230
-0.12140071 0.83088061 0.53852723 -0.12003870 0.83172765 0.53754108 51 153 230
0.59538667 -0.80028528 0.03825459 0.59530836 -0.80035525 0.03818461 51 153 229
-0.27843041 -0.43727885 -0.85291921 -0.27786090 -0.44070764 -0.85135259 51 153 230
-0.81987028 0.35019503 0.44769057 -0.81977430 0.35148517 0.44687103 51 153 230
0.51203716 0.42723185 -0.74309804 0.51190467 0.42976352 -0.74173552 51 153 230
-0.60123609 0.60529998 -0.51709070 -0.60264866 0.60471741 -0.51614389 51 153 230
-0.57124972 -0.81528712 0.07160145 -0.57141899 -0.81518716 0.07147046 51 153 229
-0.73687375 0.51663780 -0.43161198 -0.73786646 0.51589206 -0.43082192 51 153 230
0.96669967 -0.15878406 -0.19001792 0.96685591 -0.15828313 -0.18967026 51 153 230
-0.32687822 -0.80598119 -0.49066010 -0.32582587 -0.80695716 -0.48976179 51 153 230
0.52544301 0.61511206 0.58655847 0.52716792 0.61465822 0.58548416 51 153 230
0.11243828 -0.97651263 -0.17426271 0.11291949 -0.97652059 -0.17394388 51 153 230
-0.06883621 -0.03268328 -0.99587261 -0.07937071 -0.03988500 -0.99438580 51 153 230
-0.51188917 0.85432140 0.05894695 -0.51175810 0.85441628 0.05883911 51 153 230
-0.19102822 0.82813420 -0.52336772 -0.19255721 0.82839313 -0.52240940 51 153 230
0.85255562 -0.28268744 0.43438811 0.85255432 -0.28393698 0.43359296 51 153 229
-0.28095781 -0.43068073 0.85592579 -0.28434672 -0.43160512 0.85435355 51 153 230
0.32733835 0.69314237 -0.63935780 0.32617853 0.69477916 -0.63818642 51 153 230
0.03697549 0.50098568 -0.86253524 0.03481739 0.50387244 -0.86095055 51 153 230
0.27031348 -0.74867624 0.60246952 0.26904813 -0.75002425 0.60136596 51 153 229
0.96454722 0.01781787 0.25518403 0.96469148 0.01712254 0.25471710 51 153 230
0.01122771 -0.60945679 0.79099124 0.00910025 -0.61138673 0.78954007 51 153 229
0.12908204 0.70083728 -0.69889608 0.12743459 0.70242872 -0.69761509 51 153 230
0.15409674 -0.56917527 0.80655113 0.15249612 -0.57169966 0.80507113 51 153 230
-0.97555372 0.03388223 -0.21004162 -0.97565801 0.03331062 -0.20965733 51 153 230
0.89225148 0.43145762 0.11767022 0.89241995 0.43118197 0.11745494 51 153 230
0.75436033 0.50092728 -0.42011862 0.75402577 0.50208354 -0.41934963 51 153 230
-0.60216984 -0.65377314 0.45431209 -0.60337746 -0.65324847 0.45348041 51 153 230
-0.09386533 0.47659816 -0.87311781 -0.09675162 0.47898097 -0.87151321 51 153 230
-0.27201115 0.93876544 0.19896816 -0.27151223 0.93899662 0.19860412 51 153 229
0.93320388 -0.31685454 -0.15755803 0.93339266 -0.31646323 -0.15726977 51 153 230
0.66583847 0.03976557 0.74311862 0.66747310 0.03783362 0.74175607 51 153 229
-0.31007274 0.83550536 -0.44832619 -0.31136767 0.83547438 -0.44750549 51 153 229
0.91371242 -0.11920655 -0.38373437 0.91414304 -0.11820385 -0.38303204 51 153 229
0.13451331 0.45717487 0.87725511 0.13765065 0.45934883 0.87564261 51 153 230
-0.29021740 0.34048142 -0.89253128 -0.29420397 0.34142888 -0.89088963 51 153 230
0.75844725 -0.45864827 0.45863705 0.75817738 -0.45995053 0.45779745 51 153 230
0.54398603 0.08580514 -0.83260214 0.54593896 0.08839897 -0.83107353 51 153 229
-0.49527931 0.65782992 0.56456262 -0.49447443 0.65932941 0.56352868 51 153 230
-0.21957622 0.40573122 0.88547521 -0.21896083 0.40965340 0.88384702 51 153 230
0.97271319 -0.08670931 -0.20834108 0.97284965 -0.08614886 -0.20795989 51 153 229
-0.44645958 0.23528438 0.86257849 -0.44774420 0.23862789 0.86099387 51 153 229
0.24406908 0.96356674 -0.09029760 0.24383415 0.96364564 -0.09013240 51 153 230
0.50517487 0.81613229 0.27220227 0.50588611 0.81586705 0.27170418 51 153 230
-0.38288244 0.19646231 0.90040102 -0.38490532 0.20023789 0.89874405 51 153 230
0.53296801 0.19577634 -0.82125955 0.53424439 0.19863317 -0.81975213 51 153 230
-0.34765565 -0.52020635 0.77731768 -0.35040487 -0.52051548 0.77589184 51 153 229
0.97533896 0.04067639 0.20687862 0.97544755 0.04011463 0.20650011 51 153 230
-0.98452198 0.12008916 0.11026967 -0.98451573 0.12039251 0.11006794 51 153 230
0.68630866 0.21325998 0.69283840 0.68804730 0.21181809 0.69156857 51 153 230
-0.94493255 0.26131300 0.18540107 -0.94486503 0.26182034 0.18506186 51 153 230
-0.62872615 -0.54246728 -0.55372381 -0.62825467 -0.54406027 -0.55270976 51 153 230
-0.09700651 -0.84900506 0.51713290 -0.09847944 -0.84941698 0.51618602 51 153 230
-0.22261851 -0.43840625 0.86927335 -0.22601294 -0.43986440 0.86767597 51 153 229
0.96963752 0.20237852 -0.11834157 0.96960379 0.20270214 -0.11812507 51 153 229
0.53307264 -0.37754262 -0.75508359 0.53558188 -0.37678949 -0.75369889 51 153 229
-0.49947534 -0.03208504 -0.86417927 -0.50205674 -0.03462226 -0.86259153 51 153 230
0.22490829 -0.69575814 -0.68041434 0.22703581 -0.69629513 -0.67916741 51 153 229
-0.21356437 -0.35720342 0.90756229 -0.21758244 -0.35907795 0.90589160 51 153 230
0.82313276 0.56590267 0.00152145 0.82313545 0.56589947 0.00151867 51 153 229
0.23682546 0.89647734 0.36778387 0.23786664 0.89649018 0.36711076 51 153 230
-0.49165161 0.42194593 -0.75984063 -0.49425003 0.42143903 -0.75844715 51 153 230
-0.52609631 -0.67073186 0.51927296 -0.52757385 -0.67031547 0.51832215 51 153 229
-0.99681092 0.02564049 -0.03521073 -0.99682400 0.02554474 -0.03514631 51 153 229
0.99011349 0.12251539 0.02943214 0.99012964 0.12243622 0.02937830 51 153 230
-0.08438669 0.88813333 -0.44793107 -0.08564691 0.88843422 -0.44711109 51 153 230
-0.20256670 -0.65302899 -0.72722309 -0.20109229 -0.65497398 -0.72588988 51 153 230
0.04619146 -0.93533195 0.34367451 0.04526610 -0.93561799 0.34304556 51 153 230
-0.65371095 -0.67012734 -0.34464637 -0.65320683 -0.67095759 -0.34401563 51 153 230
-0.67564662 0.66413154 0.31524363 -0.67517962 0.66488216 0.31466675 51 153 230
0.05012269 0.66374681 0.74444945 0.05226662 0.66511346 0.74308445 51 153 230
0.25414343 -0.07052646 -0.96309219 0.26129742 -0.06987153 -0.96130256 51 153 229
0.85188222 -0.40829649 -0.32299367 0.85245067 -0.40759000 -0.32240259 51 153 230
-0.56498784 0.43291342 0.69977973 -0.56483467 0.43520379 0.69849711 51 153 230
0.69687915 0.57364221 -0.42582351 0.69642863 0.57477794 -0.42504406 51 153 229
-0.77231609 -0.29872641 0.55669143 -0.77351283 -0.29756155 0.55567194 51 153 230
-0.29574531 -0.94767303 -0.11113427 -0.29546222 -0.94778790 -0.11093095 51 153 230
0.44442630 0.85161760 0.26862179 0.44514460 0.85140777 0.26813027 51 153 230
-0.59139173 0.60582953 0.52818007 -0.59078540 0.60727446 0.52721292 51 153 230
-0.44646617 0.19292805 -0.87284377 -0.45006169 0.19187889 -0.87123970 51 153 230
-0.40719669 0.74353294 0.52695751 -0.40622362 0.74475697 0.52599259 51 153 229
-0.34369982 -0.69523373 -0.62786817 -0.34258424 -0.69683776 -0.62671791 51 153 230
0.11674160 -0.02274531 -0.99183983 0.13229044 -0.02341591 -0.98991495 51 153 230
0.13001335 0.98821158 0.04183652 0.13012808 0.98820570 0.04175998 51 153 229
-0.12407675 0.57532990 -0.80700939 -0.12665399 0.57685323 -0.80552852 51 153 230
-0.27192670 0.33822979 0.89879412 -0.27217304 0.34243104 0.89714051 51 153 229
-0.80765076 -0.57651213 -0.10855613 -0.80750168 -0.57677062 -0.10835753 51 153 230
0.97961023 0.18635168 -0.02472081 0.97960467 0.18641930 -0.02467559 51 153 229
-0.12484125 0.85122291 -0.50534848 -0.12628733 0.85156811 -0.50442321 51 153 230
0.05128079 -0.12195341 0.98971954 0.05376229 -0.13614622 0.98783265 51 153 230
-0.27555677 -0.27170662 0.92032514 -0.28021440 -0.27280321 0.91862929 51 153 230
-0.11595199 0.98992248 0.04567492 -0.11582937 0.98994860 0.04559136 51 153 230
0.51103235 0.52787465 0.67585838 0.51315582 0.52741059 0.67461984 51 153 230
0.12839349 0.19863687 0.97001856 0.13461575 0.20347329 0.96821078 51 153 230
-0.29580841 -0.93156298 0.20828087 -0.29637727 -0.93146967 0.20789979 51 153 230
0.37092991 0.06637082 -0.92484803 0.37465441 0.06958414 -0.92314325 51 153 229
0.90478248 -0.05256921 -0.41808556 0.90520495 -0.05144836 -0.41732029 51 153 230
-0.28210287 0.45207698 -0.84415551 -0.28536576 0.45294963 -0.84260531 51 153 230
0.03093005 0.93705701 0.34126418 0.03187015 0.93726090 0.34063964 51 153 230
-0.08733994 -0.57401479 -0.81275677 -0.08546147 -0.57641435 -0.81126521 51 153 230
-0.88689542 -0.19705310 -0.41475415 -0.88698860 -0.19823685 -0.41399499 51 153 230
0.13373450 0.07840465 0.98651628 0.14623011 0.08269530 0.98461346 51 153 230
0.97355434 0.04101243 -0.21461283 0.97362198 0.04160266 -0.21422016 51 153 230
0.12554136 -0.51604717 0.84502350 0.12390203 -0.51900248 0.84347168 51 153 230
0.23080939 0.04106425 0.97096614 0.23875095 0.03989609 0.96915588 51 153 229
0.39744920 0.90017394 -0.16990926 0.39704702 0.90041591 -0.16959839 51 153 230
-0.84112344 -0.45279670 -0.28936417 -0.84089323 -0.45357197 -0.28883467 51 153 229
0.38559142 0.48106362 -0.78506519 0.38508102 0.48384116 -0.78362500 51 153 230
-0.56253046 0.81025754 0.15032642 -0.56222091 0.81053281 0.15005139 51 153 229
0.62747423 0.03253865 -0.77549659 0.62913118 0.03474147 -0.77407412 51 153 230
0.59139225 0.26481011 0.75905191 0.59374137 0.26358342 0.75765986 51 153 229
0.61811467 0.15198110 0.76895162 0.62028440 0.15036242 0.76754127 51 153 230
-0.13970562 -0.98648421 0.04654177 -0.13983330 -0.98647800 0.04645662 51 153 230
0.45240064 0.29992939 -0.83776759 0.45314649 0.30314548 -0.83622933 51 153 230
-0.98261885 0.13418407 -0.11023443 -0.98268866 0.13388960 -0.11003276 51 153 230
-0.12311916 -0.74378846 0.65456050 -0.12505424 -0.74452664 0.65336117 51 153 230
-0.12332626 0.47525780 0.87027649 -0.12173863 0.47859310 0.86867731 51 153 230
-0.86523656 0.30531999 0.39397679 -0.86517429 0.30644058 0.39325570 51 153 230
-0.21274679 -0.76981226 -0.59842212 -0.21139209 -0.77104625 -0.59732599 51 153 230
0.86402975 -0.20485994 0.45501637 0.86416702 -0.20617030 0.45418340 51 153 229
-0.29419959 -0.37848783 0.87611074 -0.29789248 -0.37936081 0.87450043 51 153 230
-0.04156849 -0.43129946 0.89934530 -0.04432182 -0.43450640 0.89769058 51 153 230
-0.77382540 -0.33678758 0.53344086 -0.77498070 -0.33569708 0.53246405 51 153 230
-0.33032967 -0.36449483 -0.87006644 -0.33046324 -0.36818785 -0.86846766 51 153 229
-0.91939652 -0.35538604 0.15175299 -0.91959398 -0.35501778 0.15147535 51 153 229
0.84445366 0.43823673 -0.30297807 0.84422935 0.43905456 -0.30242365 51 153 230
0.05268728 0.21072880 0.97484807 0.05719876 0.21827308 0.97302206 51 153 230
-0.94057652 -0.26137156 -0.20516937 -0.94050956 -0.26193496 -0.20479398 51 153 230
-0.77397884 0.59404993 -0.21096524 -0.77439921 0.59364433 -0.21057925 51 153 230
-0.00289732 0.99492938 -0.09385583 -0.00315463 0.99494738 -0.09368413 51 153 230
-0.54531827 -0.82622741 0.12491646 -0.54562255 -0.82606891 0.12468792 51 153 230
0.43177716 -0.82482061 -0.35808558 0.43276484 -0.82459703 -0.35743023 51 153 230
0.87819477 0.47222436 -0.03308922 0.87815863 0.47230769 -0.03302869 51 153 230
0.51713192 -0.81573441 -0.24911183 0.51777464 -0.81547757 -0.24865601 51 153 230
0.04242366 -0.59998181 -0.79734000 0.04473349 -0.60176422 -0.79587708 51 153 230
0.99020659 -0.05298746 0.11034173 0.99021870 -0.05329021 0.11013987 51 153 230
0.22705574 -0.08977745 -0.96834829 0.23478928 -0.09012389 -0.96654489 51 153 229
0.02149830 -0.85372538 0.51684388 0.02010011 -0.85433935 0.51589753 51 153 230
0.84498742 -0.10927576 -0.51977804 0.84575054 -0.10794180 -0.51882630 51 153 230
-0.03227830 0.98925333 0.12711233 -0.03193257 0.98930192 0.12687978 51 153 230
-0.43237852 -0.18673885 -0.88068591 -0.43423178 -0.19015186 -0.87906686 51 153 230
0.38356849 -0.11695681 -0.91562496 0.38796789 -0.11567864 -0.91393895 51 153 229
-0.05563095 0.99383878 -0.06193206 -0.05580084 0.99384493 -0.06181876 51 153 230
0.11414597 0.94328793 -0.30672579 0.11333427 0.94356826 -0.30616451 51 153 230
0.33438626 -0.88206768 0.32581337 0.33362842 -0.88258075 0.32521713 51 153 230
-0.39885711 0.06343723 -0.91443299 -0.40298530 0.06156193 -0.91274941 51 153 230
-0.96637364 -0.07006625 -0.23814855 -0.96644379 -0.07072278 -0.23771280 51 153 230
-0.99026456 0.03225686 -0.11865818 -0.99030650 0.03193353 -0.11844109 51 153 230
-0.36126365 0.84815592 -0.38327535 -0.36234508 0.84801708 -0.38257386 51 153 230
0.88206302 0.06270560 -0.46207475 0.88242328 0.06399651 -0.46122884 51 153 230
-0.28685189 0.30096931 0.90839429 -0.28757792 0.30530881 0.90672232 51 153 230
0.30047009 -0.94556974 -0.10921080 0.30076345 -0.94550781 -0.10901100 51 153 230
-0.78620540 0.43115548 0.43772771 -0.78598098 0.43239579 0.43692643 51 153 230
0.27161456 -0.85623220 -0.43514077 0.27286759 -0.85624643 -0.43434423 51 153 230
-0.89301482 0.35442681 -0.26744597 -0.89341867 0.35380032 -0.26695659 51 153 230
0.61054588 -0.63415703 -0.46993218 0.61179556 -0.63360647 -0.46907187 51 153 229
-0.42506168 0.43866935 0.78954896 -0.42482122 0.44151830 0.78810047 51 153 230
-0.90045500 -0.10693467 -0.41726200 -0.90067286 -0.10810959 -0.41649824 51 153 229
-0.67461777 0.51091025 0.52896226 -0.67423328 0.51243270 0.52799367 51 153 229
0.20610947 0.53109750 0.82026356 0.20898019 0.53231662 0.81875800 51 153 230
0.25258657 -0.96473755 -0.02656698 0.25265887 -0.96472738 -0.02651837 51 153 230
-0.70270762 0.46642417 -0.53309939 -0.70403433 0.46555837 -0.53212321 51 153 230
0.69852624 0.12069478 -0.70249566 0.69946796 0.12280247 -0.70120803 51 153 230
0.97517264 0.15439526 -0.14144855 0.97515867 0.15478397 -0.14118977 51 153 230
-0.18585698 0.97953855 0.03967244 -0.18575218 0.97956860 0.03959986 51 153 230
0.10333894 0.28058516 0.95257387 0.10774900 0.28509523 0.95080979 51 153 230
0.04990251 0.86613359 -0.49363249 0.04858504 0.86672866 -0.49272872 51 153 230
-0.56639616 -0.15867337 0.80805636 -0.56894161 -0.15708964 0.80657360 51 153 230
0.36145292 0.92873676 -0.03909230 0.36135806 0.92878720 -0.03902078 51 153 230
-0.33083571 0.62752994 -0.70197245 -0.33312782 0.62777418 -0.70068579 51 153 229
-0.73891132 0.66555881 0.08588850 -0.73876823 0.66574636 0.08573137 51 153 230
-0.36469068 0.76935075 -0.52025523 -0.36622586 0.76927413 -0.51930262 51 153 230
0.61949346 -0.47954141 0.61831205 0.61917358 -0.48142960 0.61717936 51 153 230
0.18284957 -0.94362002 -0.26845618 0.18359812 -0.94362172 -0.26796495 51 153 230
-0.01766871 -0.12022832 0.99150906 -0.02266080 -0.13477683 0.98960820 51 153 230
0.11803738 0.95381119 0.26819689 0.11878337 0.95386369 0.26770614 51 153 230
-0.67388574 -0.51254953 0.52863931 -0.67524739 -0.51176896 0.52767131 51 153 229
0.28242660 -0.67462804 -0.67891969 0.28458859 -0.67498264 -0.67767549 51 153 230
0.45881590 -0.58276895 0.66874276 0.45806355 -0.58476870 0.66751733 51 153 230
0.19321420 -0.54427323 -0.81474640 0.19601843 -0.54552438 -0.81325111 51 153 229
-0.90843086 0.30385551 -0.27766082 -0.90881716 0.30318372 -0.27715274 51 153 230
-0.37247851 0.30378261 0.87555028 -0.37325622 0.30748811 0.87394104 51 153 230
-0.45059193 0.67830787 0.57747879 -0.44969379 0.67980908 0.57642114 51 153 230
-0.42716996 -0.90075434 0.04051579 -0.42727459 -0.90071626 0.04044167 51 153 230
-0.02749083 -0.12413828 -0.99090624 -0.02822779 -0.13965921 -0.98896472 51 153 230
-0.34014573 0.92787238 0.13625509 -0.33980921 0.92803777 0.13600581 51 153 230
-0.19827998 0.60654007 -0.76670718 -0.20080025 0.60749249 -0.76530098 51 153 229
-0.34519563 -0.04435532 -0.93568989 -0.34951658 -0.04747628 -0.93396305 51 153 230
0.92671358 0.03079602 0.36822802 0.92702298 0.02979961 0.36755409 51 153 230
0.74522728 0.57970289 -0.32410526 0.74484637 0.58053003 -0.32351215 51 153 230
0.52708412 -0.82095454 0.21016632 0.52664764 -0.82133853 0.20978179 51 153 229
0.66311037 -0.52633527 0.52817422 0.66269283 -0.52784516 0.52720708 51 153 230
-0.71636630 0.30134601 0.62628031 -0.71656420 0.30328526 0.62513297 51 153 230
-0.13531130 -0.92226581 -0.35512406 -0.13438877 -0.92266052 -0.35447414 51 153 230
0.81986113 -0.29219424 -0.48939265 0.82078666 -0.29110252 -0.48849666 51 153 230
0.19386121 0.16278335 0.96594600 0.20089617 0.16535576 0.96414889 51 153 230
-0.73348468 0.64655626 -0.20236592 -0.73391321 0.64619540 -0.20199566 51 153 230
0.58605767 0.71667573 -0.37155564 0.58545218 0.71753707 -0.37087562 51 153 229
-0.67679078 -0.73147870 0.05201520 -0.67690360 -0.73139094 0.05192004 51 153 230
-0.51386776 0.51925749 0.68008650 -0.51336496 0.52139396 0.67884017 51 153 230
0.59959300 -0.35921245 0.71281472 0.59974405 -0.36157380 0.71150807 51 153 230
0.92311924 0.37580999 0.04098955 0.92317212 0.37571053 0.04091456 51 153 230
0.35526358 0.91145218 0.19248752 0.35578257 0.91133608 0.19213534 51 153 230
0.43469453 0.27987255 0.85441699 0.43813847 0.27931983 0.85284761 51 153 230
-0.60640006 -0.69192847 0.38833027 -0.60739978 -0.69145557 0.38761952 51 153 230
0.93801898 0.17412717 0.29422983 0.93833286 0.17336643 0.29369143 51 153 229
0.75906738 0.27259574 -0.58855827 0.75926668 0.27437772 -0.58748027 51 153 230
0.95302618 -0.29264105 0.04157387 0.95300356 -0.29275288 0.04149781 51 153 229
-0.36288819 -0.90408168 0.21434514 -0.36346697 -0.90395169 0.21395296 51 153 230
-0.57684045 0.80178385 0.14598201 -0.57654192 0.80205389 0.14571493 51 153 230
-0.84747416 0.42941339 -0.30604869 -0.84801649 0.42874971 -0.30548865 51 153 230
-0.11085543 0.28588929 0.95059215 -0.11037322 0.29189863 0.94883389 51 153 230
-0.19871721 0.91308960 -0.34871988 -0.19970040 0.91312817 -0.34808168 51 153 230
0.49731970 0.09748225 0.86101778 0.50041367 0.09569257 0.85943602 51 153 230
0.67134547 0.27548453 0.68366500 0.67316198 0.27420426 0.68241203 51 153 230
0.20417114 -0.76562551 0.60619016 0.20279258 -0.76688187 0.60507975 51 153 230
-0.04194283 0.86515646 -0.49660067 -0.04332486 0.86561302 -0.49569146 51 153 230
-0.80147543 0.58164846 -0.13106128 -0.80171530 0.58137860 -0.13082150 51 153 230
0.67967289 0.44252249 0.58215093 0.68118465 0.44160803 0.58108470 51 153 229
-0.61194015 -0.76113277 0.20812300 -0.61243529 -0.76083942 0.20774221 51 153 230
0.55902544 -0.77460488 -0.29220167 0.55977219 -0.77427149 -0.29166698 51 153 230
-0.27835912 -0.85480916 -0.43318373 -0.27735203 -0.85554424 -0.43239079 51 153 230
-0.51095985 -0.27905313 0.81120158 -0.51383759 -0.27809833 0.80971291 51 153 230
-0.57220043 0.35855084 0.73568029 -0.57238287 0.36103528 0.73433147 51 153 230
-0.96214692 0.18748404 0.19006242 -0.96211701 0.18800847 0.18971469 51 153 230
-0.87070308 -0.13438313 -0.46822715 -0.87096838 -0.13571683 -0.46736996 51 153 229
0.12800510 -0.98872940 -0.03914380 0.12811261 -0.98872564 -0.03907219 51 153 230
-0.78437395 0.19582154 0.58599212 -0.78474054 0.19756535 0.58491884 51 153 229
-0.53582109 -0.11143723 -0.83441375 -0.53765893 -0.11413577 -0.83288175 51 153 230
-0.88877604 -0.32005471 -0.32287385 -0.88866975 -0.32095546 -0.32228300 51 153 230
0.68265046 0.00481047 -0.72937287 0.68406954 0.00681657 -0.72803569 51 153 229
0.36933348 -0.88306697 -0.28278878 0.37010845 -0.88291430 -0.28227132 51 153 230
-0.55841084 -0.81122118 0.15940240 -0.55880130 -0.81101992 0.15911077 51 153 229
-0.73346788 -0.66811276 0.10565768 -0.73368308 -0.66791775 0.10546438 51 153 229
0.04011843 -0.35362070 0.93273229 0.03813065 -0.35844173 0.93101146 51 153 230
-0.97626896 -0.19716526 0.05965138 -0.97631462 -0.19700790 0.05954225 51 153 230
0.11537693 0.92719288 -0.34998688 0.11445767 0.92755638 -0.34934636 51 153 230
0.81506715 -0.49333202 -0.29964574 0.81564097 -0.49272018 -0.29909742 51 153 230
0.22244773 0.47014990 -0.85264159 0.22144383 0.47347331 -0.85107554 51 153 230
-0.90299264 -0.42058416 0.05953826 -0.90307366 -0.42044221 0.05942934 51 153 230
-0.04490592 -0.99646274 0.02258893 -0.04496786 -0.99646644 0.02254761 51 153 230
-0.85329542 0.04661752 0.51409858 -0.85379372 0.04805199 0.51315725 51 153 230
0.20600093 0.29574039 -0.93070394 0.20650058 0.30084009 -0.92898725 51 153 230
-0.62636600 0.55867764 0.54082157 -0.62586120 0.56021260 0.53983120 51 153 230
0.51351056 -0.02728438 -0.85530253 0.51625280 -0.02507882 -0.85373139 51 153 230
-0.18634187 0.26852108 0.94316262 -0.18712862 0.27409547 0.94142028 51 153 230
0.36688915 0.71406369 0.59410259 0.36870220 0.71403694 0.59301442 51 153 230
0.69239378 -0.61046951 0.37875141 0.69192663 -0.61143842 0.37805821 51 153 230
-0.54416650 0.62937453 0.55129791 -0.54346998 0.63087287 0.55028832 51 153 230
-0.18875821 0.93873920 0.27825560 -0.18804302 0.93904031 0.27774644 51 153 229
-0.05955965 -0.95786217 0.27196878 -0.06031043 -0.95796586 0.27147113 51 153 230
0.26698785 0.91990538 -0.27799855 0.26630374 0.92027033 -0.27748986 51 153 230
-0.55170717 0.27978849 -0.78337949 -0.55430732 0.27872016 -0.78194243 51 153 230
0.19118185 0.77428085 -0.60080520 0.18978684 0.77548255 -0.59970470 51 153 230
0.86645843 -0.34687099 0.35215661 0.86633385 -0.34785787 0.35151212 51 153 229
0.36320317 0.76273325 0.53136527 0.36478128 0.76266751 0.53039226 51 153 230
-0.35834210 0.88467158 0.28979007 -0.35766810 0.88512219 0.28925979 51 153 230
-0.44128671 0.82126847 -0.35507972 -0.44226266 0.82103348 -0.35442988 51 153 230
-0.54117781 -0.71021840 -0.44560226 -0.54046175 -0.71128726 -0.44478655 51 153 230
-0.56132511 -0.38112890 -0.73299999 -0.56139980 -0.38360271 -0.73165613 51 153 230
0.84162607 -0.01523459 -0.53634223 0.84228674 -0.01378016 -0.53536009 51 153 229
-0.53992640 -0.79093570 -0.27971659 -0.53938068 -0.79149486 -0.27920475 51 153 230
-0.96245828 -0.03334941 0.25994227 -0.96261871 -0.03264377 0.25946663 51 153 230
-0.18822778 0.54141852 -0.81816487 -0.19104652 0.54271153 -0.81666323 51 153 230
0.22104402 0.68436560 0.69303292 0.22322979 0.68495405 0.69176274 51 153 230
0.98929910 -0.01994230 -0.12828680 0.98934278 -0.01959196 -0.12805210 51 153 229
-0.70420936 0.31527974 -0.63393378 -0.70579685 0.31408692 -0.63277237 51 153 229
0.92504089 -0.37059184 -0.04244178 0.92509423 -0.37048819 -0.04236414 51 153 230
-0.44449279 -0.88552244 -0.11813675 -0.44421836 -0.88569544 -0.11792062 51 153 230
-0.89468961 0.02390661 0.44128438 -0.89506314 0.02512353 0.44047658 51 153 230
0.73411098 -0.20081441 -0.64570340 0.73554870 -0.19937603 -0.64452036 51 153 230
-0.03368480 -0.64880978 0.75817076 -0.03583385 -0.65033046 0.75678037 51 153 230
0.50785455 -0.53443518 -0.67307396 0.50996851 -0.53399034 -0.67184054 51 153 229
-0.49806194 0.61082496 0.61213739 -0.49732376 0.61256247 0.61101605 51 153 230
0.21956960 -0.22929907 -0.94767212 0.22502807 -0.23127877 -0.94592089 51 153 230
0.59437388 -0.67552623 0.43139145 0.59374265 -0.67659428 0.43060179 51 153 230
0.77075566 0.05409874 0.63153289 0.77182857 0.05244451 0.63037590 51 153 230
0.65472250 -0.14600008 -0.74115471 0.65662419 -0.14434349 -0.73979582 51 153 230
-0.12157480 -0.98253234 -0.12116729 -0.12125042 -0.98260830 -0.12094561 51 153 230
-0.62806203 0.68060063 0.37263941 -0.62750223 0.68149847 0.37195740 51 153 229
0.43362963 0.59168052 -0.67713071 0.43281492 0.59369879 -0.67588983 51 153 230
-0.96031413 -0.18517884 0.19631315 -0.96049192 -0.18466548 0.19595397 51 153 229
-0.50629987 -0.53278920 -0.67585670 -0.50575173 -0.53489046 -0.67461817 51 153 230
0.52665847 -0.41410503 -0.73977404 0.52909220 -0.41345255 -0.73841764 51 153 230
-0.79191489 0.26677484 -0.54613406 -0.79301852 0.26556923 -0.54513395 51 153 229
-0.22065343 -0.06321424 0.97218956 -0.22879518 -0.06285765 0.97037609 51 153 230
0.04951923 -0.97323173 -0.21423177 0.05010886 -0.97329385 -0.21383980 51 153 230
-0.13406936 0.52039235 -0.84124026 -0.13689594 0.52217868 -0.83969551 51 153 230
-0.67651833 -0.51667895 -0.52060785 -0.67612201 -0.51816812 -0.51965458 51 153 230
0.20106517 0.06330331 -0.97678430 0.20844055 0.06836268 -0.97495445 51 153 229
0.42015651 0.12019543 -0.89780778 0.42277056 0.12348061 -0.89615604 51 153 229
-0.83606840 0.52576305 0.14007244 -0.83590235 0.52611083 0.13981617 51 153 229
-0.54254423 -0.43977178 -0.71292359 -0.54236755 -0.44212811 -0.71161674 51 153 230
-0.56849899 -0.49544655 0.65494079 -0.57046479 -0.49478629 0.65374076 51 153 230
0.43338350 -0.70816769 0.55378663 0.43244973 -0.70954147 0.55277247 51 153 230
-0.52130376 0.28326639 0.80406600 -0.52200430 0.28615147 0.80259063 51 153 230
-0.93029438 -0.09364762 -0.34938111 -0.93044313 -0.09462365 -0.34874170 51 153 230
-0.70995760 0.04464449 -0.69997811 -0.71134892 0.04281973 -0.69869512 51 153 230
0.05528500 0.10904414 -0.99123961 0.06021984 0.12361545 -0.98929516 51 153 229
0.11632344 -0.67069604 -0.73037726 0.11853503 -0.67177167 -0.72903824 51 153 230
0.92637337 0.13692526 0.34388211 0.92674922 0.13603216 0.34325278 51 153 230
-0.02568797 -0.69888667 0.71204251 -0.02767476 -0.70015725 0.71073729 51 153 229
0.47116625 0.68360847 -0.55381614 0.47031025 0.68503183 -0.55280192 51 153 230
0.61467477 0.78446414 -0.04125319 0.61459393 0.78454346 -0.04117772 51 153 230
0.51212159 0.84824470 -0.12248201 0.51185211 0.84844620 -0.12225793 51 153 230
0.55005834 -0.69553862 0.45703961 0.54935368 -0.69665861 0.45620293 51 153 230
-0.80646235 -0.55940130 -0.18122514 -0.80623436 -0.55984678 -0.18089357 51 153 230
0.01922319 0.70615049 -0.70511749 0.01733644 0.70750465 -0.70382503 51 153 230
0.78512801 0.60829679 -0.10550767 0.78496758 0.60853796 -0.10531465 51 153 230
0.36996733 -0.91813728 0.12614805 0.36966035 -0.91829853 0.12591726 51 153 230
0.15287145 -0.42009550 -0.89272934 0.15628594 -0.42237418 -0.89108730 51 153 230
-0.91627578 0.37659743 0.11859844 -0.91618115 0.37690955 0.11838147 51 153 230
-0.12341451 -0.96857849 0.20838260 -0.12399118 -0.96859060 0.20800133 51 153 230
-0.89133238 0.35483959 0.27336260 -0.89119487 0.35558935 0.27286239 51 153 230
0.11307471 0.47688292 -0.87082935 0.11142230 0.48019731 -0.86922912 51 153 229
0.04253180 -0.51245021 -0.85595945 0.04507384 -0.51487408 -0.85438715 51 153 230
-0.66612333 -0.59654592 0.44365634 -0.66723865 -0.59591460 0.44284420 51 153 230
0.86699924 0.47428283 -0.13827160 0.86685686 0.47463538 -0.13801863 51 153 230
0.37516100 -0.65628762 0.65194538 0.37412522 -0.65806859 0.65075086 51 153 230
0.42646826 -0.32630332 -0.84166348 0.42980035 -0.32596634 -0.84011794 51 153 230
-0.03890430 -0.81158571 0.58069017 -0.04052740 -0.81226826 0.57962663 51 153 230
-0.34980365 -0.85635309 -0.37402550 -0.34896342 -0.85700193 -0.37334095 51 153 230
0.37021940 0.06025513 0.92549688 0.37482864 0.05847692 0.92379079 51 153 230
0.87989155 0.13631782 0.44979653 0.88050275 0.13517195 0.44897313 51 153 230
-0.21112784 -0.56020094 -0.79955030 -0.20977523 -0.56280379 -0.79808329 51 153 230
0.60013481 0.61850836 -0.50482283 0.59952044 0.61985859 -0.50389854 51 153 230
0.39049634 0.87931344 -0.26754164 0.38988340 0.87974020 -0.26705209 51 153 229
0.19435989 -0.97776537 0.03562677 0.19426634 -0.97779401 0.03556159 51 153 230
0.35583774 -0.37659865 -0.85372962 0.35931025 -0.37687263 -0.85216153 51 153 230
-0.81562359 -0.37906968 0.43238379 -0.81647334 -0.37816234 0.43159232 51 153 230
-0.72022148 0.67655598 -0.13922669 -0.72051427 0.67630916 -0.13897197 51 153 230
0.18610807 -0.91565839 -0.35141900 0.18710042 -0.91571027 -0.35077586 51 153 230
0.57354085 -0.49251262 0.65237872 0.57316315 -0.49454076 0.65118339 51 153 230
0.19284851 0.20704318 0.95763104 0.19887916 0.20971234 0.95585571 51 153 230
0.98371523 -0.11526829 -0.11929559 0.98378775 -0.11494846 -0.11907734 51 153 230
0.52921081 0.84309973 0.06339318 0.52936692 0.84302250 0.06327721 51 153 230
0.59426400 -0.43605598 -0.67334969 0.59626087 -0.43524061 -0.67211578 51 153 230
0.42889407 0.88250378 0.18120972 0.42937016 0.88235057 0.18087818 51 153 230
0.12468225 -0.83198797 0.53637392 0.12332640 -0.83283181 0.53539173 51 153 230
0.01613149 -0.65998124 0.74924305 0.01412663 -0.66159801 0.74786916 51 153 230
-0.66662341 0.06515762 0.74155026 -0.66792109 0.06732225 0.74019063 51 153 229
0.38552381 -0.51016416 -0.76676100 0.38821927 -0.51025501 -0.76535470 51 153 229
-0.97930025 -0.03909988 0.18591257 -0.97939231 -0.03859489 0.18557242 51 153 230
-0.52656534 -0.76779122 -0.35867043 -0.52590475 -0.76856145 -0.35801401 51 153 230
0.54408088 -0.70556511 -0.44911882 0.54531126 -0.70515092 -0.44829666 51 153 230
-0.59777589 0.74895827 0.27717452 -0.59727893 0.74955071 0.27666733 51 153 230
-0.80643365 0.42805833 -0.40460281 -0.80724346 0.42723458 -0.40386225 51 153 229
0.49829832 0.62129050 -0.60128104 0.49754387 0.62297263 -0.60017965 51 153 229
0.69161560 0.65972676 0.28737796 0.69227618 0.65927023 0.28685210 51 153 230
0.31697067 0.33242446 -0.88649718 0.31743168 0.33638152 -0.88486704 51 153 229
-0.09145661 0.52670947 0.84312383 -0.08962579 0.52952872 0.84157556 51 153 229
0.78739478 0.03371034 -0.61230479 0.78820199 0.03541796 -0.61118315 51 153 229
-0.27834975 -0.50478953 0.81590092 -0.28132719 -0.50556509 0.81440352 51 153 230
0.36817787 -0.76958342 -0.51755664 0.36970458 -0.76949661 -0.51660898 51 153 230
0.13817647 -0.83300685 -0.53156712 0.13971009 -0.83338211 -0.53059375 51 153 229
-0.00545475 0.63142670 0.77344535 -0.00335427 0.63319563 0.77202668 51 153 230
0.82717849 -0.42028755 0.36621232 0.82696601 -0.42130324 0.36554208 51 153 230
-0.85273530 0.04460360 -0.51686542 -0.85338616 0.04322354 -0.51591903 51 153 230
0.67274225 -0.73576837 0.03725172 0.67267428 -0.73584475 0.03718357 51 153 230
0.33335664 0.51159292 -0.78984966 0.33258489 0.51434634 -0.78840061 51 153 229
0.73728380 -0.42397969 -0.52204667 0.73850968 -0.42303646 -0.52109077 51 153 230
0.92369711 -0.11545418 0.35942957 0.92383520 -0.11646213 0.35877176 51 153 230
-0.47525742 0.69048384 -0.54148898 -0.47684418 0.69018102 -0.54049739 51 153 230
0.11223136 -0.93598865 -0.32918509 0.11315192 -0.93609415 -0.32858267 51 153 230
-0.66918241 -0.44942509 0.58802151 -0.67073546 -0.44853585 0.58694449 51 153 230
-0.75707668 -0.61940551 0.19933521 -0.75748158 -0.61903202 0.19897050 51 153 230
0.22064157 0.93276125 0.27788149 0.22141691 0.93273584 0.27737301 51 153 230
0.19034901 -0.45844784 -0.86718062 0.19360109 -0.46011053 -0.86558727 51 153 229
0.93345679 -0.35142649 0.02355075 0.93344020 -0.35148900 0.02350767 51 153 230
-0.42786577 -0.90122131 -0.02564996 -0.42780537 -0.90125749 -0.02560304 51 153 230
-0.67298456 0.27250218 -0.68533793 -0.67479101 0.27121313 -0.68408193 51 153 230
-0.23046913 0.55069203 0.80112833 -0.22921419 0.55335698 0.79965840 51 153 230
-0.70648672 -0.70187327 0.05290117 -0.70659820 -0.70178021 0.05280439 51 153 230
-0.04144161 -0.84616697 -0.52667783 -0.04003669 -0.84684755 -0.52571342 51 153 230
0.20887816 0.96944958 -0.11476907 0.20857664 0.96954327 -0.11455910 51 153 230
-0.93831602 -0.19350094 -0.27980302 -0.93831368 -0.19428228 -0.27929103 51 153 230
0.84904780 -0.02601377 0.52367480 0.84960239 -0.02746276 0.52271591 51 153 230
-0.49854249 -0.64921449 0.57179631 -0.50023062 -0.64884600 0.57074909 51 153 230
-0.58938395 -0.35590119 0.72319442 -0.59160338 -0.35493087 0.72186863 51 153 230
0.39585509 0.88241406 -0.24848225 0.39528385 0.88280430 -0.24802758 51 153 230
0.46697399 0.13774791 0.87245461 0.47040674 0.13627519 0.87085128 51 153 230
-0.57990629 -0.21078927 0.78473103 -0.58236925 -0.20940926 0.78329146 51 153 230
-0.57807428 0.49186157 -0.64852869 -0.58000096 0.49117873 -0.64734045 51 153 229
-0.06389270 -0.25621791 -0.96301523 -0.06309507 -0.26333863 -0.96122580 51 153 230
0.88790848 0.17151449 0.42341392 0.88848799 0.17044580 0.42263888 51 153 230
-0.43043005 -0.40662999 0.80503459 -0.43339767 -0.40640194 0.80355743 51 153 230
-0.02322770 0.92657196 -0.36950819 -0.02424544 0.92682226 -0.36883192 51 153 230
-0.96760975 -0.24515131 0.01032671 -0.96762038 -0.24512499 0.01030782 51 153 230
0.91789154 0.38263622 -0.08750008 0.91781587 0.38286420 -0.08734000 51 153 230
0.41959043 -0.66071950 0.61882823 0.41865126 -0.66239023 0.61769459 51 153 230
0.58282851 -0.81193815 -0.00477203 0.58284030 -0.81193240 -0.00476330 51 153 230
0.11773444 -0.35103598 0.92724066 0.11671811 -0.35594204 0.92553102 51 153 229
0.33120237 -0.93372532 -0.11693671 0.33151503 -0.93364981 -0.11672278 51 153 230
-0.01783747 0.06895674 -0.99623196 -0.02258654 0.07989836 -0.99487460 51 153 230
-0.88899784 -0.23633529 0.38696146 -0.88956282 -0.23539097 0.38625322 51 153 230
-0.42582647 -0.58305536 -0.68927800 -0.42502529 -0.58514458 -0.68801474 51 153 230
-0.07228179 -0.80682435 -0.58532842 -0.07075427 -0.80773708 -0.58425637 51 153 230
-0.70088620 -0.65548065 0.27410033 -0.70150779 -0.65503498 0.27359877 51 153 230
0.78360096 -0.33181677 0.52216059 0.78359265 -0.33336185 0.52120448 51 153 230
0.28829447 0.50864372 -0.81089758 0.28737537 0.51152837 -0.80940953 51 153 230
0.11227406 -0.98158371 0.13901036 0.11190166 -0.98167037 0.13875604 51 153 229
-0.34796476 -0.82094046 0.44751218 -0.34925492 -0.82084645 0.44669297 51 153 230
0.06766478 -0.75740956 0.64701854 0.06599456 -0.75857943 0.64583307 51 153 230
-0.77321970 -0.13791168 -0.61577432 -0.77380240 -0.13972462 -0.61464630 51 153 230
-0.93298440 -0.34827244 0.05357466 -0.93305081 -0.34814117 0.05347665 51 153 230
0.55278413 0.70811893 0.43445407 0.55396114 0.70769686 0.43365880 51 153 229
-0.25355978 -0.00177224 -0.96589135 -0.26056804 -0.00445009 -0.96409438 51 153 230
0.60760089 -0.76269315 -0.21429311 0.60811426 -0.76239642 -0.21390103 51 153 230
0.42183731 0.36322332 0.82889449 0.42504293 0.36299765 0.82737280 51 153 230
-0.77224249 0.51630347 0.36336029 -0.77191435 0.51727810 0.36269528 51 153 230
-0.50591368 0.26946589 -0.81767866 -0.50886069 0.26850766 -0.81617790 51 153 230
0.67447842 -0.67383389 -0.29516119 0.67516957 -0.67338254 -0.29462108 51 153 230
-0.39030585 -0.87117476 0.29532244 -0.39111392 -0.87099885 0.29478204 51 153 230
0.04846890 -0.14208629 -0.98728434 0.05524565 -0.15390308 -0.98537475 51 153 230
-0.70924159 0.32740011 -0.62158482 -0.71078467 0.32624048 -0.62044612 51 153 230
0.90636020 -0.41668659 -0.03085080 0.90640363 -0.41661391 -0.03079436 51 153 230
-0.89370707 0.13057470 0.42460524 -0.89390559 0.13177669 0.42382802 51 153 230
0.46365352 -0.81306676 0.34612607 0.46295058 -0.81374541 0.34549263 51 153 230
0.03974908 -0.85222842 -0.51803770 0.04119136 -0.85274145 -0.51708916 51 153 230
0.20494468 -0.19976350 0.95680453 0.20742169 -0.20577666 0.95503136 51 153 229
0.26732841 0.86060644 0.42855903 0.26856132 0.86061706 0.42777456 51 153 229
-0.95016445 0.22756106 -0.20097608 -0.95037508 0.22704684 -0.20060837 51 153 230
-0.03458500 -0.33450075 0.94010229 -0.03760106 -0.33908981 0.93836647 51 153 230
0.37217937 -0.11785521 0.91910705 0.37527132 -0.12142183 0.91741376 51 153 230
-0.85448605 -0.28784301 -0.42907728 -0.85446949 -0.28907749 -0.42829186 51 153 230
-0.63997248 -0.25057929 0.72406690 -0.64200207 -0.24925437 0.72273950 51 153 230
-0.98476292 -0.13255826 0.10038996 -0.98481897 -0.13228843 0.10020631 51 153 230
-0.49300766 -0.42846558 -0.75464485 -0.49288123 -0.43107436 -0.75326096 51 153 230
-0.76803179 0.44564199 -0.45433403 -0.76903030 0.44478710 -0.45350231 51 153 230
-0.51283483 0.12407076 0.84746291 -0.51473567 0.12690099 0.84590653 51 153 230
0.84751375 0.48909444 0.20101721 0.84785773 0.48865682 0.20064942 51 153 230
0.45312412 -0.75538776 0.46959278 0.45226081 -0.75644692 0.46873309 51 153 230
0.10423620 0.99398567 -0.01052406 0.10420772 0.99399069 -0.01050480 51 153 230
-0.69918380 0.71021058 0.03892562 -0.69911641 0.71029355 0.03885440 51 153 230
-0.00567212 0.03219130 0.99827796 -0.00577085 0.03766431 0.99765763 51 153 230
0.29723815 -0.28204822 0.91084372 0.29826265 -0.28642818 0.90916674 51 153 229
0.20837832 0.77313395 0.59631126 0.21016432 0.77349838 0.59521902 51 153 230
0.99138379 0.01103343 0.11929069 0.99141684 0.01070687 0.11907245 51 153 229
0.57447046 -0.57713392 -0.57736172 0.57612069 -0.57655535 -0.57630429 51 153 230
-0.49736524 -0.19780080 -0.84267893 -0.49880288 -0.20083430 -0.84113149 51 153 230
0.87577713 -0.07332335 -0.47331941 0.87635843 -0.07207409 -0.47245289 51 153 229
-0.36075047 0.90875680 -0.20169625 -0.36129240 0.90862594 -0.20132722 51 153 230
-0.81465953 0.50338446 0.28046248 -0.81439333 0.50412034 0.27994928 51 153 229
0.22533304 0.96939316 0.07541966 0.22553830 0.96936432 0.07528169 51 153 230
0.67332968 0.73826545 -0.00825412 0.67331517 0.73828285 -0.00823902 51 153 230
0.05237862 0.26408777 -0.96137060 0.05117003 0.27095494 -0.95958547 51 153 230
-0.70189483 0.17765106 -0.68732409 -0.70352232 0.17613047 -0.68606443 51 153 230
-0.05578264 0.99435829 0.05186757 -0.05564226 0.99438304 0.05177268 51 153 229
0.14011492 0.97702701 0.14399265 0.14051110 0.97701795 0.14372921 51 153 230
0.63355352 0.76692281 0.07471778 0.63372236 0.76680642 0.07458109 51 153 230
-0.49988574 0.03455240 0.86459037 -0.50244790 0.03709783 0.86300194 51 153 230
-0.58459821 0.06167591 0.80896075 -0.58638759 0.06409468 0.80747631 51 153 230
-0.66545638 0.74248388 -0.04251128 -0.66554977 0.74241386 -0.04243351 51 153 230
0.74323747 0.63204760 0.21143283 0.74367913 0.63166364 0.21104598 51 153 229
-0.81060336 -0.57588353 0.09809145 -0.81077561 -0.57567624 0.09791200 51 153 230
0.52177720 -0.73932798 -0.42188949 0.52292990 -0.73896022 -0.42111725 51 153 230
-0.69067576 -0.55183831 -0.46226532 -0.69024427 -0.55310673 -0.46141906 51 153 229
0.57991719 -0.74149195 0.33132614 0.57934084 -0.74222358 0.33071980 51 153 230
-0.59382343 0.74542962 -0.29680771 -0.59456610 0.74505894 -0.29626459 51 153 230
0.10917457 -0.18630971 0.97524014 0.11095829 -0.19473563 0.97341631 51 153 230
0.35500239 -0.44783822 -0.81869966 0.35808734 -0.44813945 -0.81719702 51 153 230
-0.66206429 -0.66764140 0.33382336 -0.66286960 -0.66715818 0.33321245 51 153 230
-0.60708516 -0.74190050 -0.27589473 -0.60659737 -0.74249578 -0.27538989 51 153 230
0.83936429 -0.52403677 -0.12463529 0.83957629 -0.52376757 -0.12440727 51 153 230
-0.66087645 0.35733293 -0.65750220 -0.66266312 0.35625744 -0.65629745 51 153 230
0.88515370 -0.46167301 0.00681459 0.88514730 -0.46169061 0.00680213 51 153 230
-0.77592720 -0.44941279 -0.43755794 -0.77567313 -0.45064693 -0.43675697 51 153 230
0.05351761 0.60976223 0.78894916 0.05583021 0.61144074 0.78750178 51 153 229
0.11660630 0.76612895 0.62855617 0.11844283 0.76680575 0.62740465 51 153 230
-0.73010165 0.48255509 -0.47976806 -0.73123135 0.48173072 -0.47888972 51 153 230
-0.44369826 -0.58842574 0.67298802 -0.44584755 -0.58822857 0.67175476 51 153 230
-0.73333386 -0.04708808 -0.67643561 -0.73435224 -0.04900821 -0.67519603 51 153 230
-0.21291300 0.86795219 0.44370421 -0.21183579 0.86864261 0.44289198 51 153 230
-0.16836494 -0.97356991 -0.13764028 -0.16800159 -0.97367631 -0.13738846 51 153 230
-0.65045157 -0.73029700 -0.20292565 -0.65008934 -0.73072621 -0.20255437 51 153 230
-0.41480780 -0.89945409 0.12289443 -0.41512722 -0.89934317 0.12266960 51 153 230
-0.07909005 -0.24415438 -0.96508639 -0.07871215 -0.25156563 -0.96329154 51 153 230
-0.44538848 0.25602996 -0.85652701 -0.44882554 0.25532215 -0.85495370 51 153 229
0.73614006 -0.28992630 0.60761839 0.73633849 -0.29178658 0.60650535 51 153 230
0.56629625 0.49858332 -0.65461658 0.56589428 0.50061814 -0.65341714 51 153 230
-0.08251531 0.58318983 0.80744522 -0.08060976 0.58549862 0.80596359 51 153 230
0.11629589 0.79341120 -0.59529457 0.11480297 0.79444874 -0.59420420 51 153 229
0.96408990 0.24897924 -0.05635963 0.96406834 0.24913263 -0.05625652 51 153 229
-0.41663158 -0.82986662 0.36429401 -0.41764230 -0.82966581 0.36362729 51 153 229
0.70848378 -0.43054913 -0.55575822 0.70986217 -0.42960857 -0.55474045 51 153 230
-0.90684881 -0.21029653 -0.35855856 -0.90688065 -0.21131046 -0.35790234 51 153 230
-0.13913834 -0.60864509 -0.77831435 -0.13747861 -0.61086504 -0.77688666 51 153 230
0.99361482 0.09906268 -0.02277382 0.99361418 0.09912520 -0.02273216 51 153 230
-0.16780481 0.97864998 0.10647140 -0.16752113 0.97872030 0.10627662 51 153 229
-0.86973663 0.19862354 0.44673119 -0.86987202 0.19990684 0.44591341 51 153 229
-0.53168507 0.22056060 -0.81653906 -0.53450487 0.21931292 -0.81504046 51 153 230
-0.11586827 0.42718371 0.89495416 -0.11440799 0.43106067 0.89330788 51 153 230
0.04308207 -0.99591698 0.03482665 0.04298775 -0.99593309 0.03476294 51 153 229
0.36190939 0.20511223 -0.90798156 0.36387097 0.20906644 -0.90631024 51 153 230
0.65156075 0.48281396 0.58424763 0.65313179 0.48198559 0.58317757 51 153 230
0.21905792 -0.80019490 0.55429808 0.21778289 -0.80125934 0.55328298 51 153 230
-0.08097025 -0.03965745 -0.99526900 -0.09333008 -0.04832929 -0.99356475 51 153 230
-0.36503930 0.85588816 0.36091457 -0.36423387 0.85651775 0.36025404 51 153 230
0.12086088 -0.81387452 -0.56488237 0.12249137 -0.81435865 -0.56384785 51 153 230
0.38897033 -0.78705089 -0.47441614 0.39034320 -0.78690582 -0.47354761 51 153 230
-0.12486505 -0.33556752 -0.93205477 -0.12408034 -0.34070275 -0.93033533 51 153 230
-0.41021580 0.19615932 -0.88883365 -0.41417068 0.19535850 -0.88719905 51 153 230
0.28435473 -0.58807685 0.75531591 0.28320271 -0.59042207 0.75393081 51 153 230
-0.85352898 0.34478285 0.38559708 -0.85341266 0.34587324 0.38489134 51 153 230
-0.52788130 0.37211883 0.76095847 -0.52802811 0.37476900 0.75956292 51 153 229
0.64640113 -0.40305128 -0.64500632 0.64818826 -0.40208926 -0.64382455 51 153 230
-0.34869565 0.44619501 0.82253006 -0.34829279 0.44930986 0.82102027 51 153 230
-0.88037748 -0.21461243 0.41925238 -0.88099812 -0.21358427 0.41848498 51 153 230
-0.72882369 0.04306534 -0.68119478 -0.73009645 0.04127239 -0.67994642 51 153 230
0.25677286 0.90088034 -0.34322138 0.25593622 0.90136658 -0.34259325 51 153 230
-0.94795954 0.28474380 0.12637204 -0.94789494 0.28508527 0.12614084 51 153 230
-0.04923558 0.53884684 0.83857844 -0.04719145 0.54144884 0.83703866 51 153 230
0.10305974 -0.98433281 -0.12638337 0.10340748 -0.98433351 -0.12615216 51 153 230
-0.88635769 -0.27281424 0.36898449 -0.88691871 -0.27193066 0.36830918 51 153 230
0.20949915 -0.26471173 0.93983526 0.21050178 -0.27011899 0.93809999 51 153 229
-0.86849907 -0.49101918 0.02857995 -0.86854382 -0.49095469 0.02852766 51 153 230
0.73994924 0.66970742 -0.03187121 0.73989539 0.66977649 -0.03181290 51 153 230
-0.67403606 0.42290784 -0.60169140 -0.67562492 0.42196763 -0.60058925 51 153 230
0.03483602 0.60729660 -0.79173861 0.03278646 0.60931390 -0.79028606 51 153 230
-0.03186130 0.95673983 -0.28153380 -0.03263573 0.95687334 -0.28101864 51 153 230
-0.43207244 -0.47115472 0.76708947 -0.43476848 -0.47098801 0.76568257 51 153 229
0.30790219 -0.14636603 0.93855696 0.31116623 -0.15071934 0.93682429 51 153 230
-0.93598802 -0.28678901 0.19286768 -0.93621645 -0.28630728 0.19251481 51 153 230
0.71496694 -0.69418638 0.04218263 0.71489447 -0.69427678 0.04210546 51 153 230
-0.44721000 -0.86889011 0.20251259 -0.44773960 -0.86870867 0.20214207 51 153 229
-0.67769225 -0.18323920 -0.70928577 -0.67846766 -0.18545096 -0.70798563 51 153 230
-0.11517431 -0.95384541 0.27027710 -0.11592613 -0.95390230 0.26978254 51 153 230
0.59613400 -0.14427965 0.78778464 0.59744661 -0.14680454 0.78633942 51 153 229
0.06805898 -0.97560721 0.20143105 0.06751443 -0.97572340 0.20106251 51 153 229
0.42023281 -0.12392697 0.89730714 0.42281061 -0.12723006 0.89565636 51 153 229
0.75444922 0.59347487 0.27145890 0.75502488 0.59298395 0.27096217 51 153 230
0.53407006 -0.76892416 -0.34462890 0.53498052 -0.76858463 -0.34399820 51 153 230
-0.58290636 -0.79594077 0.15360258 -0.58327511 -0.79573183 0.15332156 51 153 230
-0.61571311 0.78434484 0.03053919 -0.61565210 0.78440231 0.03048332 51 153 229
-0.45881871 -0.20001484 -0.86481108 -0.46038215 -0.20326881 -0.86322225 51 153 230
0.46916895 -0.70036459 -0.53382430 0.47072885 -0.70007888 -0.53284678 51 153 229
0.81335020 -0.09505969 -0.57154546 0.81426052 -0.09359117 -0.57049871 51 153 229
0.35052116 -0.76797259 0.53223108 0.34945319 -0.76914135 0.53125649 51 153 230
0.45223571 -0.43858398 -0.77420937 0.45497046 -0.43828141 -0.77278928 51 153 230
0.04766873 0.75872826 -0.64680163 0.04597221 0.75985419 -0.64561656 51 153 230
-0.82094335 -0.43651321 0.36148870 -0.82164221 -0.43576622 0.36082711 51 153 230
-0.36203909 -0.42122411 -0.82968903 -0.36181601 -0.42443815 -0.82816586 51 153 230
0.21275330 -0.95209483 0.21521123 0.21219850 -0.95231189 0.21481747 51 153 229
0.12151929 -0.98910650 0.03840997 0.12141585 -0.98912708 0.03833970 51 153 230
-0.51778379 0.84752142 -0.10099272 -0.51803151 0.84739673 -0.10080796 51 153 230
-0.24523743 0.96524779 0.05349371 -0.24509980 0.96529903 0.05339585 51 153 230
-0.27011737 0.51531067 -0.81128333 -0.27304113 0.51612629 -0.80979448 51 153 230
0.23270589 -0.86750905 0.43447762 0.23166205 -0.86819611 0.43368231 51 153 229
0.66086783 0.52291351 0.53418202 0.66226645 0.52216223 0.53320385 51 153 229
-0.43253499 0.51873443 -0.73480511 -0.43501910 0.51858101 -0.73345789 51 153 230
-0.99577434 -0.04166621 0.03896424 -0.99578866 -0.04156023 0.03889296 51 153 230
-0.52440978 -0.36517807 -0.76669678 -0.52460368 -0.36786580 -0.76529060 51 153 230
0.93542367 -0.30653070 0.16784703 0.93533513 -0.30698579 0.16753994 51 153 230
-0.65561298 0.53458399 -0.52915411 -0.65700240 0.53385364 -0.52818517 51 153 230
0.21322446 0.40178178 0.88874199 0.21685765 0.40351136 0.88710756 51 153 230
0.78518848 -0.61354562 0.04407494 0.78512394 -0.61364810 0.04399431 51 153 230
-0.37781889 -0.88225396 -0.27363608 -0.37718935 -0.88268612 -0.27313537 51 153 230
-0.34048905 -0.86096494 0.37150166 -0.34153626 -0.86085306 0.37082174 51 153 230
0.05468765 -0.94903103 0.30389410 0.05386843 -0.94926087 0.30333800 51 153 230
0.03523877 0.78493709 -0.61524087 0.03359941 0.78590119 -0.61411383 51 153 230
-0.64431310 -0.13475404 0.75186428 -0.64627829 -0.13305983 0.75048557 51 153 229
0.94098997 0.18075526 -0.27899790 0.94099823 0.18153421 -0.27848738 51 153 229
0.88529236 -0.15997136 0.43204091 0.88546602 -0.16120052 0.43125006 51 153 230
0.13458526 0.35436677 -0.92396949 0.13374745 0.35917607 -0.92226650 51 153 230
0.74379653 -0.51616372 0.42080745 0.74343690 -0.51731609 0.42003720 51 153 229
0.71294094 -0.18020935 -0.67597668 0.71449747 -0.17869703 -0.67473794 51 153 230
0.66054850 -0.10789234 0.74206280 0.66170085 -0.11013871 0.74070223 51 153 229
0.04907478 0.42988202 -0.89993736 0.04704604 0.43359997 -0.89828156 51 153 230
0.61144216 0.78141090 -0.10837516 0.61122360 0.78161307 -0.10817689 51 153 230
0.42643657 0.65830369 -0.61691235 0.42551148 0.65997262 -0.61578224 51 153 230
-0.40395626 -0.68719979 -0.60142593 -0.40296505 -0.68875463 -0.60032429 51 153 230
-0.37145054 0.90824741 0.18116228 -0.37101697 0.90849688 0.18083082 51 153 230
-0.65008913 0.73105013 -0.20175858 -0.65055475 0.73074250 -0.20138944 51 153 230
-0.28535439 0.05850567 -0.95538816 -0.29156564 0.05714769 -0.95361871 51 153 230
-0.26674056 -0.60394694 0.74878555 -0.26923780 -0.60454720 0.74741253 51 153 230
-0.54519595 -0.26692935 0.79281788 -0.54785922 -0.26582426 0.79136334 51 153 230
0.30927562 -0.00055720 -0.95094603 0.31462373 0.00203993 -0.94918814 51 153 229
0.85046393 -0.43728952 -0.28457189 0.85096382 -0.43667212 -0.28405116 51 153 230
0.81017980 -0.01498905 -0.58435319 0.81098089 -0.01340369 -0.58328292 51 153 230
0.35442167 0.76942935 -0.52665496 0.35336805 0.77058140 -0.52569060 51 153 230
-0.33664537 0.88272790 0.32209352 -0.33589545 0.88323307 0.32150409 51 153 230
-0.43388838 0.85798568 -0.26529613 -0.43459964 0.85778581 -0.26481069 51 153 230
-0.59659825 0.66803922 0.43987451 -0.59596678 0.66914043 0.43906930 51 153 230
-0.09872256 -0.97525991 -0.18512048 -0.09822575 -0.97538129 -0.18478178 51 153 230
0.07935981 0.29022966 -0.95312614 0.07833081 0.29629414 -0.95136260 51 153 230
0.66631122 0.74077902 0.04913929 0.66641937 0.74069835 0.04904939 51 153 230
0.68524224 -0.26457433 0.67469203 0.68564969 -0.26670573 0.67345561 51 153 230
0.69166186 0.69242109 -0.19211483 0.69134416 0.69284630 -0.19176334 51 153 229
-0.77667061 0.11842976 -0.61532819 -0.77780301 0.11690075 -0.61420099 51 153 230
0.77298481 -0.18740762 -0.60295392 0.77419370 -0.18600478 -0.60184946 51 153 230
0.23156015 -0.43804377 0.86800957 0.23076012 -0.44161084 0.86641472 51 153 229
0.97231787 -0.19454171 0.11073688 0.97229060 -0.19484451 0.11053429 51 153 230
-0.18265866 -0.12821042 -0.97401764 -0.18763490 -0.13494142 -0.97219939 51 153 230
0.75935075 0.16993849 -0.62543755 0.75988361 0.17181205 -0.62429176 51 153 229
0.85073926 0.03612100 -0.52010657 0.85126838 0.03756531 -0.51915423 51 153 230
-0.85788708 -0.04899952 -0.50857762 -0.85835944 -0.05041955 -0.50764644 51 153 230
0.96828629 0.20380721 0.12071809 0.96838606 0.20349053 0.12049723 51 153 230
-0.91193445 -0.34993627 0.19992442 -0.91221006 -0.34945713 0.19955862 51 153 230
0.86320855 0.45397335 -0.21132692 0.86301843 0.45452619 -0.21094027 51 153 230
0.65621720 -0.66181810 -0.35535060 0.65708768 -0.66131793 -0.35470026 51 153 230
0.46833244 -0.08852050 -0.87770987 0.47171419 -0.08672160 -0.87609650 51 153 230
-0.74933191 0.01760611 0.66015336 -0.75035612 0.01943663 0.65894374 51 153 230
0.19206055 0.97570903 0.09340060 0.19231512 0.97567763 0.09322973 51 153 230
-0.11742254 -0.52575045 0.84029838 -0.12018528 -0.52761480 0.83875539 51 153 230
0.42502219 -0.89513465 0.12116961 0.42473755 -0.89530684 0.12094793 51 153 230
0.84901115 0.51977418 -0.05931671 0.84893970 0.51992057 -0.05920819 51 153 229
-0.23793400 0.11234634 -0.96328870 -0.24511667 0.11291718 -0.96149855 51 153 229
-0.78072781 0.60964839 -0.11558775 -0.78094834 0.60941968 -0.11537629 51 153 230
-0.02340667 -0.19810614 0.97946368 -0.02712839 -0.20684992 0.97762301 51 153 230
-0.82151490 0.17747511 -0.53913872 -0.82245237 0.17616634 -0.53815145 51 153 229
0.90347673 -0.41492782 0.09724016 0.90338318 -0.41517803 0.09706227 51 153 230
0.22711465 -0.94972700 -0.21037690 0.22769433 -0.94967394 -0.20999199 51 153 230
-0.92680698 0.13181774 -0.34476522 -0.92717692 0.13091843 -0.34413427 51 153 230
0.84359550 -0.11123838 0.52129417 0.84399316 -0.11272931 0.52033965 51 153 230
0.28038242 0.95031778 -0.11682807 0.28008451 0.95043733 -0.11661433 51 153 229
-0.94392240 0.31295874 -0.09959023 -0.94402658 0.31270574 -0.09940804 51 153 230
-0.98878286 0.05376225 0.12297396 -0.98879815 0.05409967 0.12274898 51 153 230
0.57665749 0.11300613 -0.80798595 0.57822328 0.11556298 -0.80650330 51 153 230
-0.02585522 0.90444100 0.42178100 -0.02471142 0.90483657 0.42100896 51 153 230
-0.64882379 0.41140284 0.63686905 -0.64872321 0.41339251 0.63570224 51 153 229
0.80978383 -0.11150778 0.57336861 0.81030462 -0.11316078 0.57231851 51 153 230
0.43402339 -0.26921249 -0.85781535 0.43750186 -0.26861791 -0.85623959 51 153 230
0.02116838 -0.77368476 0.63004695 0.01947205 -0.77467876 0.62889269 51 153 230
0.60140649 -0.26218747 -0.75219208 0.60367950 -0.26094124 -0.75081275 51 153 230
0.12278170 -0.18898030 -0.97241577 0.12928991 -0.19453048 -0.97059515 51 153 230
-0.75659504 -0.26471646 -0.59379170 -0.75683000 -0.26651772 -0.59270407 51 153 230
-0.96087251 -0.26462759 -0.03835420 -0.96085498 -0.26473142 -0.03828403 51 153 230
-0.00350388 0.81304148 0.58130533 -0.00191394 0.81380910 0.58024066 51 153 230
0.99549491 0.05386658 -0.03197103 0.99550058 0.05395424 -0.03191254 51 153 230
0.59080100 -0.75600004 0.27218256 0.59030514 -0.75657495 0.27168451 51 153 230
-0.60473066 0.79127355 -0.05971335 -0.60486983 0.79118659 -0.05960411 51 153 230
-0.61855679 -0.63142408 0.46259751 -0.61977646 -0.63086678 0.46175065 51 153 229
0.45503950 0.69527145 0.55207959 0.45667333 0.69501390 0.55106856 51 153 230
0.95356855 0.10939645 0.27394169 0.95380211 0.10866838 0.27344042 51 153 230
0.50388756 0.64840013 0.56758534 0.50555663 0.64802312 0.56654586 51 153 230
0.65711671 -0.72747852 0.19183481 0.65677549 -0.72788495 0.19148382 51 153 230
0.39731446 0.63096103 -0.66488286 0.39635152 0.63284671 -0.66366455 51 153 230
0.54105646 0.04242189 -0.83714505 0.54324816 0.04488466 -0.83560795 51 153 230
0.53261250 0.52497323 -0.66208245 0.53210551 0.52701571 -0.66086928 51 153 230
-0.40153258 -0.89636766 -0.18164628 -0.40110493 -0.89663088 -0.18131394 51 153 230
-0.92800668 0.03724425 0.36397902 -0.92823640 0.03824877 0.36331287 51 153 230
0.44216090 0.88113807 -0.15082325 0.44181775 0.88137131 -0.15054731 51 153 229
0.60348515 0.20576388 0.76803921 0.60577839 0.20433195 0.76663055 51 153 230
0.00206973 0.57915434 -0.81455154 -0.00015153 0.58126587 -0.81305665 51 153 230
-0.64764114 0.18257568 -0.73852471 -0.64961514 0.18103367 -0.73717067 51 153 230
0.72856614 0.67748490 -0.08409734 0.72842384 0.67766702 -0.08394349 51 153 230
0.49534938 -0.64910529 0.57502576 0.49454909 -0.65065092 0.57397262 51 153 230
-0.29478745 -0.94788954 0.10897353 -0.29507956 -0.94782392 0.10877417 51 153 229
0.37602026 0.61049675 0.69449076 0.37828676 0.61055940 0.69321789 51 153 230
0.93576372 0.24937725 0.23924848 0.93604511 0.24877618 0.23881072 51 153 229
-0.10871978 -0.92400674 0.36040216 -0.10973046 -0.92414977 0.35974256 51 153 230
0.40946716 -0.18971584 0.89069358 0.41141003 -0.19329257 0.88905542 51 153 230
-0.87181842 0.47989060 -0.07581520 -0.87193493 0.47971786 -0.07567650 51 153 229
0.29515852 -0.44038413 0.84601097 0.29462821 -0.44374030 0.84445730 51 153 230
-0.15557146 0.95994598 -0.22414185 -0.15619220 0.95994625 -0.22373174 51 153 230
0.14720945 -0.68442088 0.71211548 0.14558270 -0.68613797 0.71081012 51 153 230
-0.95855098 -0.21543513 -0.17730626 -0.95850798 -0.21592300 -0.17698186 51 153 230
0.14499416 0.42627041 0.89122836 0.14835107 0.42859067 0.88958919 51 153 230
0.27157107 0.78601446 -0.55197771 0.27036574 0.78714872 -0.55096688 51 153 230
-0.66096912 0.65654716 -0.35630799 -0.66183793 0.65603747 -0.35565589 51 153 229
-0.90126459 0.41751720 -0.10817943 -0.90141001 0.41725818 -0.10798152 51 153 230
-0.04269394 0.69710798 0.71292996 -0.04083640 0.69856980 0.71162310 51 153 230
-0.30091850 -0.54199529 -0.78224005 -0.29993505 -0.54462344 -0.78080510 51 153 230
-0.10280380 -0.88700980 0.44628284 -0.10406543 -0.88728130 0.44546588 51 153 230
0.94886723 0.27814442 0.13382974 0.94900815 0.27780427 0.13358490 51 153 229
0.90572567 0.18658900 -0.37504645 0.90579799 0.18765118 -0.37436004 51 153 230
-0.76887533 -0.54017274 0.33644320 -0.76958966 -0.53954961 0.33582749 51 153 230
0.57283163 0.39350707 -0.71658568 0.57284741 0.39589215 -0.71527208 51 153 230
0.12353579 0.51050225 0.84908065 0.12638456 0.51241412 0.84752125 51 153 230
-0.18909962 -0.88803490 -0.41577453 -0.18806006 -0.88861559 -0.41501349 51 153 230
-0.13244200 -0.46623113 -0.87345091 -0.13094742 -0.46966860 -0.87184567 51 153 230
0.84410909 0.44382140 0.29465024 0.84463561 0.44318785 0.29411107 51 153 230
-0.16767496 -0.55878173 0.81151449 -0.17039371 -0.56012124 0.81002528 51 153 230
-0.54523521 -0.19496462 0.81377661 -0.54796109 -0.19357617 0.81228314 51 153 229
-0.49569946 -0.75975460 0.41682333 -0.49684704 -0.75942737 0.41606037 51 153 229
-0.57276478 -0.10122297 0.81254932 -0.57519599 -0.09939539 0.81105818 51 153 230
0.43080854 0.02074817 0.90072617 0.43440148 0.01847191 0.89906887 51 153 230
-0.78572827 0.61382957 -0.03264513 -0.78579220 0.61376668 -0.03258541 51 153 230
-0.05179500 0.19558583 0.97806568 -0.05171788 0.20526474 0.97622336 51 153 229
0.62352775 -0.20443811 0.75227572 0.62439738 -0.20687972 0.75089624 51 153 230
-0.46994003 0.39819342 0.78564414 -0.46996614 0.40102402 0.78420288 51 153 230
-0.52931302 0.46391441 0.70760894 -0.52902913 0.46623323 0.70631189 51 153 229
0.98777873 0.05565190 -0.12868848 0.98779630 0.05600507 -0.12845305 51 153 229
-0.70504784 -0.53587178 0.46006194 -0.70616357 -0.53513970 0.45921972 51 153 230
0.59127788 -0.78277461 0.18498493 0.59091495 -0.78313438 0.18464648 51 153 230
-0.59406638 0.79502030 -0.11372147 -0.59433134 0.79485446 -0.11351343 51 153 230
0.78556198 -0.61348997 -0.03849698 0.78563621 -0.61341471 -0.03842655 51 153 230
0.91767199 -0.27306445 0.27999058 0.91760354 -0.27384308 0.27947824 51 153 230
0.37589886 0.42680744 -0.82086234 0.37565867 0.42992477 -0.81935566 51 153 230
-0.84292713 -0.41745037 -0.33296727 -0.84272175 -0.41836450 -0.33235793 51 153 230
-0.00640464 0.74991100 0.66036058 -0.00460454 0.75099168 0.65915059 51 153 230
-0.47388242 -0.78446124 0.39706907 -0.47497688 -0.78417191 0.39634232 51 153 230
0.69698593 -0.68768304 0.19148842 0.69667165 -0.68810850 0.19113807 51 153 230
0.28201665 -0.94004297 0.18038385 0.28156422 -0.94025100 0.18005383 51 153 230
-0.78892419 0.54520474 -0.27600222 -0.78947998 0.54467180 -0.27549718 51 153 230
-0.58665524 -0.80285439 -0.10148669 -0.58644276 -0.80303500 -0.10130102 51 153 230
-0.57262892 0.23999161 0.78175410 -0.57348115 0.24266237 0.78032004 51 153 230
0.45032375 -0.88872657 0.04443703 0.45022103 -0.88879241 0.04435573 51 153 230
0.85402132 0.36221236 0.36745156 0.85466622 0.36139458 0.36677906 51 153 230
-0.35512864 -0.26857970 0.89354060 -0.35924190 -0.26866020 0.89189701 51 153 230
0.19080269 0.61700569 -0.76090715 0.18930363 0.61920048 -0.75951168 51 153 230
-0.91984981 -0.38228682 -0.05496063 -0.91980503 -0.38243086 -0.05486008 51 153 229
0.51681260 -0.62394957 0.58421949 0.51607258 -0.62556219 0.58314947 51 153 229
-0.13255678 -0.44925924 -0.88187066 -0.13112478 -0.45289177 -0.88024935 51 153 229
-0.11580475 0.77782628 0.61436732 -0.11427269 0.77894874 0.61324188 51 153 230
-0.03229523 0.58102972 0.81223062 -0.03019342 0.58322377 0.81074006 51 153 229
0.85672628 -0.43022894 0.27569849 0.85652158 -0.43097052 0.27519400 51 153 230
0.19451263 -0.96928867 0.13478948 0.19415923 -0.96940074 0.13454288 51 153 230
0.35711735 0.85872045 -0.35964570 0.35631268 0.85934161 -0.35898749 51 153 230
0.95316802 0.05466638 -0.29044464 0.95328900 0.05546886 -0.28991316 51 153 230
-0.29984742 0.53925193 -0.78499410 -0.30261837 0.53981996 -0.78355404 51 153 229
-0.53610155 0.84139500 -0.01900178 -0.53614849 0.84137211 -0.01896702 51 153 229
0.62128550 0.73089452 -0.27446223 0.62081362 0.73149710 -0.27396001 51 153 230
0.53796492 -0.75712934 0.36572123 0.53730387 -0.75792881 0.36505189 51 153 230
-0.20003538 -0.75561669 0.62026511 -0.20190340 -0.75606680 0.61912883 51 153 230
-0.82229155 0.27184531 0.49733165 -0.82236444 0.27330293 0.49642109 51 153 230
-0.29266806 -0.82100661 -0.48718620 -0.29158024 -0.82192578 -0.48629425 51 153 229
-0.74804649 0.53373180 -0.38964938 -0.74891590 0.53304372 -0.38893621 51 153 230
-0.57171989 -0.81694900 -0.04007736 -0.57163551 -0.81701980 -0.04000404 51 153 230
0.56980502 0.71271812 0.40626069 0.57087940 0.71228083 0.40551710 51 153 230
-0.80898663 0.16278632 0.56221341 -0.80937563 0.16443498 0.56118379 51 153 230
0.29087738 0.03088538 -0.95523101 0.29637916 0.03407206 -0.95346197 51 153 230
-0.65665711 -0.74185875 -0.11906622 -0.65643547 -0.74209944 -0.11884839 51 153 230
0.60652566 0.63357935 0.47632180 0.60779874 0.63302888 0.47544977 51 153 230
-0.45985544 -0.70388010 -0.53709969 -0.45897928 -0.70521658 -0.53611616 51 153 230
-0.64038662 0.49108181 0.58925258 -0.64002731 0.49283974 0.58817333 51 153 229
-0.37921758 -0.36479674 0.84853492 -0.38264315 -0.36488071 0.84697653 51 153 230
0.79010805 -0.59671360 -0.12381384 0.79033979 -0.59646386 -0.12358732 51 153 229
0.28722171 0.89772717 0.33060842 0.28815025 0.89765765 0.33000340 51 153 230
-0.95561448 0.28342315 0.04244727 -0.95559357 0.28353776 0.04236962 51 153 229
-0.57376674 -0.50453715 -0.64280400 -0.57335350 -0.50651700 -0.64162628 51 153 230
0.76096083 -0.14563664 -0.62925254 0.76221306 -0.14412531 -0.62809974 51 153 230
-0.78811077 0.03265218 -0.61148910 -0.78905425 0.03101936 -0.61036896 51 153 229
0.20522611 0.44180491 0.87155948 0.20858210 0.44339603 0.86995783 51 153 230
0.45823543 0.74885115 0.47392357 0.45958766 0.74858175 0.47305594 51 153 229
0.20558176 -0.36038724 0.90859458 0.20526831 -0.36479162 0.90692212 51 153 230
0.68514538 -0.43396265 -0.58307297 0.68664609 -0.43302427 -0.58200505 51 153 230
-0.52975432 0.47131957 -0.70299594 -0.53199561 0.47073654 -0.70170739 51 153 230
-0.55706738 -0.21920006 0.79957674 -0.55969022 -0.21788712 0.79810968 51 153 230
-0.19216265 -0.59670864 0.77578291 -0.19472560 -0.59773136 0.77435991 51 153 229
-0.63182476 0.14178354 0.76035320 -0.63297426 0.14417464 0.75895877 51 153 229
0.86250223 0.45333834 0.21349571 0.86285654 0.45286523 0.21310509 51 153 230
-0.10567775 -0.66362539 0.73900170 -0.10790850 -0.66477575 0.73764676 51 153 229
0.01584812 -0.30130398 -0.95290066 0.01872779 -0.30671288 -0.95113772 51 153 229
-0.53994116 0.73055525 -0.41511649 -0.54106221 0.73016141 -0.41435666 51 153 230
0.67978889 -0.19649839 0.70382135 0.68049161 -0.19870837 0.70253128 51 153 229
-0.70787304 -0.69226713 0.12419330 -0.70813526 -0.69204904 0.12396608 51 153 229
-0.18676576 0.50326932 0.84166620 -0.18546274 0.50635489 0.84012065 51 153 229
0.22940677 -0.52787956 0.81661102 0.22820478 -0.53072399 0.81511228 51 153 230
-0.75889697 0.37003871 0.53156231 -0.75881681 0.37161613 0.53058894 51 153 230
-0.03971604 -0.96692105 -0.24204173 -0.03906120 -0.96706940 -0.24159886 51 153 229
0.94063723 -0.19733737 -0.26683630 0.94092717 -0.19665278 -0.26634804 51 153 230
-0.41783718 -0.78430030 -0.45347683 -0.41694835 -0.78526529 -0.45264669 51 153 230
-0.48741080 0.79725558 0.34985663 -0.48672519 0.79796647 0.34921635 51 153 229
-0.87493194 0.25889608 0.40706462 -0.87493288 0.26005891 0.40631956 51 153 230
0.54440605 -0.18217351 -0.81723550 0.54714625 -0.18074042 -0.81573558 51 153 229
-0.17218037 -0.73468511 -0.65418206 -0.17067499 -0.73610767 -0.65298342 51 153 230
-0.21035491 0.75013250 0.62351293 -0.20896709 0.75148242 0.62237068 51 153 230
-0.14721384 -0.49089368 -0.85760153 -0.14572331 -0.49409128 -0.85602620 51 153 230
0.95914576 0.18667706 0.20451392 0.95933235 0.18614298 0.20413974 51 153 230
-0.76421854 -0.64057587 -0.03043280 -0.76417422 -0.64064680 -0.03037712 51 153 230
-0.94400991 -0.16517385 0.27735067 -0.94429173 -0.16445306 0.27684316 51 153 229
-0.39453445 0.30528682 -0.86632169 -0.39815568 0.30509011 -0.86473006 51 153 230
0.91477657 0.36975478 0.14646617 0.91497166 0.36940190 0.14619821 51 153 230
0.76318065 0.44954133 -0.45898276 0.76292400 0.45084712 -0.45814252 51 153 229
-0.35240420 -0.18708679 -0.91506706 -0.35465995 -0.19109184 -0.91338179 51 153 229
-0.42145677 0.36185331 0.82964748 -0.42172792 0.36505970 0.82812439 51 153 229
0.75803332 0.27983056 0.58524090 0.75932181 0.27860103 0.58416898 51 153 230
-0.59752691 0.52614804 0.60117821 -0.59707808 0.52793799 0.60007700 51 153 230
-0.94565308 0.32166431 -0.00978578 -0.94566571 0.32164056 -0.00976788 51 153 230
-0.58347661 -0.51442990 -0.62506268 -0.58304295 -0.51632511 -0.62391758 51 153 230
-0.61234559 -0.78513967 -0.05922975 -0.61222758 -0.78525147 -0.05912139 51 153 230
0.52899545 0.35539795 0.76789810 0.53157912 0.35460934 0.76648970 51 153 230
-0.82826986 -0.23244989 -0.50713757 -0.82842302 -0.23393348 -0.50620904 51 153 230
0.65171541 -0.66791928 0.35240035 0.65120564 -0.66877318 0.35175542 51 153 230
-0.69476601 -0.06109404 -0.71430762 -0.69593990 -0.06315774 -0.71299821 51 153 230
0.02438082 0.89781981 -0.43509225 0.02320366 0.89824618 -0.43429581 51 153 230
-0.80843306 -0.51302997 -0.28034527 -0.80815577 -0.51376147 -0.27983228 51 153 230
-0.98799878 -0.13937374 -0.01895078 -0.98799696 -0.13942579 -0.01891611 51 153 230
-0.77780020 -0.37294923 -0.50385200 -0.77768863 -0.37442561 -0.50292949 51 153 230
0.63002474 0.51662880 0.57683685 0.63160579 0.51588668 0.57578038 51 153 230
-0.59056498 -0.77216936 -0.22465861 -0.59013870 -0.77262250 -0.22424755 51 153 230
0.78699551 -0.35001341 -0.50721854 0.78806090 -0.34896539 -0.50628986 51 153 230
-0.42668881 0.71028962 0.55666487 -0.42573935 0.71166664 0.55564543 51 153 230
-0.35003063 -0.51539072 -0.77990288 -0.34928165 -0.51807849 -0.77847226 51 153 230
-0.21701466 0.13596958 0.96509141 -0.22152811 0.14182435 0.96329654 51 153 230
0.26985631 0.50363530 0.81889139 0.27284129 0.50449445 0.81738838 51 153 230
-0.03746134 -0.48767777 0.87130356 -0.04004601 -0.49034129 0.86970243 51 153 230
0.52734738 0.82408584 0.19494699 0.52783825 0.82386391 0.19459031 51 153 230
-0.66129562 -0.73962485 0.10864170 -0.66153548 -0.73944652 0.10844294 51 153 230
-0.16573114 0.18714067 0.96665628 -0.16861214 0.19410312 0.96485731 51 153 230
0.66621205 -0.33279443 0.66596688 0.66637002 -0.33491041 0.66474658 51 153 229
0.20270496 0.60977915 0.76395869 0.20521468 0.61070841 0.76255759 51 153 230
0.28888957 -0.89414611 -0.33591346 0.28983316 -0.89407835 -0.33529873 51 153 230
0.44943436 0.55459739 0.69745446 0.45170442 0.55438115 0.69617613 51 153 230
-0.05041259 -0.38373630 -0.92077000 -0.04846017 -0.38808030 -0.91907353 51 153 229
0.97102389 0.13175795 0.18974498 0.97116450 0.13125302 0.18939783 51 153 229
0.56653290 0.50287117 0.65105229 0.56848662 0.50222229 0.64985941 51 153 230
-0.27834050 0.39693693 0.87358711 -0.27804941 0.40068319 0.87198161 51 153 230
0.77999001 0.62195863 0.02010466 0.78002976 0.62192025 0.02006788 51 153 230
-0.81973148 -0.56641159 -0.05073006 -0.81966357 -0.56653313 -0.05063726 51 153 229
0.45450205 -0.55241996 0.69595539 0.45383255 -0.55459221 0.69467982 51 153 230
0.83060111 0.48988331 0.25797787 0.83107429 0.48934230 0.25750583 51 153 230
-0.77162036 -0.59954760 -0.20083548 -0.77134849 -0.60003207 -0.20046803 51 153 230
-0.09093246 0.98783785 0.11348042 -0.09062560 0.98789505 0.11327281 51 153 230
0.28753442 0.73020075 -0.61642969 0.28629662 0.73165067 -0.61530046 51 153 229
-0.88419915 0.46190057 -0.02109161 -0.88423157 0.46185251 -0.02105303 51 153 230
-0.53888862 -0.02172213 0.84003155 -0.54139854 -0.01953165 0.83848905 51 153 230
0.26804041 -0.85637166 0.43631292 0.26701842 -0.85710427 0.43551424 51 153 230
0.74541276 -0.32733817 -0.57960968 0.74674396 -0.32618840 -0.57854813 51 153 230
-0.87780232 0.16875956 0.44387804 -0.87797795 0.17002867 0.44306549 51 153 230
-0.44704440 0.80877728 0.37677604 -0.44628108 0.80952726 0.37608646 51 153 230
0.11495550 0.80702207 -0.57674310 0.11349906 0.80798546 -0.57568681 51 153 230
-0.92636029 -0.35556070 -0.10753303 -0.92627821 -0.35584426 -0.10733631 51 153 230
-0.35344368 0.52342650 -0.77293061 -0.35617332 0.52368638 -0.77151289 51 153 229
0.40545325 0.07667583 -0.91034279 0.40860486 0.07980652 -0.90866713 51 153 229
0.36025620 0.82820558 -0.42487899 0.35933953 0.82900917 -0.42410126 51 153 230
-0.04358259 -0.03426450 0.99687958 -0.05168564 -0.03879590 0.99575552 51 153 229
0.89567146 0.27305651 -0.34535232 0.89562693 0.27402992 -0.34472029 51 153 230
-0.60488259 -0.43692483 0.66363069 -0.60682736 -0.43608871 0.66241466 51 153 230
-0.87007735 -0.47110596 -0.13005024 -0.86994393 -0.47143727 -0.12981232 51 153 230
0.56139839 -0.43136506 0.70354883 0.56125348 -0.43367564 0.70225926 51 153 230
0.66274524 0.53780634 -0.51694660 0.66230696 0.53926857 -0.51600005 51 153 230
-0.80943242 -0.30462903 -0.49999803 -0.80944262 -0.30609552 -0.49908260 51 153 230
-0.76837423 0.21485116 -0.59993449 -0.76961615 0.21349603 -0.59883559 51 153 230
-0.51017690 -0.61454072 -0.59864940 -0.50944683 -0.61622234 -0.59755286 51 153 230
-0.12539086 -0.83501876 -0.53158712 -0.12404842 -0.83584934 -0.53061370 51 153 230
0.06669019 0.97866424 -0.18258266 0.06619669 0.97876682 -0.18224861 51 153 230
-0.43300342 0.26254603 0.86042850 -0.43409067 0.26594842 0.85884778 51 153 230
0.13127993 -0.02651690 0.98917202 0.14400336 -0.03097762 0.98734438 51 153 230
0.97841808 -0.03896555 -0.19325551 0.97851179 -0.03843990 -0.19290192 51 153 230
-0.57270626 0.81532754 -0.05579596 -0.57283854 0.81525031 -0.05569389 51 153 230
0.12977333 -0.77651149 -0.61332817 0.13156988 -0.77710739 -0.61220464 51 153 229
-0.57325963 -0.01858738 -0.81781744 -0.57532889 -0.02089009 -0.81631645 51 153 229
-0.18527353 -0.82099215 -0.53567494 -0.18398657 -0.82193178 -0.53469403 51 153 230
0.84994144 0.28555261 -0.43817528 0.84993776 0.28681557 -0.43737318 51 153 230
-0.47351451 -0.38988530 -0.78763130 -0.47359261 -0.39272788 -0.78618636 51 153 230
-0.84759175 -0.37708714 0.36866932 -0.84825280 -0.37627637 0.36799458 51 153 230
-0.58511304 -0.64263369 0.49349585 -0.58645887 -0.64210430 0.49259234 51 153 230
-0.86341899 -0.36480768 -0.34189148 -0.86327264 -0.36576014 -0.34126579 51 153 230
0.36840504 0.37076570 -0.85083580 0.36856520 0.37420963 -0.84927312 51 153 229
0.11867530 0.83465942 -0.53375430 0.11732205 0.83548713 -0.53277691 51 153 230
-0.79154602 0.59945060 0.10342852 -0.79139530 0.59969166 0.10323930 51 153 230
-0.98939544 -0.03458005 0.12545347 -0.98944127 -0.03423830 0.12522395 51 153 230
0.62902158 -0.45852525 -0.62426206 0.63077407 -0.45769443 -0.62311843 51 153 230
0.21593456 0.11732964 -0.96769294 0.22108061 0.12298500 -0.96589125 51 153 229
0.76520992 -0.57513829 0.28333168 0.76487195 -0.57585412 0.28281322 51 153 229
0.12968943 0.28090761 -0.94977931 0.12962952 0.28686748 -0.94802293 51 153 230
-0.30119140 0.37202309 -0.87656289 -0.30490946 0.37282963 -0.87495171 51 153 230
-0.30186008 0.88000015 -0.36125611 -0.30288082 0.87992950 -0.36059495 51 153 230
0.96924701 -0.04913106 0.23151967 0.96932273 -0.04976833 0.23109606 51 153 230
0.24904056 0.87014856 -0.42115817 0.24803259 0.87081366 -0.42038727 51 153 230
-0.95240978 0.22855971 0.19190494 -0.95235887 0.22908765 0.19155383 51 153 230
-0.34998251 0.35857413 0.86375720 -0.35021416 0.36218613 0.86217021 51 153 230
0.43770864 -0.42957750 0.78770326 0.43753612 -0.43241767 0.78625818 51 153 230
0.88821108 -0.11532444 0.44010167 0.88845582 -0.11656991 0.43929604 51 153 230
-0.96570625 0.21014088 -0.14227243 -0.96583117 0.20976922 -0.14201214 51 153 230
0.53287039 -0.84136959 0.05303445 0.53275666 -0.84146051 0.05293743 51 153 229
-0.67162754 -0.41280802 -0.61206681 -0.67149972 -0.41469204 -0.61094561 51 153 230
0.92586150 0.04582678 -0.36839567 0.92608907 0.04684514 -0.36772143 51 153 230
-0.31211447 -0.94807219 0.03202533 -0.31219987 -0.94805089 0.03196674 51 153 230
0.23178484 -0.97108344 -0.01231713 0.23181836 -0.97107873 -0.01229459 51 153 230
-0.65225055 0.72931210 0.20118804 -0.65189306 0.72973923 0.20081994 51 153 230
0.19367231 0.10667621 0.97439506 0.20190352 0.10825040 0.97257582 51 153 230
-0.06195156 -0.89469758 0.43735560 -0.06317031 -0.89501356 0.43655501 51 153 230
0.17969218 0.20259644 -0.96126934 0.18204678 0.20920095 -0.95948448 51 153 230
0.50276578 0.83912757 -0.20088159 0.50233458 0.83947783 -0.20051405 51 153 230
0.73006272 0.34118452 -0.59090528 0.73009446 0.34298582 -0.58982298 51 153 230
0.90909790 0.30038507 0.28278486 0.90949236 0.29969996 0.28226740 51 153 229
-0.16072222 0.65449224 0.73756183 -0.15911402 0.65640667 0.73620956 51 153 230
0.78254363 -0.18483484 0.59063845 0.78295862 -0.18659060 0.58955661 51 153 230
-0.58958955 -0.60444225 -0.53165769 -0.58898236 -0.60590072 -0.53068414 51 153 230
0.86040713 -0.47160200 -0.18310183 0.86070995 -0.47119706 -0.18276682 51 153 229
-0.41525315 -0.50435967 -0.75524762 -0.41468156 -0.50690958 -0.75386265 51 153 230
0.11488837 -0.60903085 0.78256626 0.11312151 -0.61121746 0.78113069 51 153 229
-0.20187917 0.76823960 -0.60352416 -0.20368811 0.76864489 -0.60241865 51 153 230
-0.93738099 -0.07027974 -0.33504788 -0.93753952 -0.07120880 -0.33443473 51 153 230
0.34954999 0.65041046 0.67305002 0.35170267 0.65052695 0.67181667 51 153 230
0.28674784 -0.81249227 -0.50547468 0.28823347 -0.81254330 -0.50454920 51 153 230
0.41826629 -0.48924708 0.76323369 0.41776650 -0.49187082 0.76183393 51 153 230
-0.21320416 0.66947615 0.70846715 -0.21176035 0.67131811 0.70716851 51 153 230
0.01324702 0.97595381 0.20879947 0.01382002 0.97603324 0.20841744 51 153 230
-0.03518904 -0.92232456 -0.37906204 -0.03416480 -0.92265556 -0.37836826 51 153 230
-0.94900637 0.12647477 0.28015193 -0.94906402 0.12725444 0.27963929 51 153 230
0.47594008 -0.85790729 0.18473256 0.47553250 -0.85821441 0.18439458 51 153 230
-0.12570450 0.98173854 -0.12882369 -0.12605876 0.98172926 -0.12858801 51 153 230
0.23337914 0.95576989 -0.16492747 0.23295521 0.95593414 -0.16462573 51 153 230
0.05448610 0.58043353 0.81148132 0.05689227 0.58229075 0.80999213 51 153 229
-0.27429177 0.22960084 0.93219687 -0.27614201 0.23446549 0.93047713 51 153 230
0.49906783 -0.80740643 0.30971862 0.49844581 -0.80801174 0.30915185 51 153 230
0.15310121 -0.35622761 -0.92075107 0.15699092 -0.35897726 -0.91905463 51 153 229
-0.71433809 0.61714213 -0.32526386 -0.71507801 0.61660462 -0.32466863 51 153 230
-0.92678768 0.35542575 -0.10235704 -0.92691054 0.35517304 -0.10216979 51 153 230
-0.12036024 -0.02881548 0.99101578 -0.13549187 -0.03066904 0.98907331 51 153 229
0.98204651 -0.12847230 0.12416308 0.98203506 -0.12881350 0.12393592 51 153 230
-0.37447192 -0.65515544 0.65398148 -0.37654349 -0.65517498 0.65278320 51 153 230
0.56941184 -0.04317998 0.81947924 0.57140389 -0.04556847 0.81797515 51 153 230
0.49863234 0.27601463 0.81960573 0.50161186 0.27510511 0.81810139 51 153 230
0.65385516 0.35184680 0.66834916 0.65569091 0.35075806 0.66712446 51 153 230
0.83782512 0.41926447 -0.34267762 0.83761765 0.42020800 -0.34205050 51 153 230
-0.77539394 -0.06808401 0.62489999 -0.77646773 -0.06646272 0.62375519 51 153 229
0.47067967 -0.37542023 0.79679948 0.47084072 -0.37832775 0.79533756 51 153 230
0.90052227 -0.07342868 0.42474351 0.90079958 -0.07461499 0.42396604 51 153 230
-0.16237883 -0.93955157 0.29544114 -0.16320446 -0.93958214 0.29490052 51 153 230
0.54850634 0.74734578 -0.37102533 0.54785071 0.74817067 -0.37034628 51 153 230
-0.73550884 -0.19649359 -0.64541662 -0.73602784 -0.19845762 -0.64423410 51 153 230
-0.60246244 0.31375180 0.73210498 -0.60282187 0.31619472 0.73076277 51 153 230
-0.67203094 0.71092251 -0.20102860 -0.67248449 0.71060122 -0.20066080 51 153 229
-0.52295342 0.11628113 -0.84234476 -0.52584259 0.11457574 -0.84079794 51 153 230
-0.45383773 0.77540153 0.43412258 -0.45301169 0.77633837 0.43332791 51 153 230
-0.16930432 -0.98387051 0.00739588 -0.16932463 -0.98386980 0.00738235 51 153 229
0.28370518 -0.61552735 -0.73314869 0.28613261 -0.61600650 -0.73180456 51 153 230
-0.47279502 -0.55290968 0.68404635 -0.47498373 -0.55259951 0.68279273 51 153 230
-0.03128963 0.61644707 -0.78447921 -0.03351192 0.61818151 -0.78304011 51 153 230
-0.92415554 0.37184344 0.04966455 -0.92411841 0.37197462 0.04957369 51 153 230
-0.71769384 -0.40986399 0.56059095 -0.71906511 -0.40887869 0.55956430 51 153 230
0.30074472 0.71037776 0.63346028 0.30271440 0.71058814 0.63229975 51 153 229
-0.27996462 0.66828104 0.68571131 -0.27869586 0.67011080 0.68445460 51 153 229
0.45719825 0.56209274 0.68672881 0.45940886 0.56184159 0.68547025 51 153 230
-0.39723118 0.45819073 -0.79353940 -0.40012235 0.45821270 -0.79208351 51 153 230
-0.60123132 -0.35790470 0.71138959 -0.60337131 -0.35692313 0.71008557 51 153 230
0.95594486 0.04024575 0.28290184 0.95613687 0.03947975 0.28238417 51 153 230
-0.02890549 -0.43066665 -0.90025887 -0.02668658 -0.43428256 -0.89860246 51 153 230
0.38170707 -0.51581236 0.76413603 0.38103882 -0.51840929 0.76273457 51 153 230
-0.66024970 0.62371152 0.41537571 -0.65972244 0.62477784 0.41461542 51 153 230
-0.22313017 -0.94968059 -0.21224878 -0.22258569 -0.94990075 -0.21186044 51 153 230
0.94376082 0.09013658 -0.31571686 0.94387288 0.09101529 -0.31513912 51 153 230
-0.26709165 0.59681334 -0.75363391 -0.26962152 0.59743180 -0.75225190 51 153 230
0.24905657 0.06731140 -0.96463385 0.25506128 0.07153375 -0.96284018 51 153 230
-0.94831370 -0.01150868 0.31459103 -0.94851715 -0.01064998 0.31401535 51 153 230
0.82605317 -0.49624347 0.25928675 0.82580375 -0.49692128 0.25881231 51 153 229
-0.61360084 0.20890969 -0.75955325 -0.61582164 0.20747389 -0.75816031 51 153 230
0.70682096 0.05042592 -0.70281177 0.70797278 0.05242683 -0.70152356 51 153 230
-0.22070416 0.29537339 -0.92805135 -0.22534593 0.29735896 -0.92634006 51 153 230
-0.89031998 -0.34635683 -0.28825564 -0.89018787 -0.34715109 -0.28772817 51 153 230
0.66285181 0.21479570 -0.71546158 0.66353611 0.21707905 -0.71415005 51 153 229
0.28314121 -0.28692947 -0.91405364 0.28757174 -0.28789788 -0.91237062 51 153 230
-0.08745882 0.92263280 0.37112283 -0.08647361 0.92300605 0.37044360 51 153 230
-0.29475601 -0.74661385 -0.59336537 -0.29354459 -0.74796120 -0.59227854 51 153 230
-0.85639399 0.28352086 -0.42715905 -0.85711824 0.28253114 -0.42637715 51 153 230
0.64351102 -0.03541544 -0.76238816 0.64528755 -0.03343310 -0.76098997 51 153 230
-0.26664186 -0.11241843 -0.95610735 -0.27108917 -0.11708608 -0.95433600 51 153 230
0.52717440 -0.10202001 0.84137309 0.52913401 -0.10472717 0.83982809 51 153 230
0.36916615 -0.73419951 -0.56640385 0.37087207 -0.73414983 -0.56536654 51 153 230
-0.91073404 -0.35390758 -0.20370471 -0.91060796 -0.35445643 -0.20333201 51 153 229
0.92014189 0.12916075 -0.36310639 0.92026760 0.13018141 -0.36244185 51 153 229
0.25909323 0.06458172 0.96222217 0.26612659 0.06376271 0.96043481 51 153 230
0.13564303 0.70262807 0.69609713 0.13774650 0.70349664 0.69482130 51 153 229
0.97281085 -0.22446533 0.01663302 0.97280449 -0.22451060 0.01660259 51 153 230
-0.71955145 0.37584522 -0.58185336 -0.72096463 0.37478751 -0.58078769 51 153 230
0.30656285 0.09449717 0.94637876 0.31224067 0.09356280 0.94463016 51 153 230
0.22823649 -0.96816079 -0.08380612 0.22846433 -0.96812752 -0.08365280 51 153 230
0.87957861 0.46836921 0.04364264 0.87964568 0.46826977 0.04356280 51 153 229
0.58718069 0.57068354 0.57109275 0.58879460 0.57007472 0.57004683 51 153 230
-0.50466134 0.56561051 -0.65054559 -0.50667513 0.56518989 -0.64935364 51 153 229
-0.14357605 0.70113934 -0.69609655 -0.14569080 0.70198281 -0.69482072 51 153 229
-0.72100067 0.20021263 0.66155569 -0.72154767 0.20224257 0.66034350 51 153 230
-0.95298289 -0.29014642 0.05776780 -0.95304236 -0.28999922 0.05766212 51 153 230
0.70089093 -0.70253855 -0.10381196 0.70110978 -0.70235594 -0.10362204 51 153 230
0.88914711 0.41463734 -0.18470713 0.88899643 0.41512490 -0.18436920 51 153 230
-0.35884478 0.92983886 0.03729187 -0.35875283 0.92988387 0.03722365 51 153 230
0.47022621 0.04031971 0.87985419 0.47345593 0.03820762 0.87823673 51 153 230
-0.79442758 0.60106627 0.05694147 -0.79434466 0.60119898 0.05683730 51 153 230
-0.61365756 -0.10068832 0.78073797 -0.61578936 -0.09888196 0.77930579 51 153 229
0.36390753 -0.90588817 0.20873582 0.36340853 -0.90617868 0.20835391 51 153 230
0.37829269 -0.04025588 0.92321234 0.38216359 -0.04317411 0.92151089 51 153 230
-0.15011439 -0.62463958 0.76423266 -0.15253574 -0.62578317 0.76283105 51 153 230
0.80298236 0.04912172 0.59205833 0.80387586 0.04755323 0.59097391 51 153 230
-0.94454971 -0.31459005 -0.07790866 -0.94449791 -0.31479781 -0.07776613 51 153 230
-0.72927289 0.59712070 -0.32785524 -0.73000625 0.59656284 -0.32725526 51 153 230
0.13807365 0.08551401 0.98532499 0.14974885 0.09006911 0.98343267 51 153 230
-0.87561594 -0.46916863 0.10417154 -0.87576831 -0.46892665 0.10398096 51 153 230
0.57908148 0.33284266 -0.74321813 0.57938227 0.33536373 -0.74185540 51 153 230
-0.46351373 0.56609368 -0.67963531 -0.46568455 0.56581453 -0.67838983 51 153 230
0.05696717 -0.29686414 0.95230074 0.05545642 -0.30283008 0.95053858 51 153 230
0.05343011 0.74443391 0.66300135 0.05531445 0.74538643 0.66178648 51 153 230
0.25627553 0.20996448 -0.94232895 0.25851502 0.21508825 -0.94058860 51 153 229
-0.18883445 0.94214979 -0.27038416 -0.18958889 0.94214669 -0.26988941 51 153 230
-0.34145377 0.12974904 0.92926965 -0.34469596 0.13366778 0.92755587 51 153 230
0.21869008 0.82248164 0.52125021 0.22021777 0.82268718 0.52029577 51 153 230
-0.15697721 0.59247115 0.78798873 -0.15538332 0.59482873 0.78654312 51 153 230
0.04098548 -0.92607943 -0.36848890 0.04200267 -0.92631310 -0.36781450 51 153 230
-0.35265294 -0.90812039 -0.21382423 -0.35214236 -0.90841978 -0.21343301 51 153 230
-0.01958757 0.77750246 -0.62543479 -0.02131905 0.77839024 -0.62428901 51 153 230
0.90071594 0.31487518 -0.29355468 0.90061117 0.31568967 -0.29301751 51 153 230
-0.86582658 -0.45424903 -0.20063705 -0.86564144 -0.45477177 -0.20026996 51 153 230
-0.58186831 -0.63420779 0.50762182 -0.58326415 -0.63367189 0.50669240 51 153 230
0.03584501 0.04118913 0.99702944 0.04284871 0.04706780 0.99595936 51 153 230
0.88516767 0.09783546 -0.45138610 0.88545438 0.09911134 -0.45055978 51 153 230
0.47180042 0.09647772 -0.87532708 0.47420292 0.09940542 -0.87371826 51 153 229
0.12156211 -0.73898686 0.66074795 0.11995287 -0.74033371 0.65953724 51 153 230
0.28657140 -0.52878931 -0.79744089 0.28941306 -0.52945741 -0.79597779 51 153 230
-0.26771065 -0.90050717 -0.33613214 -0.26689429 -0.90098610 -0.33551700 51 153 230
0.70465892 0.60611976 -0.36145433 0.70421699 0.60704168 -0.36079281 51 153 230
-0.82225504 0.43561673 0.35950161 -0.82202921 0.43660776 0.35884366 51 153 230
0.99524994 -0.04635403 0.04428260 0.99525453 -0.04647550 0.04420158 51 153 230
-0.34734714 -0.57206551 0.74234974 -0.34986436 -0.57229484 0.74098864 51 153 230
-0.44328294 -0.28690349 0.84735375 -0.44664528 -0.28632818 0.84579757 51 153 230
-0.80459826 -0.43634933 -0.39967427 -0.80435792 -0.43746381 -0.39894275 51 153 230
-0.43505635 -0.73490421 -0.51715145 -0.43413325 -0.73612179 -0.51620453 51 153 230
-0.49175201 0.74568943 0.44423142 -0.49096616 0.74670215 0.44341822 51 153 230
-0.03620947 -0.97501687 -0.21123950 -0.03563523 -0.97512505 -0.21085301 51 153 230
0.91377922 -0.19244723 -0.35091277 0.91422105 -0.19156024 -0.35027056 51 153 229
0.06090182 0.83478840 0.54318593 0.06243129 0.83533052 0.54219123 51 153 230
-0.27006324 0.58114478 0.76540864 -0.26887318 0.58355445 0.76400485 51 153 230
0.42816968 -0.51789081 -0.73756662 0.43067476 -0.51776616 -0.73621428 51 153 230
0.86685093 0.17390315 -0.46355450 0.86704374 0.17523622 -0.46270588 51 153 229
-0.17227928 -0.91984692 -0.34627036 -0.17139296 -0.92025903 -0.34563665 51 153 230
0.95947839 0.14521890 -0.23192012 0.95949032 0.14586178 -0.23149578 51 153 229
0.35288060 -0.18132256 0.91631180 0.35523956 -0.18534926 0.91462396 51 153 230
0.95083690 -0.27617690 0.11924650 0.95077871 -0.27649937 0.11902834 51 153 230
-0.70917172 0.54416939 -0.44350088 -0.71023530 0.54345689 -0.44268902 51 153 230
0.78205195 -0.58683388 -0.20234601 0.78244953 -0.58644001 -0.20197579 51 153 230
-0.35052384 -0.43481873 0.82753119 -0.35369941 -0.43517053 0.82601206 51 153 230
-0.74177209 0.60832550 0.27294687 -0.74141381 0.60899713 0.27244742 51 153 230
0.36190062 -0.57734488 0.73003308 0.36097272 -0.57962118 0.72869469 51 153 230
-0.02185617 -0.21424545 -0.97531394 -0.02001221 -0.22276229 -0.97348852 51 153 230
-0.69678847 0.61367277 0.36483050 -0.69633240 0.61459984 0.36416280 51 153 230
-0.73581494 -0.45322654 -0.50000418 -0.73554995 -0.45466963 -0.49908873 51 153 230
0.63910355 -0.44629906 0.62344737 0.63888519 -0.44822408 0.62230525 51 153 229
0.04617582 0.99617954 -0.02672292 0.04610337 0.99619125 -0.02667404 51 153 230
0.38390984 0.70475037 -0.59480868 0.38286606 0.70623807 -0.59371920 51 153 230
-0.58913864 -0.75888634 0.26877032 -0.58980830 -0.75855050 0.26827852 51 153 230
0.29613004 0.68325382 0.66556460 0.29823285 0.68352973 0.66434503 51 153 230
0.67432047 -0.39244053 -0.62319766 0.67597401 -0.39142739 -0.62205599 51 153 230
0.91271591 -0.35231966 0.19807244 0.91259184 -0.35285272 0.19771005 51 153 229
-0.95498081 0.06379928 -0.28189292 -0.95519265 0.06304172 -0.28137710 51 153 230
0.17769048 0.49635713 -0.84797759 0.17636372 0.49950744 -0.84642025 51 153 230
-0.96797622 0.13038367 -0.20281215 -0.96813418 0.12984535 -0.20244107 51 153 230
0.29175514 0.94721642 0.12051810 0.29207940 0.94714828 0.12029761 51 153 229
-0.91459178 0.29688855 0.26615935 -0.91450074 0.29762487 0.26567233 51 153 230
-0.55296334 -0.61679811 -0.55783232 -0.55228809 -0.61833510 -0.55681074 51 153 229
-0.12168935 -0.87479175 -0.46419320 -0.12049603 -0.87541719 -0.46334340 51 153 230
-0.49779464 0.81919226 -0.27763332 -0.49852388 0.81893018 -0.27712529 51 153 230
-0.04722818 -0.50758748 -0.85838222 -0.04514353 -0.51046607 -0.85680531 51 153 230
-0.42323578 0.49365699 0.75791864 -0.42272111 0.49624011 0.75652872 51 153 230
-0.53217060 -0.30076566 -0.78930631 -0.53274665 -0.30356429 -0.78785827 51 153 230
-0.12504979 0.05308134 0.98906798 -0.13718515 0.06040870 0.98714267 51 153 230
0.35008387 -0.26788578 -0.89538147 0.35422391 -0.26800902 -0.89373437 51 153 229
-0.97172581 0.04444631 0.22276530 -0.97179615 0.04505929 0.22235771 51 153 229
-0.56128636 0.64422227 -0.51689215 -0.56273154 0.64373177 -0.51594571 51 153 230
-0.02117653 0.96425069 -0.25563380 -0.02187846 0.96436727 -0.25516605 51 153 230
-0.48805158 -0.82577695 0.27682634 -0.48878167 -0.82552261 0.27631979 51 153 230
0.93717485 -0.20699823 0.27514571 0.93715911 -0.20776647 0.27464224 51 153 230
-0.24978787 -0.96099337 0.10541426 -0.25007253 -0.96094151 0.10522141 51 153 229
-0.03997229 0.50878696 -0.85854842 -0.04251022 0.51124301 -0.85697133 51 153 230
0.80040824 0.47595638 -0.35923344 0.80012975 0.47693482 -0.35857598 51 153 230
0.90901770 0.35451289 0.20538927 0.90930250 0.35402099 0.20501348 51 153 230
0.04729419 -0.99565097 -0.03569021 0.04739204 -0.99565764 -0.03562491 51 153 230
-0.77215092 -0.52127041 -0.35667382 -0.77181867 -0.52222269 -0.35602105 51 153 229
0.37833060 0.92221760 0.03981340 0.37843504 0.92218549 0.03974057 51 153 230
0.77060065 0.13347691 0.61983104 0.77178570 0.13196522 0.61869556 51 153 230
-0.94126618 -0.02925910 0.33049599 -0.94151237 -0.02836288 0.32989117 51 153 230
0.87441782 -0.46229420 -0.12710235 0.87461506 -0.46200553 -0.12686981 51 153 230
-0.63498497 0.37211405 -0.67605543 -0.63690357 0.37109487 -0.67481654 51 153 229
-0.44972333 0.54912484 -0.70153117 -0.45201400 0.54891123 -0.70024532 51 153 230
-0.83760463 -0.10802818 -0.53148952 -0.83803418 -0.10954778 -0.53051628 51 153 229
-0.87474209 -0.47482634 0.06997061 -0.87484962 -0.47466692 0.06984261 51 153 230
0.93371024 0.28672052 -0.20395391 0.93362704 0.28727832 -0.20358075 51 153 230
0.35395088 0.58214267 0.73007917 0.35640233 0.58233199 0.72874070 51 153 230
0.12880110 0.83709928 0.52665284 0.13031809 0.83747956 0.52568847 51 153 229
-0.88811402 -0.35571492 0.28341899 -0.88855239 -0.35505642 0.28290038 51 153 229
0.97606668 0.20073811 0.04799766 0.97610478 0.20061191 0.04790986 51 153 230
0.40518289 0.18917780 0.89276589 0.40921064 0.18837565 0.89112379 51 153 230
0.54876436 0.78803174 -0.27155412 0.54823725 0.78857617 -0.27105722 51 153 230
-0.16700877 -0.95696023 0.22847621 -0.16764168 -0.95695674 0.22805817 51 153 230
-0.53069661 -0.52061267 0.66651989 -0.53275591 -0.52008142 0.66529855 51 153 229
-0.77503119 -0.23411220 -0.58444217 -0.77531336 -0.23586678 -0.58337173 51 153 230
-0.61995073 0.45572113 0.63552541 -0.61970506 0.45769448 0.63436108 51 153 229
0.26271042 0.76171497 0.58933436 0.26449343 0.76194247 0.58825493 51 153 230
0.68885024 0.24978496 -0.67764827 0.68930806 0.25191934 -0.67640642 51 153 230
-0.88098931 0.46262668 0.06943963 -0.88091627 0.46280271 0.06931259 51 153 229
-0.38847912 -0.68980632 0.60870900 -0.39035362 -0.68974270 0.60759397 51 153 229
0.99127704 -0.10152911 0.04350930 0.99127672 -0.10164855 0.04342970 51 153 230
0.12045839 -0.41462192 0.90042496 0.11906615 -0.41863694 0.89876823 51 153 230
-0.30025634 0.78706382 -0.53461575 -0.30184423 0.78713382 -0.53363678 51 153 230
0.38381455 -0.85615241 -0.34206247 0.38476545 -0.85598168 -0.34143647 51 153 230
0.35751736 0.36109822 0.86003100 0.36106675 0.36134216 0.85845111 51 153 229
0.52783804 0.76582161 0.35980475 0.52879663 0.76548031 0.35914625 51 153 230
0.70374965 -0.03807461 0.70653037 0.70495009 -0.04007300 0.70523531 51 153 230
-0.82214433 0.00847368 0.56688709 -0.82284997 0.01003228 0.56584889 51 153 230
0.45140085 0.21036136 -0.86582189 0.45291182 0.21367432 -0.86423106 51 153 230
0.28098740 0.55555007 0.78016158 0.28369397 0.55621221 0.77873047 51 153 230
0.51752482 0.18485301 0.83337558 0.52048993 0.18348782 0.83184552 51 153 229
-0.57983597 -0.56939607 -0.58000264 -0.57926811 -0.57106055 -0.57894036 51 153 230
0.43992912 -0.89408762 -0.04333515 0.44004097 -0.89404674 -0.04325588 51 153 230
-0.19685389 -0.66851215 0.71463665 -0.19910755 -0.66925922 0.71332665 51 153 230
0.29643356 0.87471383 0.37920344 0.29750994 0.87465688 0.37850941 51 153 230
-0.74633506 -0.04887930 0.66202761 -0.74752386 -0.04714300 0.66081455 51 153 230
0.91210154 -0.35137078 -0.19847609 0.91237317 -0.35089415 -0.19811295 51 153 230
-0.80880441 -0.17193424 -0.55948066 -0.80917037 -0.17357739 -0.55845605 51 153 230
-0.27928177 -0.63938432 -0.71431658 -0.27803006 -0.64140401 -0.71300716 51 153 229
0.12486698 0.36197181 0.92182737 0.12859064 0.36502640 0.92012862 51 153 230
0.66690390 -0.60440941 0.43182623 0.66639610 -0.60554376 0.43103577 51 153 229
0.63932379 0.53259782 -0.55060153 0.63888248 0.53418572 -0.54959321 51 153 229
-0.65209743 -0.50219065 0.56480139 -0.65360633 -0.50140332 0.56376702 51 153 230
-0.73706710 -0.36465791 0.56562000 -0.73839626 -0.36359124 0.56458412 51 153 229
-0.19762116 0.90726080 0.36450618 -0.19670544 0.90773683 0.36383907 51 153 230
-0.38566928 0.54022316 0.74727535 -0.38489750 0.54266599 0.74590514 51 153 230
0.95890198 -0.19397071 -0.19736181 0.95908363 -0.19345626 -0.19700072 51 153 230
-0.27134591 0.92110185 0.27092614 -0.27067804 0.92145442 0.27043039 51 153 230
-0.54628781 0.79171160 0.26506129 -0.54577231 0.79224045 0.26457628 51 153 230
0.65285713 -0.18014492 0.73410953 0.65372859 -0.18246710 0.73276363 51 153 229
-0.28169326 0.94899119 0.12708840 -0.28136984 0.94912373 0.12685590 51 153 229
0.07494562 -0.24866530 -0.96420509 0.07937240 -0.25447601 -0.96241254 51 153 230
-0.55664501 0.79413561 -0.23638267 -0.55723899 0.79385730 -0.23595016 51 153 230
-0.05011903 0.92320918 0.37471920 -0.04911305 0.92355157 0.37403338 51 153 230
0.63855999 -0.24611027 0.72699113 0.63917247 -0.24847254 0.72565835 51 153 230
0.37090243 -0.42985987 0.82122609 0.37063195 -0.43297660 0.81971873 51 153 230
0.73738134 0.18577124 -0.64661172 0.73793710 0.18772914 -0.64542700 51 153 229
0.85673914 0.50837982 0.05720623 0.85683031 0.50825194 0.05710157 51 153 229
-0.54820869 0.54184178 0.63369519 -0.54768486 0.54374933 0.63253422 51 153 230
-0.66017399 -0.74619945 -0.06234139 -0.66005497 -0.74632269 -0.06222734 51 153 229
-0.09578742 -0.96015620 -0.25632161 -0.09510153 -0.96035571 -0.25585260 51 153 229
-0.47119426 0.87582984 0.08295866 -0.47100401 0.87595527 0.08280689 51 153 230
0.19316690 -0.96234544 0.17990966 0.19269713 -0.96250744 0.17958050 51 153 230
0.21061021 0.22905693 -0.94936164 0.21235569 0.23475826 -0.94760609 51 153 230
-0.74195198 0.34214350 0.57383933 -0.74196812 0.34387859 0.57278837 51 153 230
-0.76159820 0.26584129 -0.58800987 -0.76287505 0.26458624 -0.58693287 51 153 229
0.45083686 -0.34407027 0.82184149 0.45122392 -0.34718854 0.82033297 51 153 230
-0.33446774 -0.12488338 -0.93244691 -0.33787011 -0.12882090 -0.93072667 51 153 230
-0.84206750 0.12477481 0.52036884 -0.84244196 0.12626859 0.51941601 51 153 230
0.87723150 -0.45951197 0.12302708 0.87710576 -0.45982553 0.12280201 51 153 230
-0.93637779 -0.10286918 0.33200302 -0.93669464 -0.10198916 0.33139544 51 153 230
0.75890159 0.20122697 0.61552217 0.76019816 0.19983463 0.61439460 51 153 230
0.65901037 -0.73987726 -0.11595949 0.65926874 -0.73968950 -0.11574734 51 153 230
0.43528066 0.66634416 0.60261716 0.43711824 0.66614749 0.60151333 51 153 230
0.18113820 0.56468365 0.80468290 0.18384877 0.56591328 0.80320638 51 153 230
0.30910526 -0.90532813 -0.28513555 0.30989613 -0.90522824 -0.28461379 51 153 230
0.95987521 0.22799825 -0.14866139 0.95982871 0.22840515 -0.14838941 51 153 229
-0.59291881 -0.27149887 0.75520759 -0.59524241 -0.27030509 0.75382267 51 153 230
-0.69428150 0.45582406 0.55289835 -0.69402633 0.45746041 0.55188582 51 153 230
