ply
format ascii 1.0
comment Created by Open3D
element vertex 4002
property double x
property double y
property double z
property double nx
property double ny
property double nz
property uchar red
property uchar green
property uchar blue
element face 8000
property list uchar uint vertex_indices
end_header
0.00128118 -0.280222 -0.960403 0.0044813 -0.350355 -0.936606 51 153 230
0.272415 0.0502968 -0.960948 0.276963 0.0326148 -0.960327 51 153 230
0.268889 0.067564 -0.961635 0.232619 0.111033 -0.966209 51 153 230
-0.277174 0.000298536 -0.960183 -0.347568 0.00650735 -0.937632 51 153 230
-0.272983 0.051085 -0.959608 -0.289251 0.0248718 -0.95693 51 153 230
-0.0389884 0.273017 -0.959926 -0.0173682 0.280253 -0.959769 51 153 230
-0.272227 0.0664507 -0.959978 -0.217396 0.0809839 -0.972718 51 153 230
-0.248918 0.138016 -0.957309 -0.25897 0.124316 -0.957852 51 153 230
0.00126179 0.276716 -0.960132 0.000638711 0.344164 -0.938909 51 153 230
-0.206604 0.194381 -0.961339 -0.223916 0.127201 -0.966272 51 153 229
0.238996 0.137807 -0.959802 0.25504 0.134761 -0.957494 51 153 230
-0.194762 0.206708 -0.961304 -0.130846 0.230457 -0.964245 51 153 229
-0.138528 0.239212 -0.959714 -0.119467 0.242655 -0.962729 51 153 230
-0.064175 0.271869 -0.96127 -0.0886746 0.212132 -0.97321 51 153 230
0.065102 0.273514 -0.96022 0.0746385 0.212077 -0.974398 51 153 230
0.0450063 0.273897 -0.959546 0.0183226 0.288921 -0.957178 51 153 230
0.138446 0.247404 -0.957789 0.142786 0.254974 -0.956347 51 153 230
0.207585 0.186976 -0.960867 0.217672 0.152567 -0.964024 51 153 230
-0.148219 -0.246146 -0.956669 -0.14847 -0.271393 -0.950948 51 153 230
0.185498 0.2078 -0.960979 0.148022 0.216304 -0.96504 51 153 230
-0.0592713 -0.271092 -0.962408 -0.1001 -0.228649 -0.968349 51 153 230
0.280405 -6.57848e-05 -0.960424 0.348919 0.00737845 -0.937124 51 153 230
0.0526286 -0.272071 -0.960987 0.0300045 -0.283616 -0.958468 51 153 230
-0.0404839 -0.27351 -0.960894 -0.0261834 -0.267839 -0.963108 51 153 230
-0.241207 -0.129232 -0.960667 -0.247825 -0.130824 -0.959931 51 153 230
0.0683444 -0.268733 -0.961623 0.114354 -0.246543 -0.962362 51 153 229
-0.272604 -0.0649193 -0.961017 -0.195072 -0.0732628 -0.978049 51 153 230
-0.273093 -0.0496775 -0.960266 -0.278956 -0.0195023 -0.960106 51 153 230
0.136709 -0.237517 -0.960787 0.126605 -0.254164 -0.958839 51 153 230
-0.187553 -0.206848 -0.961247 -0.146346 -0.222795 -0.963818 51 153 230
0.190109 -0.204938 -0.962328 0.13476 -0.213038 -0.967706 51 153 230
-0.205833 -0.186534 -0.961761 -0.228295 -0.150719 -0.961855 51 153 230
0.205308 -0.192145 -0.961821 0.234061 -0.142557 -0.961713 51 153 230
0.244173 -0.145812 -0.957773 0.277928 -0.147615 -0.949192 51 153 230
0.270492 -0.0609093 -0.962807 0.231663 -0.104482 -0.967169 51 153 230
0.272336 -0.0485138 -0.961755 0.276502 -0.01826 -0.96084 51 153 230
0.00104808 0.27442 -0.960801 0.00219164 0.212528 -0.977153 51 153 230
-0.273876 0.00030927 -0.961165 -0.220852 0.00661502 -0.975285 51 153 230
0.00159429 -0.27474 -0.961995 0.00222607 -0.207149 -0.978307 51 153 230
-0.0226253 0.0012033 -1.00047 -0.0152024 -0.0032267 -0.999879 51 153 230
-0.221114 0.000670148 -0.972876 -0.209887 -0.0061418 -0.977706 51 153 230
-0.200485 0.0534204 -0.97616 -0.196132 0.0488415 -0.97936 51 153 230
-0.12811 -0.209965 -0.968118 -0.110866 -0.197158 -0.974083 51 153 230
-0.148111 0.000429936 -0.988022 -0.175465 -0.00420087 -0.984477 51 153 230
-0.000287608 -0.203679 -0.976614 0.00292948 -0.192041 -0.981383 51 153 230
0.0466101 -0.000652571 -0.998888 0.066295 0.00236166 -0.997797 51 153 230
-0.122561 0.0741484 -0.988779 -0.138194 0.0820401 -0.987001 51 153 230
-0.199846 -0.135807 -0.969819 -0.18426 -0.10432 -0.977326 51 153 230
0.0777041 -0.222101 -0.970537 0.0576362 -0.192609 -0.979581 51 153 230
-0.148497 -0.151182 -0.975803 -0.13146 -0.135853 -0.981969 51 153 230
-0.196442 0.11912 -0.971861 -0.197065 0.0946112 -0.975815 51 153 229
0.0166077 0.0678615 -0.997904 0.0281827 0.0760503 -0.996706 51 153 230
0.127642 -0.192375 -0.972212 0.0998926 -0.176801 -0.979164 51 153 230
-0.010661 -0.126342 -0.991394 0.00225804 -0.150048 -0.988676 51 153 230
0.0682316 -0.137533 -0.986299 0.066827 -0.149772 -0.98646 51 153 230
0.0866526 0.0677399 -0.993345 0.098663 0.0699119 -0.992662 51 153 230
0.160189 -0.144841 -0.975551 0.139031 -0.120897 -0.982881 51 153 230
-0.153777 0.154892 -0.975475 -0.133908 0.127727 -0.982728 51 153 229
0.132618 -0.0017933 -0.989241 0.152343 0.000725862 -0.988327 51 153 230
0.135114 0.066709 -0.987548 0.159906 0.0628827 -0.985127 51 153 230
0.209404 -0.127429 -0.968765 0.197956 -0.104125 -0.974665 51 153 230
-0.0878051 0.00188711 -0.996806 -0.10029 0.00307332 -0.994953 51 153 230
-5.92988e-05 0.129905 -0.990523 -0.0052967 0.160528 -0.987017 51 153 230
-0.0501084 0.0684358 -0.996896 -0.0585431 0.086307 -0.994547 51 153 230
0.0681013 0.133218 -0.987486 0.0765545 0.145972 -0.986322 51 153 230
0.152456 0.137236 -0.977147 0.138919 0.129345 -0.98182 51 153 230
-0.0740637 0.138933 -0.985868 -0.0681539 0.15772 -0.985129 51 153 229
0.222878 5.62142e-05 -0.972658 0.189607 0.00724824 -0.981833 51 153 230
0.204296 0.074524 -0.973816 0.189934 0.0582004 -0.98007 51 153 230
0.275146 -6.65743e-05 -0.961948 0.20802 0.00782574 -0.978093 51 153 230
-0.130048 0.187804 -0.972618 -0.0935309 0.194411 -0.976451 51 153 229
-0.075481 0.218966 -0.970493 -0.0566882 0.197359 -0.978691 51 153 230
-0.00926652 0.212726 -0.974074 -0.0153942 0.201809 -0.979304 51 153 230
0.0165352 -0.0698153 -0.997428 0.0242839 -0.0782287 -0.99664 51 153 230
0.0773116 -0.0597209 -0.995052 0.0889763 -0.0623508 -0.99408 51 153 230
0.123365 -0.078361 -0.988275 0.137036 -0.0829998 -0.987083 51 153 230
0.194225 -0.0653629 -0.976822 0.178195 -0.0491185 -0.982769 51 153 230
-0.0743495 -0.201785 -0.974679 -0.0611803 -0.184172 -0.980988 51 153 230
-0.0663001 -0.136191 -0.987374 -0.0767266 -0.154157 -0.985063 51 153 230
-0.199794 -0.0757106 -0.974729 -0.187676 -0.0640089 -0.980143 51 153 230
-0.115138 -0.0670053 -0.990488 -0.138362 -0.0836677 -0.986841 51 153 230
-0.0523129 -0.0698045 -0.99646 -0.0550228 -0.0762042 -0.995573 51 153 230
0.203871 0.138452 -0.968368 0.194716 0.106584 -0.975051 51 153 230
0.0511796 0.20249 -0.975719 0.0374413 0.19622 -0.979845 51 153 230
0.120997 0.202249 -0.970405 0.10256 0.188155 -0.97677 51 153 230
-0.277495 -0.352358 -0.897562 -0.241773 -0.409156 -0.879851 51 153 230
0.452841 -0.00188375 -0.89242 0.449745 -0.00474481 -0.893144 51 153 229
0.445368 0.0689251 -0.893476 0.448236 0.0763898 -0.890645 51 153 229
-0.291854 -0.348702 -0.894005 -0.3273 -0.386738 -0.862153 51 153 230
0.428999 0.131822 -0.894251 0.465103 0.1304 -0.8756 51 153 229
-0.346893 -0.290766 -0.894594 -0.386895 -0.326384 -0.86243 51 153 230
0.00894446 -0.449655 -0.894134 0.0141711 -0.453217 -0.891288 51 153 230
0.411505 0.188499 -0.893554 0.423227 0.154467 -0.892759 51 153 230
-0.352817 -0.276792 -0.896844 -0.411858 -0.267201 -0.871193 51 153 230
0.410288 0.196142 -0.893501 0.36176 0.240646 -0.900677 51 153 230
0.0836038 -0.444334 -0.892537 0.0923242 -0.472083 -0.876706 51 153 230
-0.128878 -0.431444 -0.893713 -0.128549 -0.460446 -0.87833 51 153 230
0.356248 0.280151 -0.891464 0.394255 0.289188 -0.872315 51 153 229
-0.444548 0.00772822 -0.896152 -0.415231 0.0149181 -0.909594 51 153 230
0.141911 -0.435528 -0.889322 0.138674 -0.466963 -0.873336 51 153 230
-0.182674 -0.412441 -0.89296 -0.169179 -0.430137 -0.88677 51 153 230
-0.0671559 -0.446881 -0.892854 -0.075023 -0.436671 -0.896488 51 153 230
0.190358 -0.406936 -0.8954 0.153 -0.378572 -0.912839 51 153 229
-0.4512 0.0644341 -0.890442 -0.441386 0.066451 -0.894853 51 153 230
-0.438211 0.136119 -0.88909 -0.469162 0.131955 -0.873198 51 153 230
0.198085 0.410626 -0.892272 0.181659 0.332314 -0.925509 51 153 230
-0.412597 0.189364 -0.892574 -0.378344 0.163021 -0.911197 51 153 230
-0.408346 0.202606 -0.891916 -0.330038 0.201296 -0.922255 51 153 230
0.182641 0.412275 -0.893521 0.169536 0.415412 -0.893695 51 153 230
-0.204477 -0.403477 -0.893007 -0.226515 -0.407322 -0.884748 51 153 230
0.277552 0.3551 -0.89551 0.261301 0.408434 -0.874587 51 153 230
-0.35914 0.272268 -0.893387 -0.392588 0.275475 -0.87749 51 153 230
0.000111544 0.451154 -0.893516 0.0041925 0.443528 -0.896251 51 153 230
-0.412685 -0.190477 -0.892321 -0.389254 -0.15344 -0.90826 51 153 229
0.0703319 0.444689 -0.893475 0.0686095 0.446924 -0.891937 51 153 230
0.203117 -0.407001 -0.893444 0.243769 -0.364471 -0.898742 51 153 229
-0.441035 -0.133165 -0.887943 -0.466644 -0.129679 -0.874887 51 153 230
0.1417 0.425519 -0.895799 0.141794 0.482076 -0.864579 51 153 230
0.271764 -0.355854 -0.895078 0.257933 -0.369489 -0.892719 51 153 229
-0.409484 -0.203448 -0.891715 -0.330632 -0.185406 -0.925369 51 153 229
-0.339201 0.293316 -0.894423 -0.336683 0.303912 -0.891225 51 153 230
0.33416 0.293997 -0.895802 0.329035 0.29362 -0.89751 51 153 229
-0.185279 0.408282 -0.894897 -0.166304 0.379455 -0.910141 51 153 230
0.288137 0.348073 -0.89458 0.338524 0.344117 -0.875777 51 153 230
-0.446097 -0.0586782 -0.893247 -0.436784 -0.0612883 -0.897476 51 153 230
-0.291684 0.342656 -0.894115 -0.31569 0.333189 -0.88844 51 153 230
0.2956 -0.347494 -0.890442 0.30867 -0.349857 -0.88449 51 153 229
-0.131511 0.440579 -0.888571 -0.133732 0.469709 -0.872633 51 153 230
-0.272504 0.361698 -0.892404 -0.276725 0.399183 -0.874115 51 153 230
0.346389 -0.29353 -0.891848 0.348273 -0.312802 -0.883663 51 153 230
-0.206067 0.404052 -0.892706 -0.243978 0.385584 -0.889831 51 153 230
0.351756 -0.27731 -0.895344 0.369939 -0.244359 -0.896344 51 153 230
0.407572 -0.204795 -0.891614 0.368123 -0.23205 -0.900354 51 153 230
0.40947 -0.1891 -0.893657 0.385007 -0.160493 -0.908852 51 153 230
-0.0612243 0.444428 -0.894775 -0.0677474 0.428003 -0.901235 51 153 230
0.436153 -0.13417 -0.890311 0.464165 -0.136197 -0.875215 51 153 229
0.44349 -0.0668995 -0.894898 0.468079 -0.073588 -0.880617 51 153 229
-0.279148 -0.342856 -0.900572 -0.224899 -0.284445 -0.93194 51 153 230
-0.129455 0.274143 -0.951222 -0.145382 0.305561 -0.941008 51 153 230
-0.12268 -0.286247 -0.948118 -0.1458 -0.320433 -0.935983 51 153 230
-0.0590562 -0.271474 -0.962326 -0.0885374 -0.360183 -0.928671 51 153 230
-0.335625 -0.278391 -0.90226 -0.299051 -0.219364 -0.928681 51 153 230
-0.275649 -0.14018 -0.949164 -0.306162 -0.155725 -0.939156 51 153 230
-0.278021 -0.277296 -0.919359 -0.24562 -0.242535 -0.938535 51 153 230
-0.272617 -0.0649277 -0.961012 -0.328589 -0.112855 -0.937706 51 153 230
-0.138321 -0.415248 -0.899937 -0.125618 -0.354548 -0.926561 51 153 230
-0.0793546 -0.401841 -0.911024 -0.0709893 -0.35814 -0.930965 51 153 230
-0.000569484 -0.41146 -0.911132 -0.00650227 -0.364409 -0.931216 51 153 230
-0.215653 -0.360496 -0.907128 -0.168171 -0.322388 -0.931549 51 153 230
-0.147492 -0.35432 -0.920701 -0.139384 -0.330191 -0.933566 51 153 230
-0.203134 -0.26871 -0.939435 -0.196632 -0.288203 -0.937163 51 153 230
-0.0746497 -0.323357 -0.940671 -0.0811404 -0.34829 -0.933868 51 153 230
0.273421 0.0653218 -0.9606 0.346158 0.102339 -0.932578 51 153 230
0.291137 0.130363 -0.945212 0.312382 0.147797 -0.938389 51 153 230
-0.419809 -0.0127859 -0.906731 -0.364489 -0.0076268 -0.931177 51 153 230
0.065102 0.273514 -0.96022 0.107661 0.329032 -0.938162 51 153 230
-0.00875022 -0.336389 -0.938983 -0.008252 -0.350556 -0.936505 51 153 230
0.0573397 -0.420406 -0.906239 0.0556873 -0.376759 -0.924636 51 153 230
0.145679 0.274803 -0.94866 0.154159 0.305467 -0.939641 51 153 230
-0.416564 -0.139923 -0.899016 -0.365544 -0.118304 -0.923245 51 153 230
-0.407102 0.0740038 -0.908872 -0.368754 0.055194 -0.927887 51 153 230
0.123347 -0.408116 -0.904782 0.109319 -0.369273 -0.922869 51 153 230
-0.358989 -0.201503 -0.910041 -0.317133 -0.172806 -0.932504 51 153 229
0.209168 0.209167 -0.956366 0.250102 0.258369 -0.93311 51 153 230
-0.267961 -0.203057 -0.939626 -0.287664 -0.198214 -0.936996 51 153 230
-0.345861 -0.140397 -0.924698 -0.333338 -0.134647 -0.933143 51 153 230
0.252539 0.203296 -0.944257 0.284993 0.210491 -0.935132 51 153 230
-0.414997 0.141152 -0.899923 -0.369314 0.112734 -0.922442 51 153 230
-0.404293 -0.082969 -0.909419 -0.363736 -0.0671805 -0.929076 51 153 230
0.205367 0.26747 -0.939173 0.21125 0.28319 -0.935509 51 153 230
0.0754883 -0.343266 -0.933649 0.0673944 -0.343178 -0.936849 51 153 229
0.29654 0.281119 -0.911587 0.272038 0.24417 -0.930794 51 153 229
-0.345386 -0.000594105 -0.934663 -0.351904 1.60739e-05 -0.936036 51 153 230
-0.331378 -0.0678013 -0.93819 -0.353948 -0.0596952 -0.933358 51 153 230
0.323209 -0.000457656 -0.944056 0.354451 0.0049377 -0.935062 51 153 230
0.342643 0.0750948 -0.933432 0.347557 0.0721022 -0.934882 51 153 230
0.409173 -0.00288399 -0.911561 0.366755 0.00566421 -0.9303 51 153 229
-0.20663 -0.206036 -0.958073 -0.262122 -0.261019 -0.929065 51 153 230
0.420502 0.0825787 -0.903699 0.367683 0.0631391 -0.927805 51 153 229
0.35539 0.152138 -0.919944 0.329197 0.137497 -0.934197 51 153 230
-0.334158 0.0683703 -0.937119 -0.349354 0.0525974 -0.935513 51 153 230
0.407609 0.135526 -0.903165 0.351778 0.113361 -0.929194 51 153 229
0.151017 -0.35346 -0.921421 0.139213 -0.32877 -0.934093 51 153 229
0.335404 0.203591 -0.917399 0.307293 0.191544 -0.932139 51 153 230
-0.272227 0.0664507 -0.959978 -0.323422 0.109677 -0.939877 51 153 230
0.343665 0.268656 -0.899858 0.315531 0.225322 -0.921776 51 153 229
0.0662328 -0.272909 -0.960657 0.102183 -0.340954 -0.93451 51 153 229
-0.355434 0.1291 -0.923089 -0.334633 0.127393 -0.933698 51 153 230
0.132089 -0.290899 -0.945429 0.143963 -0.313431 -0.938635 51 153 229
0.00158544 0.344404 -0.935148 -0.000541235 0.346153 -0.938178 51 153 230
-0.284307 0.151073 -0.944523 -0.316044 0.147604 -0.937192 51 153 230
0.0782651 0.343189 -0.932992 0.0671074 0.343085 -0.936904 51 153 230
0.213696 -0.338325 -0.914694 0.195533 -0.309148 -0.930696 51 153 229
0.275764 -0.342823 -0.89902 0.241307 -0.292197 -0.925414 51 153 229
0.190611 -0.254562 -0.947314 0.190191 -0.300529 -0.934618 51 153 230
0.272931 -0.289657 -0.915675 0.25931 -0.276603 -0.925337 51 153 230
0.152787 0.336955 -0.926324 0.144915 0.325602 -0.934336 51 153 230
0.341049 -0.27757 -0.899231 0.291616 -0.232685 -0.927803 51 153 230
-0.013569 0.42266 -0.906077 -0.0156272 0.362643 -0.931797 51 153 230
0.0512486 0.413624 -0.908288 0.0434087 0.364666 -0.930126 51 153 230
0.138291 0.412502 -0.902092 0.105348 0.351932 -0.930078 51 153 230
0.208547 -0.210893 -0.95728 0.260823 -0.260536 -0.929565 51 153 230
0.200045 0.357004 -0.911013 0.176103 0.317523 -0.931755 51 153 230
0.271166 0.343093 -0.901315 0.214327 0.294535 -0.931297 51 153 230
-0.334345 0.202216 -0.917733 -0.313624 0.193686 -0.929584 51 153 230
0.263812 -0.201945 -0.941475 0.299217 -0.202531 -0.932443 51 153 230
0.291687 -0.128085 -0.945474 0.319909 -0.148875 -0.935679 51 153 230
0.271258 -0.0604959 -0.962646 0.353227 -0.104323 -0.929703 51 153 230
0.347646 -0.20526 -0.91279 0.318646 -0.184046 -0.929834 51 153 230
-0.252588 0.192294 -0.947604 -0.306248 0.203673 -0.929908 51 153 229
0.356656 -0.148555 -0.920034 0.330437 -0.140811 -0.933265 51 153 230
-0.064173 0.271887 -0.961265 -0.093601 0.344421 -0.934138 51 153 230
-0.342267 0.273511 -0.89945 -0.302371 0.216561 -0.928263 51 153 230
0.405848 -0.130082 -0.904725 0.357127 -0.122429 -0.925998 51 153 229
-0.276358 0.283203 -0.916498 -0.265223 0.263872 -0.927377 51 153 230
0.342217 -0.0725261 -0.934253 0.346543 -0.0715704 -0.9353 51 153 230
0.420386 -0.0785863 -0.904997 0.371779 -0.0662223 -0.925956 51 153 229
-0.140319 0.348115 -0.924075 -0.134801 0.332787 -0.933317 51 153 230
-0.210293 0.211663 -0.957024 -0.256884 0.271455 -0.927536 51 153 229
-0.062975 0.331186 -0.938428 -0.0551819 0.350448 -0.934955 51 153 230
-0.186591 0.266906 -0.943969 -0.188311 0.307072 -0.93287 51 153 230
-0.141706 0.413886 -0.900225 -0.11944 0.365788 -0.923002 51 153 230
-0.0823776 0.404936 -0.909539 -0.0672469 0.357806 -0.931371 51 153 230
-0.274178 0.345085 -0.899013 -0.225651 0.295973 -0.92816 51 153 230
-0.221678 0.350919 -0.9085 -0.194665 0.314087 -0.929223 51 153 230
-0.136805 -0.549917 -0.82305 -0.127889 -0.581652 -0.803321 51 153 230
0.143305 -0.549546 -0.82223 0.158224 -0.561864 -0.811957 51 153 230
0.20353 -0.528059 -0.823741 0.193562 -0.515332 -0.834845 51 153 230
-0.564299 -0.00183728 -0.827444 -0.585211 -0.00771494 -0.810844 51 153 230
0.276365 -0.497897 -0.823665 0.250801 -0.531509 -0.809072 51 153 230
-0.569026 0.0604217 -0.821152 -0.59447 0.0740044 -0.800705 51 153 230
-0.142035 -0.548873 -0.82257 -0.1814 -0.545853 -0.818009 51 153 230
-0.54916 0.139156 -0.823921 -0.590236 0.12717 -0.797151 51 153 230
0.300979 -0.482049 -0.823759 0.319789 -0.474503 -0.820111 51 153 230
-0.0722491 -0.566158 -0.8213 -0.0971731 -0.589959 -0.801564 51 153 230
-0.547373 0.146988 -0.823269 -0.557312 0.180627 -0.810418 51 153 230
-0.274197 0.496019 -0.824444 -0.255563 0.543469 -0.79958 51 153 230
-0.00255111 -0.570658 -0.822478 -0.00815623 -0.594453 -0.804089 51 153 230
0.548969 0.14574 -0.822298 0.553213 0.175756 -0.814288 51 153 230
0.0671695 -0.558967 -0.829794 0.0945192 -0.613624 -0.78392 51 153 230
-0.211157 0.519577 -0.825872 -0.201073 0.524379 -0.827403 51 153 230
-0.547379 -0.144591 -0.823745 -0.553363 -0.193433 -0.810168 51 153 230
-0.000916108 0.568296 -0.825532 -0.00989165 0.60271 -0.797899 51 153 230
0.527459 0.206197 -0.822908 0.528897 0.197424 -0.825404 51 153 230
0.139332 -0.548875 -0.823445 0.151876 -0.591679 -0.791739 51 153 230
0.068245 0.568443 -0.821199 0.0892021 0.601115 -0.794168 51 153 230
-0.142073 0.548694 -0.822574 -0.180147 0.554762 -0.812272 51 153 230
-0.516799 0.20254 -0.830977 -0.515059 0.183905 -0.837194 51 153 230
0.341879 -0.451071 -0.824426 0.333983 -0.450673 -0.827858 51 153 230
0.138108 0.549454 -0.822724 0.143585 0.588786 -0.795433 51 153 230
0.500333 0.270672 -0.82357 0.521291 0.238677 -0.819322 51 153 230
0.39434 -0.412403 -0.823997 0.357197 -0.440519 -0.823622 51 153 230
0.140504 0.549292 -0.822331 0.177584 0.551895 -0.814786 51 153 230
-0.498728 0.264406 -0.827383 -0.531161 0.226743 -0.816368 51 153 229
0.41147 -0.394311 -0.823982 0.435376 -0.363794 -0.823469 51 153 230
-0.136856 0.549893 -0.822875 -0.122831 0.589776 -0.798171 51 153 230
0.198912 0.522953 -0.826949 0.185474 0.529032 -0.828085 51 153 230
0.264998 0.504312 -0.822926 0.222638 0.533328 -0.816084 51 153 230
-0.484481 0.304142 -0.822766 -0.499574 0.307121 -0.810001 51 153 230
0.404074 0.391077 -0.827021 0.408048 0.367261 -0.835832 51 153 229
-0.458173 0.337586 -0.823765 -0.437525 0.355409 -0.825988 51 153 230
0.391094 0.416837 -0.820876 0.379573 0.428234 -0.820085 51 153 229
0.453399 -0.343868 -0.823376 0.445202 -0.34254 -0.827322 51 153 230
-0.411279 0.396184 -0.822099 -0.414793 0.376497 -0.82837 51 153 230
0.478845 -0.306748 -0.823979 0.462703 -0.317587 -0.827674 51 153 230
-0.548917 -0.138942 -0.824136 -0.604057 -0.12166 -0.7876 51 153 230
0.480215 0.300752 -0.824266 0.46206 0.325535 -0.824941 51 153 230
0.448187 0.357992 -0.818186 0.458312 0.362192 -0.811645 51 153 230
0.500635 -0.279068 -0.822307 0.545516 -0.264009 -0.795432 51 153 230
-0.569052 -0.0684453 -0.819416 -0.605976 -0.0739221 -0.792041 51 153 230
-0.3943 0.416984 -0.820005 -0.356536 0.437406 -0.825565 51 153 230
-0.0590332 0.563858 -0.824233 -0.101125 0.586097 -0.803905 51 153 230
0.52718 -0.21387 -0.821658 0.523632 -0.187125 -0.83114 51 153 230
-0.265622 -0.497428 -0.82539 -0.233584 -0.521026 -0.820957 51 153 230
-0.339901 0.452576 -0.82377 -0.337429 0.446659 -0.828635 51 153 230
-0.299887 -0.481575 -0.82303 -0.314392 -0.48955 -0.813326 51 153 230
0.549275 -0.139424 -0.82242 0.549715 -0.162268 -0.81944 51 153 229
-0.301116 0.480268 -0.823837 -0.315348 0.484874 -0.815753 51 153 230
-0.3424 -0.450807 -0.823366 -0.331785 -0.451452 -0.828317 51 153 230
0.341363 0.451797 -0.824212 0.352365 0.443489 -0.82411 51 153 230
-0.395106 -0.415093 -0.820819 -0.363178 -0.440691 -0.82091 51 153 230
0.549458 -0.137679 -0.822641 0.588284 -0.150283 -0.794567 51 153 229
0.299071 0.48335 -0.824487 0.322596 0.476754 -0.817703 51 153 230
-0.408789 -0.396371 -0.823072 -0.425166 -0.363619 -0.828864 51 153 230
0.563889 -0.073071 -0.82415 0.605606 -0.0976021 -0.789756 51 153 230
-0.446176 -0.343336 -0.825481 -0.44782 -0.341688 -0.826261 51 153 230
0.57441 0.00237153 -0.818982 0.604368 -0.00677343 -0.796676 51 153 230
-0.479718 -0.298999 -0.824975 -0.471935 -0.319683 -0.821633 51 153 230
-0.499064 -0.270287 -0.823693 -0.544562 -0.24714 -0.801483 51 153 230
-0.206051 -0.526072 -0.82269 -0.197881 -0.519017 -0.831543 51 153 230
-0.512738 -0.204806 -0.831868 -0.518063 -0.19821 -0.83206 51 153 230
0.560726 0.0650224 -0.829213 0.618917 0.0964408 -0.779514 51 153 230
0.550306 0.137774 -0.823228 0.598603 0.154522 -0.786001 51 153 229
0.00152115 -0.547841 -0.838069 -0.00249872 -0.513782 -0.857917 51 153 230
-0.137381 -0.548954 -0.8236 -0.124931 -0.506134 -0.853359 51 153 230
0.0657476 -0.557671 -0.830933 0.0770353 -0.4956 -0.865128 51 153 230
-0.543765 -0.00312304 -0.840496 -0.505819 -0.000511303 -0.86264 51 153 230
-0.00841243 -0.486098 -0.874419 -0.00904537 -0.503335 -0.864044 51 153 230
0.0585984 -0.490307 -0.868743 0.0787629 -0.49317 -0.86636 51 153 230
-0.550507 0.0685718 -0.832503 -0.515393 0.0841993 -0.852807 51 153 230
0.139331 -0.548873 -0.823446 0.128359 -0.492434 -0.860832 51 153 230
-0.272085 0.433755 -0.857545 -0.281433 0.430522 -0.857582 51 153 230
-0.54916 0.139156 -0.823921 -0.504744 0.120833 -0.85477 51 153 230
-0.202078 0.411102 -0.890546 -0.229969 0.467745 -0.853422 51 153 230
0.137657 -0.49422 -0.856511 0.134494 -0.502418 -0.854101 51 153 230
-0.269913 0.483805 -0.83285 -0.230773 0.467853 -0.853146 51 153 230
-0.197279 0.454032 -0.867681 -0.19845 0.481517 -0.853674 51 153 230
0.185188 -0.458945 -0.868224 0.181555 -0.489881 -0.852675 51 153 230
-0.138978 0.505274 -0.849669 -0.146797 0.503821 -0.851243 51 153 230
0.485735 0.00697759 -0.874249 0.50121 -0.00016291 -0.865326 51 153 229
0.269519 -0.481964 -0.834624 0.236217 -0.467313 -0.851951 51 153 230
-0.468515 0.00101878 -0.883529 -0.49032 -0.00184729 -0.871541 51 153 230
-0.000395983 0.551383 -0.836736 -0.0155416 0.517778 -0.855374 51 153 230
-0.137322 0.549165 -0.823297 -0.128576 0.515035 -0.847471 51 153 230
0.468422 0.0570949 -0.882178 0.485697 0.0817732 -0.870294 51 153 229
0.0644141 0.552489 -0.832889 0.0879215 0.510969 -0.855091 51 153 230
-0.481202 0.0745962 -0.87296 -0.499421 0.0777036 -0.862868 51 153 230
0.547262 -0.00423087 -0.837411 0.521216 -0.0175113 -0.853245 51 153 230
-0.0688398 -0.54265 -0.836977 -0.0839527 -0.519333 -0.850438 51 153 230
0.561174 0.0654015 -0.828899 0.503482 0.0730858 -0.860909 51 153 230
-0.504666 0.142733 -0.849689 -0.49946 0.141438 -0.854714 51 153 230
0.138108 0.549454 -0.822724 0.137453 0.51222 -0.847784 51 153 230
-0.0588477 0.478672 -0.876311 -0.0739694 0.498512 -0.863721 51 153 230
-0.456996 0.212783 -0.863341 -0.470086 0.199378 -0.859807 51 153 230
0.0179353 0.481146 -0.877173 0.0301549 0.492386 -0.869854 51 153 230
0.202642 -0.410761 -0.891825 0.236459 -0.457304 -0.857298 51 153 229
-0.0738957 0.54403 -0.835751 -0.0965063 0.518365 -0.849696 51 153 230
0.284464 -0.416313 -0.862769 0.295804 -0.416344 -0.859743 51 153 230
0.490598 0.139626 -0.857989 0.492692 0.14521 -0.858003 51 153 230
-0.548396 -0.138869 -0.824512 -0.523067 -0.113429 -0.84471 51 153 230
0.355195 -0.392234 -0.848647 0.334197 -0.386544 -0.859591 51 153 230
0.342538 -0.345177 -0.873821 0.357639 -0.347482 -0.866805 51 153 230
0.549293 0.137213 -0.824009 0.50122 0.146253 -0.852871 51 153 229
0.403772 -0.342067 -0.847987 0.396777 -0.32233 -0.85946 51 153 230
-0.550373 -0.0664164 -0.832594 -0.521469 -0.0870982 -0.848814 51 153 230
0.410288 0.196142 -0.893501 0.448168 0.247092 -0.859122 51 153 230
0.410244 -0.275657 -0.868399 0.414065 -0.288665 -0.863263 51 153 230
0.414358 0.280182 -0.864168 0.412394 0.297313 -0.861125 51 153 230
0.487184 -0.273683 -0.83136 0.460393 -0.235083 -0.856023 51 153 230
0.475096 0.212451 -0.852914 0.492574 0.186023 -0.850157 51 153 230
-0.413761 0.203495 -0.889284 -0.42955 0.260217 -0.864739 51 153 230
0.414482 -0.203967 -0.88866 0.447218 -0.23404 -0.863262 51 153 230
0.47934 0.273569 -0.834723 0.446193 0.262273 -0.855643 51 153 230
-0.275681 -0.478786 -0.833505 -0.254849 -0.452009 -0.854833 51 153 230
0.461751 -0.186355 -0.866497 0.488196 -0.17954 -0.854066 51 153 229
-0.35319 -0.392396 -0.848811 -0.3375 -0.407856 -0.848379 51 153 230
0.493596 -0.138293 -0.856684 0.506676 -0.1331 -0.8518 51 153 229
0.549458 -0.137679 -0.822642 0.504035 -0.122984 -0.854882 51 153 229
0.198086 0.410627 -0.892272 0.242956 0.441246 -0.863872 51 153 230
-0.274283 -0.42101 -0.863215 -0.28435 -0.438354 -0.852638 51 153 230
0.296385 0.41667 -0.85942 0.298316 0.418988 -0.857588 51 153 230
0.489039 -0.0562929 -0.869621 0.501316 -0.0767511 -0.861854 51 153 230
-0.39126 -0.346363 -0.851872 -0.405246 -0.338563 -0.849206 51 153 230
0.090609 0.478661 -0.872373 0.112814 0.498612 -0.859453 51 153 230
-0.477748 0.278933 -0.835977 -0.433441 0.253658 -0.864746 51 153 229
0.158165 0.486748 -0.856806 0.159239 0.499566 -0.851514 51 153 230
-0.41846 0.290955 -0.859829 -0.409068 0.289406 -0.865395 51 153 230
0.213129 0.472901 -0.853927 0.184516 0.491038 -0.851373 51 153 230
0.273254 0.475165 -0.837918 0.24752 0.452438 -0.856758 51 153 230
-0.483029 -0.269083 -0.833729 -0.463034 -0.236594 -0.854179 51 153 230
0.557182 -0.0652552 -0.829783 0.513977 -0.0758637 -0.854443 51 153 230
0.354839 0.32127 -0.87705 0.381534 0.333791 -0.861983 51 153 229
-0.400747 0.350309 -0.846466 -0.385699 0.343306 -0.856375 51 153 230
-0.425224 -0.285204 -0.857802 -0.435602 -0.287245 -0.853077 51 153 230
0.413313 0.3428 -0.842184 0.404297 0.328895 -0.853447 51 153 229
0.352879 0.390514 -0.849456 0.358369 0.377521 -0.853844 51 153 229
-0.351374 0.333806 -0.874379 -0.364479 0.339624 -0.86707 51 153 230
-0.339371 -0.345724 -0.875765 -0.370953 -0.362221 -0.855097 51 153 230
-0.343758 0.38918 -0.853592 -0.330927 0.397451 -0.855874 51 153 230
-0.221522 -0.463448 -0.855978 -0.202846 -0.480243 -0.853358 51 153 230
-0.135368 -0.489093 -0.859335 -0.152521 -0.49654 -0.854509 51 153 230
-0.200433 -0.412014 -0.890013 -0.23461 -0.461555 -0.855526 51 153 230
-0.0567421 -0.470012 -0.881731 -0.0796996 -0.494106 -0.865741 51 153 230
-0.453459 -0.199756 -0.867687 -0.478878 -0.203887 -0.853877 51 153 230
-0.413343 -0.203576 -0.889866 -0.452807 -0.26073 -0.852635 51 153 229
-0.505463 -0.141995 -0.849374 -0.501156 -0.144854 -0.853147 51 153 230
-0.482014 -0.0775524 -0.872267 -0.497201 -0.0773905 -0.864177 51 153 230
0.000284407 -0.655337 -0.755702 -0.00476119 -0.660001 -0.75125 51 153 230
-0.652233 -0.00856001 -0.758454 -0.639986 -0.0120125 -0.768292 51 153 230
-0.649949 0.0628347 -0.757263 -0.645844 0.0684389 -0.760396 51 153 230
0.0755895 -0.656694 -0.750534 0.0911375 -0.649748 -0.754667 51 153 230
-0.647419 0.129721 -0.750212 -0.648794 0.129873 -0.7498 51 153 230
-0.35861 0.550458 -0.755076 -0.398016 0.542594 -0.739713 51 153 230
0.141391 -0.63993 -0.753687 0.13646 -0.640958 -0.755349 51 153 230
-0.6196 0.210567 -0.757048 -0.645203 0.156377 -0.747836 51 153 230
0.210423 -0.620016 -0.757566 0.16681 -0.653592 -0.738235 51 153 230
0.552233 0.357215 -0.752793 0.540413 0.394001 -0.743449 51 153 230
-0.61788 0.219996 -0.754942 -0.602839 0.260385 -0.754178 51 153 230
0.22081 -0.621741 -0.751845 0.278078 -0.605937 -0.745327 51 153 230
-0.340135 0.560297 -0.756443 -0.289409 0.593303 -0.751155 51 153 230
-0.596733 0.271611 -0.754289 -0.592743 0.27229 -0.757967 51 153 230
0.506132 0.405482 -0.759666 0.517827 0.399524 -0.756463 51 153 230
0.276196 -0.588913 -0.757368 0.276458 -0.584046 -0.763191 51 153 230
-0.267382 0.597023 -0.754254 -0.260236 0.584053 -0.768868 51 153 230
0.406839 0.507136 -0.759418 0.401339 0.520262 -0.753826 51 153 230
-0.559667 0.345822 -0.755264 -0.599499 0.328261 -0.729963 51 153 230
0.346669 -0.558611 -0.75399 0.31243 -0.596745 -0.739109 51 153 230
-0.550238 0.356584 -0.757354 -0.523816 0.406022 -0.748841 51 153 230
-0.216029 0.619087 -0.75379 -0.25057 0.598854 -0.76065 51 153 230
0.361995 -0.553472 -0.749714 0.399671 -0.555402 -0.72924 51 153 230
-0.205868 0.62154 -0.755091 -0.164336 0.635085 -0.754759 51 153 229
-0.132783 0.655675 -0.741611 -0.144565 0.642332 -0.752669 51 153 229
-0.072556 0.645071 -0.760377 -0.0855375 0.637202 -0.765936 51 153 229
-0.00157964 0.655007 -0.755879 -0.00747435 0.654283 -0.756213 51 153 230
0.406785 -0.507123 -0.759006 0.401538 -0.518821 -0.754713 51 153 230
-0.505752 0.408135 -0.759801 -0.5082 0.412951 -0.755781 51 153 230
0.440389 -0.482249 -0.756305 0.453329 -0.489979 -0.74459 51 153 230
0.476452 -0.441986 -0.759183 0.479904 -0.452448 -0.751653 51 153 230
0.508426 -0.418232 -0.751305 0.531338 -0.436385 -0.726118 51 153 230
-0.489192 0.441881 -0.751618 -0.508877 0.461275 -0.726821 51 153 230
-0.343216 -0.559518 -0.754201 -0.319946 -0.593707 -0.73834 51 153 229
-0.450036 0.480373 -0.752322 -0.454707 0.491866 -0.742502 51 153 230
0.547229 -0.35982 -0.755523 0.541019 -0.395859 -0.74202 51 153 230
-0.408001 0.504698 -0.76038 -0.405965 0.508652 -0.759253 51 153 230
-0.359095 -0.548628 -0.754174 -0.392506 -0.547251 -0.739226 51 153 229
-0.278412 -0.599095 -0.748555 -0.277114 -0.583514 -0.763361 51 153 229
-0.207101 -0.620467 -0.75562 -0.188366 -0.625023 -0.757539 51 153 230
0.558551 -0.344012 -0.755555 0.598366 -0.329813 -0.730193 51 153 229
-0.217658 -0.61665 -0.755245 -0.244447 -0.590658 -0.769005 51 153 230
0.601286 -0.27649 -0.748863 0.588769 -0.286053 -0.755993 51 153 230
-0.144826 -0.646472 -0.747144 -0.147769 -0.632446 -0.760379 51 153 230
0.619521 -0.224632 -0.752536 0.5967 -0.262062 -0.758468 51 153 230
-0.0827664 -0.651285 -0.753678 -0.0954263 -0.638166 -0.763962 51 153 230
0.62316 -0.206086 -0.755649 0.631122 -0.153871 -0.760269 51 153 230
0.647139 -0.144767 -0.746709 0.637477 -0.12707 -0.759918 51 153 230
-0.5488 -0.364456 -0.752694 -0.531589 -0.393766 -0.749908 51 153 230
0.647535 -0.0736708 -0.756985 0.641118 -0.0863913 -0.762564 51 153 230
-0.562259 -0.34365 -0.753404 -0.591806 -0.296506 -0.749567 51 153 230
0.662886 0.00236748 -0.749141 0.656759 -0.00849072 -0.754053 51 153 230
-0.587862 -0.265121 -0.762156 -0.570544 -0.264586 -0.777479 51 153 230
-0.619691 -0.222554 -0.753044 -0.601334 -0.288907 -0.744937 51 153 230
-0.618966 -0.209428 -0.759265 -0.652457 -0.15154 -0.742519 51 153 230
0.360095 0.550572 -0.752841 0.392438 0.55071 -0.736689 51 153 230
-0.641161 -0.129379 -0.754553 -0.639193 -0.122802 -0.759179 51 153 230
0.0640465 0.654149 -0.753674 0.0719292 0.668182 -0.740512 51 153 230
-0.659324 -0.0583531 -0.749421 -0.651928 -0.07528 -0.754535 51 153 230
0.481503 0.442472 -0.755481 0.489952 0.443733 -0.750365 51 153 230
0.127697 0.64523 -0.751111 0.142175 0.64629 -0.74973 51 153 230
0.440842 0.483659 -0.755713 0.451996 0.483103 -0.749874 51 153 230
-0.405043 -0.504821 -0.760923 -0.40042 -0.517918 -0.755927 51 153 230
0.276804 0.589019 -0.756354 0.2704 0.590935 -0.760052 51 153 230
-0.440553 -0.481675 -0.756195 -0.451193 -0.489935 -0.745914 51 153 230
0.215631 0.620899 -0.752369 0.260669 0.610701 -0.747727 51 153 230
-0.48458 -0.44368 -0.7521 -0.496706 -0.451501 -0.741235 51 153 230
0.648852 0.0782611 -0.756222 0.64376 0.0909915 -0.759798 51 153 230
0.205722 0.620582 -0.755827 0.162058 0.638002 -0.752788 51 153 230
-0.504731 -0.41467 -0.756145 -0.513361 -0.421734 -0.747396 51 153 230
0.644643 0.146704 -0.748364 0.643221 0.139935 -0.752785 51 153 230
0.344926 0.559834 -0.753555 0.307766 0.599219 -0.739065 51 153 230
0.619674 0.207351 -0.757479 0.645571 0.171562 -0.74418 51 153 229
0.620119 0.220148 -0.752707 0.611384 0.261605 -0.746842 51 153 229
0.593698 0.271117 -0.756096 0.582281 0.270693 -0.766599 51 153 230
0.560282 0.339259 -0.755752 0.578992 0.299228 -0.758439 51 153 230
-0.338861 -0.551608 -0.761626 -0.29289 -0.540333 -0.788832 51 153 229
-0.207102 -0.620464 -0.755623 -0.174142 -0.579742 -0.795973 51 153 230
-0.265008 -0.536631 -0.79834 -0.265588 -0.552779 -0.789873 51 153 230
-0.138043 -0.601964 -0.78336 -0.140303 -0.602019 -0.786059 51 153 230
-0.198238 -0.563001 -0.799414 -0.201055 -0.571569 -0.795541 51 153 230
-0.00258077 -0.624217 -0.782191 0.0112554 -0.618939 -0.785358 51 153 230
0.205444 -0.557071 -0.803833 0.229238 -0.564773 -0.792768 51 153 230
0.0603369 -0.625912 -0.776883 0.0715363 -0.622062 -0.779693 51 153 230
-0.0475391 -0.618077 -0.784604 -0.0789737 -0.615542 -0.784137 51 153 230
0.277164 -0.525331 -0.803765 0.278249 -0.552817 -0.785475 51 153 230
0.130991 -0.607804 -0.781006 0.13306 -0.606959 -0.783515 51 153 230
0.341942 -0.551216 -0.761327 0.306139 -0.544386 -0.780976 51 153 230
-0.615598 0.0109796 -0.787718 -0.617255 -0.0024698 -0.786759 51 153 230
0.210422 -0.620015 -0.757567 0.160211 -0.58937 -0.791818 51 153 230
-0.554031 -0.349081 -0.757415 -0.511789 -0.330327 -0.793068 51 153 230
0.346955 -0.501253 -0.791852 0.350365 -0.508786 -0.786372 51 153 230
-0.61316 0.0795486 -0.785246 -0.610367 0.0992517 -0.785876 51 153 230
-0.526103 -0.299053 -0.794582 -0.545548 -0.278025 -0.79062 51 153 230
0.395688 -0.467571 -0.790346 0.387921 -0.484467 -0.784098 51 153 230
-0.610859 0.146645 -0.776119 -0.598272 0.14724 -0.787649 51 153 230
0.414649 -0.414511 -0.812426 0.450296 -0.444605 -0.774313 51 153 230
-0.618611 -0.209347 -0.759569 -0.571234 -0.164061 -0.804224 51 153 230
-0.619597 0.210569 -0.75705 -0.570024 0.177068 -0.802321 51 153 230
0.481946 -0.399132 -0.77937 0.491899 -0.393123 -0.776846 51 153 230
-0.27808 0.535762 -0.794924 -0.261069 0.55218 -0.791795 51 153 230
-0.199692 0.560586 -0.800832 -0.204189 0.570606 -0.795434 51 153 230
0.490061 -0.343994 -0.800755 0.506988 -0.350196 -0.787607 51 153 230
-0.553828 0.213287 -0.803177 -0.568335 0.204213 -0.797053 51 153 230
0.553136 -0.341061 -0.760702 0.541943 -0.302462 -0.784101 51 153 229
-0.34582 0.551148 -0.761099 -0.303436 0.513547 -0.802618 51 153 230
0.54017 -0.267659 -0.797021 0.557801 -0.274644 -0.783217 51 153 230
-0.561807 -0.216356 -0.79562 -0.558239 -0.220623 -0.79981 51 153 230
-0.548002 0.281415 -0.78707 -0.563334 0.258918 -0.784612 51 153 230
-0.598957 -0.146252 -0.784775 -0.589602 -0.144639 -0.794638 51 153 230
-0.206896 0.619337 -0.756641 -0.172725 0.579938 -0.79614 51 153 229
0.561865 -0.204001 -0.800361 0.570695 -0.191414 -0.798541 51 153 230
-0.5521 0.345939 -0.761265 -0.535453 0.306327 -0.787054 51 153 230
-0.622883 -0.0745071 -0.77699 -0.611921 -0.0869759 -0.786122 51 153 230
-0.13613 0.604665 -0.78163 -0.140943 0.600627 -0.787009 51 153 230
-0.39767 -0.465202 -0.790148 -0.385886 -0.4813 -0.787046 51 153 230
-0.0572746 0.613391 -0.78734 -0.081336 0.609682 -0.788462 51 153 230
-0.470409 -0.395854 -0.787436 -0.480153 -0.385791 -0.787793 51 153 230
0.619695 -0.207776 -0.758082 0.576919 -0.170335 -0.798843 51 153 230
-0.49008 0.346042 -0.801409 -0.487977 0.378612 -0.786468 51 153 230
-0.420511 -0.420401 -0.80475 -0.451951 -0.440945 -0.77544 51 153 230
0.000721406 0.619895 -0.784781 0.0101424 0.625251 -0.780358 51 153 230
-0.462836 0.418735 -0.781018 -0.461652 0.418646 -0.782057 51 153 230
0.602493 -0.137624 -0.783386 0.604144 -0.133291 -0.785648 51 153 230
-0.346364 -0.499676 -0.792226 -0.337389 -0.5099 -0.79131 51 153 230
-0.414173 0.414389 -0.811973 -0.435465 0.440143 -0.785267 51 153 230
0.612767 -0.0547911 -0.787484 0.620169 -0.068449 -0.781476 51 153 230
0.63346 0.00461219 -0.773576 0.627856 -5.40851e-05 -0.77833 51 153 230
-0.494974 -0.339337 -0.798622 -0.492782 -0.350977 -0.796229 51 153 230
-0.410679 0.463181 -0.78488 -0.400584 0.471227 -0.785797 51 153 230
0.568071 0.205349 -0.794997 0.571554 0.208585 -0.793611 51 153 230
0.528534 0.282763 -0.799518 0.5505 0.27591 -0.787923 51 153 230
-0.347784 0.498734 -0.792941 -0.344153 0.497617 -0.796201 51 153 230
0.0736547 0.627371 -0.774858 0.0881651 0.620164 -0.779502 51 153 230
0.213749 0.565249 -0.794032 0.215549 0.572595 -0.790995 51 153 230
0.147618 0.595814 -0.786691 0.152001 0.597488 -0.78734 51 153 230
0.206861 0.618469 -0.757285 0.188667 0.576368 -0.795113 51 153 230
0.288057 0.522993 -0.802114 0.278938 0.560918 -0.779464 51 153 230
0.42568 0.417994 -0.802069 0.446611 0.42284 -0.788508 51 153 230
0.501103 0.344493 -0.792269 0.502558 0.353547 -0.788948 51 153 230
0.551995 0.342419 -0.760451 0.516543 0.33115 -0.789635 51 153 230
0.475704 0.400694 -0.781777 0.478028 0.391167 -0.786433 51 153 230
0.345818 0.50224 -0.792134 0.356065 0.505378 -0.786009 51 153 230
0.399045 0.468564 -0.787853 0.395523 0.467922 -0.790323 51 153 230
0.341067 0.552072 -0.760875 0.305695 0.554187 -0.774227 51 153 230
0.614002 0.0613649 -0.786293 0.624042 0.0633543 -0.778818 51 153 230
0.603528 0.126263 -0.784857 0.606659 0.141682 -0.782235 51 153 230
0.617668 0.205873 -0.759406 0.592104 0.159009 -0.790019 51 153 229
-0.405169 -0.605221 -0.684939 -0.425085 -0.569302 -0.703703 51 153 230
0.00208809 -0.733366 -0.679124 -0.00125176 -0.733279 -0.679927 51 153 230
0.0704597 -0.720331 -0.689351 0.0751476 -0.727035 -0.682476 51 153 230
0.137513 -0.712677 -0.686582 0.128266 -0.730395 -0.670873 51 153 230
0.475774 -0.5477 -0.687295 0.446883 -0.56129 -0.696598 51 153 230
0.476257 -0.547559 -0.687153 0.51416 -0.518096 -0.683532 51 153 230
0.21422 -0.697066 -0.688522 0.173654 -0.736803 -0.653426 51 153 230
-0.478709 -0.546361 -0.686421 -0.427147 -0.551873 -0.716227 51 153 230
-0.724058 0.0120501 -0.690501 -0.716308 0.0071376 -0.697747 51 153 230
-0.726864 0.0673261 -0.683401 -0.725287 0.0853618 -0.683134 51 153 230
-0.341101 -0.642212 -0.685617 -0.328977 -0.643063 -0.691552 51 153 229
-0.474762 0.548303 -0.687349 -0.450175 0.56152 -0.69429 51 153 230
-0.377899 -0.620911 -0.687008 -0.37341 -0.609754 -0.699117 51 153 229
-0.717499 0.13609 -0.681846 -0.727138 0.128329 -0.67439 51 153 230
-0.412124 0.601707 -0.683404 -0.442124 0.581278 -0.683112 51 153 230
0.54634 0.476809 -0.687971 0.577719 0.452877 -0.679075 51 153 230
-0.380067 0.621328 -0.685142 -0.380964 0.618864 -0.686931 51 153 230
-0.687909 0.213824 -0.697534 -0.737884 0.189833 -0.647681 51 153 230
0.54528 0.477846 -0.68811 0.515123 0.49418 -0.70031 51 153 230
-0.267612 -0.678152 -0.685803 -0.30573 -0.649804 -0.695905 51 153 230
-0.343827 0.639225 -0.687183 -0.327588 0.648168 -0.687433 51 153 230
-0.684667 0.235742 -0.690356 -0.678942 0.27117 -0.682279 51 153 230
0.478593 0.545401 -0.687795 0.496976 0.512661 -0.700138 51 153 230
0.47772 0.546248 -0.687696 0.446216 0.587444 -0.67513 51 153 230
-0.216985 -0.693559 -0.691564 -0.196512 -0.747144 -0.634948 51 153 230
-0.272647 0.674946 -0.685648 -0.297647 0.652895 -0.696516 51 153 230
-0.235168 -0.683981 -0.691777 -0.26448 -0.680395 -0.683456 51 153 230
-0.673324 0.269698 -0.688595 -0.641547 0.29138 -0.709588 51 153 230
0.72814 0.007 -0.685371 0.727735 0.0114088 -0.685764 51 153 230
-0.232157 0.688021 -0.688002 -0.2578 0.680045 -0.686351 51 153 230
-0.147204 -0.711141 -0.685996 -0.126071 -0.732701 -0.668771 51 153 230
0.718587 0.0855366 -0.689269 0.72549 0.0911947 -0.682164 51 153 230
-0.215143 0.693184 -0.690723 -0.17352 0.743683 -0.645621 51 153 230
-0.647452 0.333587 -0.683824 -0.64954 0.330643 -0.68467 51 153 230
0.717902 0.141457 -0.679881 0.735501 0.134269 -0.664086 51 153 230
-0.126406 0.719008 -0.681404 -0.135093 0.732618 -0.667099 51 153 230
-0.615134 0.384802 -0.688215 -0.62036 0.3736 -0.68962 51 153 230
-0.0522483 0.722619 -0.688974 -0.0602747 0.721039 -0.690268 51 153 230
0.689551 0.233693 -0.686259 0.685803 0.274135 -0.674184 51 153 230
-0.599683 0.413299 -0.684306 -0.583475 0.448414 -0.677113 51 153 230
0.275511 0.676029 -0.682461 0.296471 0.655538 -0.694532 51 153 230
0.674769 0.276601 -0.683956 0.660739 0.294151 -0.690579 51 153 229
0.232301 0.689004 -0.686577 0.268867 0.677596 -0.684525 51 153 230
0.00581559 0.719463 -0.694368 0.0206274 0.719071 -0.694631 51 153 230
-0.545673 0.4775 -0.687518 -0.580003 0.454318 -0.67616 51 153 230
0.0543274 0.727908 -0.682329 0.0703774 0.731767 -0.677911 51 153 230
0.696082 0.214497 -0.689447 0.736799 0.170636 -0.654225 51 153 230
0.126476 0.716626 -0.68323 0.127994 0.727272 -0.67431 51 153 230
-0.54509 0.477956 -0.687651 -0.511808 0.494125 -0.702775 51 153 230
0.545822 -0.478279 -0.687204 0.501853 -0.463247 -0.730442 51 153 230
0.216164 0.692821 -0.690314 0.168271 0.729372 -0.6631 51 153 229
0.639286 0.343921 -0.688231 0.650583 0.323866 -0.686916 51 153 230
-0.477891 0.546573 -0.686635 -0.511549 0.512597 -0.68961 51 153 230
0.546937 -0.478274 -0.686479 0.560263 -0.425106 -0.710908 51 153 230
0.617774 0.379144 -0.690127 0.607643 0.383905 -0.695261 51 153 230
0.414244 0.599448 -0.683327 0.437908 0.588046 -0.680028 51 153 230
0.598891 -0.412873 -0.684492 0.590113 -0.442712 -0.675109 51 153 230
0.37848 0.624279 -0.682848 0.384283 0.625698 -0.678843 51 153 230
0.348225 0.628249 -0.695654 0.317516 0.647165 -0.693081 51 153 230
0.61856 -0.376688 -0.68949 0.612103 -0.376438 -0.695431 51 153 230
0.639339 -0.341542 -0.687988 0.646856 -0.32919 -0.687904 51 153 230
0.675391 -0.273949 -0.684716 0.654913 -0.307602 -0.690268 51 153 230
-0.0663057 -0.720452 -0.689139 -0.0764967 -0.726384 -0.683018 51 153 230
0.688696 -0.234735 -0.68808 0.685506 -0.286654 -0.669261 51 153 230
0.695251 -0.215236 -0.692513 0.757161 -0.190637 -0.624792 51 153 230
0.712197 -0.146512 -0.685462 0.733043 -0.121854 -0.669179 51 153 230
0.723161 -0.0704839 -0.686262 0.723472 -0.0784171 -0.685885 51 153 230
0.23419 -0.690906 -0.684956 0.276324 -0.684419 -0.674697 51 153 230
0.275073 -0.677301 -0.682018 0.301167 -0.653822 -0.694129 51 153 230
0.346793 -0.631106 -0.693439 0.323571 -0.647351 -0.6901 51 153 230
-0.547086 -0.477351 -0.686533 -0.550087 -0.452028 -0.702193 51 153 230
-0.599419 -0.412217 -0.685286 -0.581675 -0.442986 -0.682215 51 153 230
0.379503 -0.622794 -0.683082 0.390536 -0.613301 -0.686545 51 153 230
-0.618891 -0.383047 -0.685102 -0.62775 -0.380406 -0.679133 51 153 230
0.415993 -0.600653 -0.680877 0.435175 -0.583878 -0.685353 51 153 230
-0.646358 -0.343858 -0.679736 -0.658538 -0.338798 -0.67197 51 153 230
-0.671822 -0.270562 -0.689374 -0.635999 -0.29932 -0.711276 51 153 230
-0.687598 -0.236086 -0.68784 -0.678058 -0.287042 -0.676642 51 153 230
0.602602 0.411593 -0.683564 0.581264 0.445982 -0.680612 51 153 230
-0.692289 -0.216562 -0.693811 -0.740057 -0.17352 -0.649775 51 153 230
-0.719521 -0.129216 -0.681411 -0.728234 -0.116698 -0.67532 51 153 230
-0.720835 -0.0615135 -0.689608 -0.717761 -0.067472 -0.693012 51 153 230
-0.479474 -0.54602 -0.686241 -0.496338 -0.51214 -0.700972 51 153 230
-0.547125 -0.478126 -0.686069 -0.514831 -0.510829 -0.688479 51 153 230
-0.126072 -0.678909 -0.722537 -0.124705 -0.67833 -0.724097 51 153 230
-0.419986 -0.547556 -0.720537 -0.418871 -0.546172 -0.725426 51 153 230
-0.0672355 -0.684967 -0.725272 -0.0720714 -0.691881 -0.718406 51 153 230
-0.344204 -0.603159 -0.717857 -0.34741 -0.593928 -0.725642 51 153 229
0.00214339 -0.693866 -0.720192 -0.000371511 -0.704557 -0.709647 51 153 230
-0.268967 -0.630837 -0.726408 -0.28159 -0.621473 -0.73108 51 153 229
0.0688613 -0.683936 -0.726379 0.07276 -0.692488 -0.717751 51 153 230
-0.217007 -0.693594 -0.691526 -0.167925 -0.654594 -0.737094 51 153 230
0.13934 -0.683689 -0.71558 0.129293 -0.676063 -0.725412 51 153 230
0.214201 -0.697295 -0.688294 0.183661 -0.650603 -0.736875 51 153 230
0.425091 -0.53874 -0.724677 0.430722 -0.547108 -0.71774 51 153 230
-0.559429 -0.403797 -0.721809 -0.554131 -0.420598 -0.718356 51 153 230
0.484978 -0.480882 -0.727393 0.496807 -0.481297 -0.722175 51 153 230
0.271809 -0.629971 -0.725715 0.284458 -0.627737 -0.72459 51 153 230
-0.60742 -0.349108 -0.712272 -0.613328 -0.338873 -0.713438 51 153 230
0.562076 -0.411634 -0.714392 0.549718 -0.421805 -0.721035 51 153 230
-0.621638 -0.273333 -0.732023 -0.62141 -0.287861 -0.728688 51 153 230
0.345249 -0.609901 -0.712547 0.326766 -0.602836 -0.727882 51 153 230
-0.692857 -0.216285 -0.693276 -0.642769 -0.200097 -0.739465 51 153 230
-0.687661 -0.147545 -0.709881 -0.674155 -0.122888 -0.728295 51 153 230
0.601706 -0.344811 -0.719207 0.598824 -0.348995 -0.720841 51 153 230
0.627957 -0.269106 -0.729568 0.63069 -0.290487 -0.719616 51 153 230
-0.681164 -0.0792239 -0.727099 -0.68448 -0.0923176 -0.723163 51 153 230
-0.685155 -0.00733516 -0.728429 -0.688102 -0.0086405 -0.725562 51 153 230
-0.688117 0.0671816 -0.722348 -0.685786 0.0740046 -0.724031 51 153 230
0.695784 -0.215497 -0.691941 0.654571 -0.166451 -0.737449 51 153 230
-0.685548 0.13409 -0.714294 -0.677669 0.131395 -0.723533 51 153 230
-0.478441 -0.488496 -0.726842 -0.47644 -0.499387 -0.723614 51 153 230
0.680452 -0.126951 -0.720491 0.675347 -0.110963 -0.729104 51 153 230
-0.688209 0.213853 -0.697225 -0.657629 0.173287 -0.733141 51 153 230
0.686828 -0.0716347 -0.722346 0.684069 -0.0811263 -0.724891 51 153 230
0.692772 -0.0109716 -0.721526 0.700848 -0.0214837 -0.712987 51 153 230
-0.621366 0.280768 -0.729931 -0.629033 0.289397 -0.721504 51 153 230
-0.413237 0.549175 -0.724313 -0.428653 0.550054 -0.716726 51 153 230
-0.604525 0.355885 -0.712126 -0.607492 0.351593 -0.712276 51 153 230
-0.354678 0.604587 -0.712772 -0.352742 0.60198 -0.716375 51 153 230
-0.550047 0.412277 -0.724205 -0.550066 0.433034 -0.714079 51 153 230
0.549287 0.421627 -0.71897 0.541996 0.422703 -0.726335 51 153 230
-0.480128 0.489731 -0.725397 -0.493041 0.492983 -0.716853 51 153 230
0.422381 0.548412 -0.719275 0.422809 0.552286 -0.71848 51 153 230
-0.00192405 0.685786 -0.727764 0.00256913 0.691457 -0.722413 51 153 230
0.480608 0.482811 -0.730167 0.489184 0.486676 -0.723772 51 153 230
0.0788035 0.686386 -0.721295 0.0874622 0.694006 -0.714637 51 153 230
0.14938 0.687051 -0.709361 0.129796 0.684354 -0.717504 51 153 230
0.272263 0.630517 -0.724238 0.275701 0.625391 -0.729983 51 153 230
0.686245 0.0519692 -0.725682 0.691038 0.0616384 -0.720186 51 153 230
0.216164 0.692996 -0.690141 0.181696 0.648194 -0.73948 51 153 229
0.686248 0.124417 -0.71547 0.681566 0.121452 -0.721607 51 153 230
0.350533 0.605485 -0.713627 0.345881 0.594023 -0.726294 51 153 230
0.696513 0.214456 -0.68903 0.648438 0.181977 -0.739197 51 153 230
0.629602 0.274657 -0.725608 0.629008 0.278338 -0.725863 51 153 230
0.601599 0.347354 -0.71906 0.589879 0.34242 -0.731295 51 153 230
-0.279139 0.625297 -0.726553 -0.280015 0.625519 -0.728229 51 153 230
-0.215139 0.693332 -0.690576 -0.18749 0.645753 -0.740169 51 153 230
-0.148337 0.68972 -0.707889 -0.130421 0.689961 -0.712001 51 153 229
-0.0796723 0.68024 -0.728078 -0.0820941 0.686514 -0.722467 51 153 229
-0.556918 -0.554346 -0.619176 -0.512413 -0.587167 -0.626632 51 153 229
-0.155375 -0.781296 -0.600183 -0.145086 -0.794417 -0.58979 51 153 230
-0.558282 -0.5542 -0.617818 -0.594964 -0.531448 -0.602977 51 153 229
0.00923976 -0.790322 -0.611111 -0.00315092 -0.782952 -0.622074 51 153 230
-0.0808249 -0.779043 -0.618259 -0.0890227 -0.789421 -0.607363 51 153 230
0.0879477 -0.77366 -0.626177 0.090463 -0.78054 -0.618525 51 153 230
0.140737 -0.788282 -0.59513 0.152643 -0.79649 -0.585067 51 153 230
-0.349407 -0.711113 -0.608506 -0.340614 -0.724918 -0.598729 51 153 230
-0.37742 -0.684894 -0.623419 -0.371476 -0.68824 -0.623162 51 153 230
0.210202 -0.757644 -0.618835 0.164149 -0.800011 -0.577094 51 153 229
-0.268243 -0.733014 -0.622319 -0.28058 -0.733514 -0.619057 51 153 230
0.219575 -0.755456 -0.617165 0.26157 -0.760804 -0.593934 51 153 229
-0.618908 -0.485294 -0.616891 -0.610946 -0.51322 -0.602786 51 153 230
-0.482854 -0.61948 -0.6185 -0.454168 -0.651777 -0.607387 51 153 230
-0.487052 -0.616858 -0.617587 -0.508331 -0.609575 -0.608291 51 153 230
0.280471 -0.728203 -0.623104 0.289082 -0.725923 -0.624073 51 153 229
-0.619809 -0.484437 -0.616531 -0.655122 -0.445175 -0.610438 51 153 230
-0.398043 -0.681243 -0.615256 -0.430264 -0.646091 -0.630428 51 153 230
0.356561 -0.712196 -0.604084 0.352129 -0.716364 -0.602352 51 153 230
-0.667152 -0.41025 -0.619814 -0.654802 -0.433726 -0.618963 51 153 230
0.37877 -0.689684 -0.617041 0.385719 -0.683087 -0.620172 51 153 230
-0.208417 -0.756525 -0.619895 -0.179534 -0.804305 -0.566446 51 153 230
-0.215605 -0.75466 -0.618915 -0.263323 -0.761694 -0.592016 51 153 230
-0.682222 -0.382028 -0.621907 -0.687046 -0.37702 -0.621147 51 153 230
0.409239 -0.663091 -0.625158 0.424149 -0.646024 -0.634627 51 153 230
-0.717686 -0.348294 -0.600879 -0.712657 -0.351192 -0.607277 51 153 230
0.484208 -0.618134 -0.617838 0.456502 -0.657977 -0.598892 51 153 230
-0.724822 -0.271488 -0.630534 -0.723736 -0.286835 -0.62764 51 153 230
0.484237 -0.618097 -0.617861 0.509671 -0.603575 -0.613134 51 153 230
0.550132 -0.558828 -0.618103 0.522787 -0.577242 -0.627284 51 153 230
0.561956 -0.550544 -0.614609 0.57795 -0.533226 -0.617773 51 153 230
-0.752391 -0.220881 -0.61957 -0.756316 -0.263158 -0.598945 51 153 230
0.617769 -0.482921 -0.618419 0.60492 -0.508378 -0.612882 51 153 230
-0.757719 -0.206995 -0.618742 -0.792131 -0.18073 -0.58298 51 153 230
0.618131 -0.482651 -0.61822 0.654557 -0.459391 -0.60043 51 153 230
-0.788027 -0.147274 -0.593968 -0.788929 -0.140388 -0.598232 51 153 230
0.675122 -0.405136 -0.615572 0.645035 -0.437678 -0.626392 51 153 230
-0.784236 -0.070541 -0.614916 -0.786455 -0.0925376 -0.610677 51 153 230
-0.56229 0.55372 -0.616743 -0.602933 0.519622 -0.605364 51 153 230
-0.778715 -0.0135762 -0.627436 -0.779816 -0.0186315 -0.625731 51 153 230
-0.560946 0.555176 -0.616366 -0.504043 0.59631 -0.624784 51 153 230
-0.483588 0.620288 -0.616697 -0.518936 0.613064 -0.5957 51 153 229
0.788204 -0.0132015 -0.613713 0.789984 -0.00722275 -0.613085 51 153 230
0.780295 0.0640173 -0.620018 0.787661 0.0768067 -0.611303 51 153 230
-0.482771 0.620674 -0.61706 -0.471859 0.648273 -0.597571 51 153 229
-0.397522 0.679133 -0.618505 -0.426956 0.642298 -0.636524 51 153 230
0.779828 0.132444 -0.608143 0.786414 0.140765 -0.601447 51 153 230
-0.383391 0.688043 -0.617223 -0.359155 0.700949 -0.616181 51 153 230
0.759266 0.209516 -0.616933 0.798039 0.15174 -0.583189 51 153 229
-0.341893 0.718417 -0.603455 -0.329713 0.730178 -0.59844 51 153 230
-0.261934 0.730795 -0.627823 -0.269545 0.732829 -0.624746 51 153 230
0.757879 0.21432 -0.616429 0.760535 0.269335 -0.5908 51 153 229
0.727195 0.281692 -0.623108 0.731759 0.283758 -0.619685 51 153 230
0.00831971 0.788651 -0.61357 0.0089737 0.778987 -0.626976 51 153 230
-0.214628 0.753918 -0.618512 -0.248754 0.769097 -0.588737 51 153 230
-0.209353 0.755154 -0.61912 -0.179085 0.793636 -0.581438 51 153 230
0.0646771 0.780912 -0.618401 0.0916539 0.777415 -0.622275 51 153 230
0.681874 0.379559 -0.62584 0.685769 0.375521 -0.623462 51 153 230
-0.145445 0.768732 -0.619408 -0.142019 0.792274 -0.593408 51 153 230
0.675014 0.405501 -0.617235 0.647961 0.436703 -0.624049 51 153 230
-0.0700598 0.782666 -0.615724 -0.0811985 0.782851 -0.616888 51 153 230
0.143567 0.779937 -0.605147 0.132333 0.792695 -0.595082 51 153 230
0.712026 0.355699 -0.604818 0.722826 0.355432 -0.592613 51 153 230
0.276333 0.724911 -0.628387 0.289531 0.726172 -0.623575 51 153 230
0.618799 0.484883 -0.617626 0.652559 0.460496 -0.601756 51 153 230
0.219593 0.75533 -0.618255 0.279028 0.746912 -0.603544 51 153 230
0.618657 0.485135 -0.617453 0.61444 0.508123 -0.603551 51 153 230
0.213014 0.759134 -0.61683 0.165333 0.810293 -0.562219 51 153 230
0.555549 0.556891 -0.618844 0.59253 0.512572 -0.621433 51 153 230
0.402075 0.665924 -0.626942 0.426648 0.648311 -0.630607 51 153 230
0.379431 0.688969 -0.61685 0.378649 0.694824 -0.611429 51 153 230
-0.785217 0.0502801 -0.616405 -0.784419 0.0687081 -0.616414 51 153 230
0.555115 0.557901 -0.61807 0.528146 0.592842 -0.607947 51 153 230
-0.788511 0.125589 -0.598502 -0.788891 0.132616 -0.600053 51 153 230
0.484982 0.618235 -0.617008 0.503376 0.614634 -0.607321 51 153 230
-0.760827 0.205323 -0.616281 -0.792259 0.158388 -0.58927 51 153 230
0.484677 0.618415 -0.617174 0.450158 0.651483 -0.610677 51 153 230
-0.752739 0.222043 -0.619275 -0.746857 0.268326 -0.608446 51 153 230
-0.725229 0.275425 -0.628863 -0.729216 0.280816 -0.624008 51 153 230
0.349137 0.716785 -0.601452 0.340059 0.7286 -0.594561 51 153 230
-0.716994 0.349623 -0.60182 -0.732045 0.343635 -0.588239 51 153 230
-0.683791 0.381344 -0.622422 -0.684624 0.371533 -0.627099 51 153 230
-0.676513 0.404086 -0.61598 -0.642278 0.440452 -0.62728 51 153 230
-0.618088 0.485367 -0.616661 -0.657021 0.467471 -0.591435 51 153 230
-0.617775 0.485658 -0.616761 -0.619593 0.498261 -0.606499 51 153 230
0.685323 -0.375536 -0.623878 0.679054 -0.38011 -0.628015 51 153 230
0.710351 -0.356263 -0.606789 0.718234 -0.356983 -0.597246 51 153 230
0.729696 -0.277608 -0.622772 0.729591 -0.285224 -0.621566 51 153 230
0.755009 -0.216523 -0.618511 0.76129 -0.263563 -0.592429 51 153 230
0.756931 -0.208683 -0.619579 0.800901 -0.182792 -0.570215 51 153 230
0.781123 -0.155561 -0.601375 0.790426 -0.155168 -0.592579 51 153 230
0.780356 -0.0942365 -0.616177 0.78761 -0.0994014 -0.608103 51 153 230
-0.556919 -0.554056 -0.619421 -0.528252 -0.520711 -0.670678 51 153 229
-0.122344 -0.754127 -0.642451 -0.125 -0.758434 -0.639651 51 153 230
-0.010767 -0.760101 -0.648672 -0.0192205 -0.774147 -0.632714 51 153 230
0.0566686 -0.753412 -0.654311 0.0577714 -0.757733 -0.650002 51 153 230
0.133547 -0.752961 -0.642323 0.128901 -0.755268 -0.642615 51 153 230
0.476257 -0.547556 -0.687155 0.51139 -0.571879 -0.641431 51 153 230
0.210204 -0.757613 -0.618873 0.154296 -0.745445 -0.648463 51 153 229
0.54915 -0.550615 -0.626168 0.535276 -0.534175 -0.654322 51 153 230
0.270359 -0.689455 -0.671972 0.292504 -0.710169 -0.640391 51 153 229
-0.753384 0.00826436 -0.657899 -0.754683 0.008651 -0.656033 51 153 230
-0.754817 0.0841801 -0.649529 -0.762949 0.100669 -0.638572 51 153 230
0.546928 -0.4783 -0.686466 0.568989 -0.503063 -0.650522 51 153 230
0.338386 -0.68509 -0.643813 0.331611 -0.68399 -0.649763 51 153 230
-0.748443 0.149911 -0.643693 -0.755338 0.141146 -0.639954 51 153 230
0.405067 -0.619765 -0.671058 0.432274 -0.625982 -0.649066 51 153 230
-0.758029 0.207449 -0.6192 -0.741796 0.174971 -0.647397 51 153 230
0.484248 -0.618098 -0.617852 0.450917 -0.609972 -0.651619 51 153 230
0.617761 -0.482972 -0.618387 0.614378 -0.451747 -0.646888 51 153 230
-0.682985 0.274775 -0.676681 -0.695826 0.29854 -0.653223 51 153 230
0.626481 -0.395916 -0.670774 0.630835 -0.430051 -0.645836 51 153 230
-0.695983 0.345349 -0.629413 -0.695696 0.320002 -0.643122 51 153 230
0.692751 -0.338879 -0.636161 0.69133 -0.320067 -0.64778 51 153 230
-0.562295 0.553731 -0.616728 -0.518093 0.520539 -0.678689 51 153 230
0.688262 -0.26843 -0.674251 0.710687 -0.291515 -0.640268 51 153 230
-0.62433 0.402236 -0.669381 -0.629197 0.432263 -0.645956 51 153 230
-0.617795 0.485597 -0.616793 -0.609404 0.457998 -0.647198 51 153 230
-0.478129 0.548373 -0.685024 -0.489926 0.579805 -0.650998 51 153 230
0.75693 -0.208682 -0.619582 0.759067 -0.145314 -0.634588 51 153 230
0.754182 -0.12039 -0.643737 0.754685 -0.129296 -0.643221 51 153 230
0.754603 -0.0557312 -0.653417 0.76047 -0.0595129 -0.64664 51 153 230
-0.482753 0.620745 -0.617003 -0.476144 0.586012 -0.65565 51 153 229
0.757731 0.00738437 -0.652778 0.769914 0.0129127 -0.638017 51 153 230
-0.410649 0.618758 -0.669113 -0.433888 0.625415 -0.648534 51 153 230
-0.339683 0.688493 -0.639968 -0.321621 0.690397 -0.648006 51 153 230
0.270762 0.688943 -0.671666 0.288211 0.708165 -0.644543 51 153 230
0.545969 0.477998 -0.687446 0.576461 0.495443 -0.649791 51 153 230
-0.0051676 0.753894 -0.655595 0.00141698 0.764521 -0.644597 51 153 230
0.0809839 0.752641 -0.651192 0.0854015 0.761869 -0.642077 51 153 230
0.478714 0.545919 -0.687286 0.492519 0.5848 -0.644541 51 153 230
0.133525 0.75521 -0.639046 0.129367 0.756184 -0.641444 51 153 230
0.555596 0.556896 -0.618797 0.523912 0.523534 -0.671884 51 153 230
0.211965 0.757924 -0.618547 0.148278 0.744339 -0.651132 51 153 230
0.752745 0.0658277 -0.654065 0.757146 0.0850976 -0.647679 51 153 230
0.411052 0.617494 -0.669125 0.434269 0.627584 -0.64618 51 153 230
0.750757 0.136058 -0.643873 0.756337 0.128582 -0.641421 51 153 230
0.338951 0.685817 -0.64239 0.329109 0.687671 -0.647145 51 153 230
0.688277 0.27057 -0.672801 0.715353 0.280865 -0.639832 51 153 229
-0.271135 0.688466 -0.672518 -0.287631 0.71958 -0.632038 51 153 230
0.484665 0.618448 -0.617149 0.457517 0.598491 -0.657638 51 153 230
0.758704 0.209655 -0.617591 0.747492 0.150474 -0.647004 51 153 229
-0.209353 0.755154 -0.61912 -0.162615 0.748709 -0.642644 51 153 230
-0.128516 0.759461 -0.635362 -0.141117 0.757451 -0.637459 51 153 230
0.691149 0.335687 -0.6397 0.697637 0.315137 -0.643421 51 153 230
-0.0786801 0.749254 -0.656603 -0.0803206 0.757835 -0.647484 51 153 230
0.626148 0.407809 -0.664548 0.631846 0.427796 -0.646345 51 153 230
-0.0598019 -0.750509 -0.656806 -0.0689112 -0.756638 -0.650192 51 153 230
0.618832 0.484872 -0.617602 0.592677 0.462956 -0.659095 51 153 230
-0.267812 -0.688044 -0.675574 -0.284578 -0.727156 -0.624708 51 153 230
-0.61891 -0.485299 -0.616886 -0.592 -0.460563 -0.661375 51 153 230
-0.547124 -0.478126 -0.686069 -0.577871 -0.495609 -0.64841 51 153 230
-0.615259 -0.412384 -0.670968 -0.634353 -0.429093 -0.643021 51 153 230
-0.343186 -0.689662 -0.637356 -0.328721 -0.685477 -0.649664 51 153 230
-0.692944 -0.341372 -0.633058 -0.697018 -0.323859 -0.63975 51 153 230
-0.682865 -0.269719 -0.678761 -0.696606 -0.307023 -0.648442 51 153 230
-0.545725 0.478103 -0.687041 -0.586417 0.478843 -0.653318 51 153 230
-0.755069 -0.205101 -0.622563 -0.761814 -0.159974 -0.627732 51 153 230
-0.75163 -0.136507 -0.642849 -0.7633 -0.135641 -0.631645 51 153 230
-0.754703 -0.0677149 -0.651848 -0.754091 -0.0794606 -0.651946 51 153 230
-0.484022 -0.617511 -0.619624 -0.457852 -0.591186 -0.663981 51 153 230
-0.479484 -0.545961 -0.686282 -0.477168 -0.584425 -0.656322 51 153 230
-0.407171 -0.622482 -0.667661 -0.435839 -0.61879 -0.653562 51 153 230
-0.208413 -0.75652 -0.619902 -0.147941 -0.755856 -0.637805 51 153 230
0.823934 -0.137681 -0.548484 0.856556 -0.120382 -0.501817 51 153 230
0.620326 -0.554004 -0.555881 0.657634 -0.515572 -0.549275 51 153 230
0.204351 0.797201 -0.564178 0.213734 0.798626 -0.562596 51 153 230
-0.687316 -0.47703 -0.546528 -0.691687 -0.447808 -0.566602 51 153 230
-0.55604 -0.617569 -0.556746 -0.528069 -0.671159 -0.520277 51 153 229
-0.00725885 -0.837024 -0.549719 -0.029237 -0.861475 -0.506957 51 153 230
0.139723 0.823176 -0.548249 0.177124 0.813763 -0.553549 51 153 230
0.829804 -0.0707359 -0.554138 0.854509 -0.0846717 -0.51249 51 153 230
-0.721975 -0.41791 -0.548225 -0.716102 -0.42801 -0.551367 51 153 230
0.0622912 -0.836228 -0.546316 0.0869335 -0.855482 -0.510483 51 153 230
0.284232 0.798706 -0.527488 0.272465 0.785981 -0.554974 51 153 230
0.838202 -0.00887776 -0.545974 0.860741 -0.0191951 -0.50868 51 153 230
-0.556526 -0.617297 -0.556495 -0.599642 -0.606092 -0.522572 51 153 229
0.687339 -0.478165 -0.54638 0.648153 -0.476889 -0.593695 51 153 230
-0.136798 0.823313 -0.54813 -0.141463 0.847676 -0.511306 51 153 230
0.477253 0.687951 -0.545524 0.50101 0.646956 -0.574836 51 153 230
-0.833245 0.00371884 -0.556544 -0.853117 0.00904827 -0.521642 51 153 230
0.134351 -0.823143 -0.548516 0.140312 -0.827073 -0.544301 51 153 230
-0.836008 0.0739413 -0.543136 -0.854083 0.0808809 -0.51381 51 153 230
-0.614735 -0.560941 -0.551389 -0.620261 -0.578563 -0.529661 51 153 230
-0.823072 0.138992 -0.549183 -0.855556 0.124567 -0.502501 51 153 230
-0.0650859 0.831497 -0.5544 -0.104037 0.858021 -0.502967 51 153 230
0.475979 0.688821 -0.545502 0.443072 0.69435 -0.567068 51 153 230
-0.622414 -0.550663 -0.553522 -0.658233 -0.53881 -0.52575 51 153 230
-0.822353 0.142945 -0.5489 -0.818885 0.172035 -0.547569 51 153 230
0.688592 -0.476885 -0.545844 0.729959 -0.433752 -0.528222 51 153 230
-0.00527963 0.83674 -0.550363 -0.00916157 0.864096 -0.503243 51 153 230
0.555285 0.621774 -0.551751 0.528193 0.66341 -0.529999 51 153 229
-0.797804 0.20385 -0.564492 -0.795344 0.211795 -0.567954 51 153 230
0.137713 -0.822725 -0.548201 0.184291 -0.805502 -0.563208 51 153 230
-0.621493 0.552955 -0.553441 -0.661097 0.528221 -0.532853 51 153 230
0.415365 0.723843 -0.547132 0.416064 0.723305 -0.551108 51 153 230
0.213578 -0.798736 -0.557588 0.20485 -0.804239 -0.557886 51 153 229
-0.136864 -0.823087 -0.548149 -0.121191 -0.848246 -0.51555 51 153 230
-0.614897 0.560423 -0.553656 -0.629852 0.578781 -0.517977 51 153 230
-0.687039 -0.477182 -0.54667 -0.644679 -0.513519 -0.566292 51 153 230
0.357933 0.753227 -0.550072 0.386648 0.742946 -0.546384 51 153 230
0.28806 -0.791127 -0.536923 0.268184 -0.792389 -0.547903 51 153 230
-0.797979 0.28537 -0.528468 -0.78733 0.27479 -0.551908 51 153 230
-0.559867 0.61917 -0.551541 -0.59303 0.611283 -0.52407 51 153 230
-0.752804 -0.360756 -0.551998 -0.731099 -0.403166 -0.550411 51 153 230
0.724693 -0.41217 -0.549 0.719757 -0.429328 -0.545552 51 153 230
-0.762904 -0.344995 -0.5489 -0.790767 -0.307756 -0.529125 51 153 230
-0.760275 0.343717 -0.550527 -0.785225 0.325286 -0.526888 51 153 230
-0.137318 -0.823032 -0.548099 -0.174192 -0.81735 -0.549178 51 153 230
-0.0679733 -0.830433 -0.552166 -0.0975159 -0.848194 -0.520632 51 153 230
0.348611 -0.761168 -0.548892 0.338427 -0.795521 -0.502607 51 153 230
-0.420339 -0.721559 -0.546483 -0.423681 -0.72226 -0.546658 51 153 230
-0.477838 -0.68749 -0.545581 -0.432243 -0.714496 -0.550148 51 153 230
0.355899 -0.754893 -0.552718 0.40855 -0.718234 -0.563229 51 153 230
0.418515 -0.724028 -0.545337 0.431167 -0.717075 -0.54763 51 153 230
0.757062 -0.358108 -0.547791 0.740469 -0.401318 -0.539119 51 153 230
-0.344772 -0.760915 -0.550327 -0.295166 -0.786092 -0.543081 51 153 230
0.475053 -0.688973 -0.546439 0.447886 -0.694692 -0.56285 51 153 230
0.762268 -0.343699 -0.55058 0.79282 -0.294876 -0.533371 51 153 230
-0.791483 -0.268791 -0.546354 -0.783094 -0.261468 -0.564268 51 153 230
0.477991 -0.685801 -0.547863 0.490526 -0.648962 -0.581578 51 153 230
0.79631 -0.281079 -0.533487 0.785559 -0.273965 -0.554833 51 153 230
-0.752536 0.359537 -0.550403 -0.741965 0.387226 -0.547306 51 153 230
0.344016 0.759841 -0.550503 0.324105 0.78638 -0.525893 51 153 230
0.823816 0.143322 -0.54809 0.808338 0.193946 -0.555854 51 153 230
-0.722727 0.414019 -0.549869 -0.722789 0.424845 -0.545054 51 153 230
0.802358 -0.20891 -0.555702 0.796244 -0.208876 -0.567774 51 153 230
0.554407 -0.622258 -0.553947 0.508779 -0.662898 -0.549281 51 153 230
-0.687284 0.476841 -0.546299 -0.726711 0.440003 -0.527531 51 153 230
-0.560024 0.619003 -0.551563 -0.522896 0.673298 -0.522732 51 153 230
0.0712738 0.834479 -0.548576 0.0737464 0.861223 -0.502848 51 153 230
-0.68621 0.478416 -0.546463 -0.650418 0.487579 -0.582428 51 153 230
0.554404 -0.62226 -0.553947 0.596214 -0.626653 -0.501831 51 153 230
0.823668 -0.139642 -0.548256 0.817329 -0.178524 -0.547816 51 153 230
-0.359663 -0.755504 -0.547664 -0.397346 -0.734866 -0.549625 51 153 230
0.138152 0.823406 -0.548413 0.136849 0.853101 -0.503478 51 153 230
-0.823425 -0.14159 -0.547556 -0.831717 -0.163762 -0.530499 51 153 230
-0.477262 0.685963 -0.548 -0.485107 0.654731 -0.579654 51 153 230
-0.823276 -0.137447 -0.549022 -0.848954 -0.127155 -0.512941 51 153 230
-0.475091 0.688313 -0.54696 -0.440141 0.729857 -0.523053 51 153 230
-0.281401 -0.796518 -0.532223 -0.271644 -0.78422 -0.557861 51 153 230
0.619369 -0.557192 -0.553035 0.630574 -0.590478 -0.503698 51 153 230
0.615043 0.560859 -0.553375 0.61577 0.580583 -0.532683 51 153 229
-0.414096 0.723755 -0.548556 -0.418938 0.728959 -0.541396 51 153 230
-0.836181 -0.0654024 -0.545397 -0.857008 -0.0846646 -0.508301 51 153 230
-0.478635 -0.687223 -0.545274 -0.482451 -0.656261 -0.58014 51 153 230
0.563044 0.613311 -0.553475 0.583706 0.612202 -0.533382 51 153 229
-0.358234 0.75373 -0.549529 -0.385364 0.744169 -0.545626 51 153 230
0.802372 0.206205 -0.555791 0.79725 0.211796 -0.565274 51 153 230
0.619599 0.557022 -0.552488 0.666573 0.525431 -0.528774 51 153 229
-0.344009 0.760096 -0.550498 -0.306806 0.800069 -0.515519 51 153 230
-0.208451 -0.801808 -0.555585 -0.205495 -0.798516 -0.565813 51 153 230
-0.276597 0.793382 -0.536575 -0.264454 0.790952 -0.551778 51 153 230
-0.80267 -0.20121 -0.559091 -0.793944 -0.201421 -0.573656 51 153 230
0.790955 0.28905 -0.535146 0.791184 0.276863 -0.545321 51 153 230
-0.199778 0.805631 -0.552646 -0.218399 0.79749 -0.562415 51 153 230
-0.137279 0.823301 -0.548015 -0.181645 0.815573 -0.549406 51 153 230
0.834791 0.0658804 -0.547278 0.858408 0.063184 -0.509061 51 153 230
0.824423 0.138847 -0.548992 0.855053 0.121416 -0.504126 51 153 230
0.760188 0.346489 -0.550843 0.808098 0.314224 -0.498238 51 153 230
0.755801 0.356502 -0.549622 0.744752 0.400507 -0.533797 51 153 230
0.723087 0.415683 -0.547955 0.724782 0.426401 -0.541178 51 153 230
0.691344 0.47187 -0.545252 0.700663 0.453666 -0.550689 51 153 230
0.68938 0.474326 -0.545602 0.65311 0.502822 -0.566231 51 153 230
-0.555951 -0.617382 -0.557041 -0.512616 -0.626868 -0.586738 51 153 229
-0.136864 -0.823087 -0.548149 -0.121952 -0.793706 -0.595952 51 153 230
0.823934 -0.137681 -0.548484 0.795599 -0.126215 -0.59253 51 153 230
0.822408 -0.0584454 -0.566664 0.798893 -0.0686096 -0.597547 51 153 230
-0.0632679 -0.821434 -0.565559 -0.0784557 -0.791384 -0.606263 51 153 230
0.620532 -0.553879 -0.555769 0.579917 -0.54584 -0.604777 51 153 230
0.827459 0.0113066 -0.562646 0.805145 0.0131978 -0.592931 51 153 230
0.00937479 -0.828183 -0.564091 -0.00239424 -0.799662 -0.600446 51 153 230
0.686085 -0.412592 -0.597753 0.681538 -0.438299 -0.586004 51 153 230
-0.136798 0.823313 -0.54813 -0.144008 0.789281 -0.596907 51 153 230
-0.824852 0.00273682 -0.568684 -0.796131 -0.00593715 -0.605095 51 153 230
0.757791 -0.344204 -0.556446 0.732921 -0.310459 -0.605344 51 153 230
-0.823276 0.0684949 -0.563506 -0.803698 0.096148 -0.587219 51 153 230
0.75439 -0.274075 -0.594481 0.767783 -0.266662 -0.58258 51 153 230
-0.822973 0.138948 -0.549348 -0.805114 0.122715 -0.580287 51 153 230
-0.0575578 0.827744 -0.561577 -0.0870862 0.786188 -0.611821 51 153 230
-0.6857 -0.410735 -0.599479 -0.697342 -0.422174 -0.579209 51 153 230
0.00556895 0.825566 -0.566805 -0.00492702 0.792329 -0.610074 51 153 230
0.0674266 -0.820201 -0.569355 0.0945645 -0.795289 -0.59881 51 153 230
0.0696261 0.827298 -0.559944 0.0881317 0.785315 -0.612791 51 153 230
-0.75652 0.271921 -0.591768 -0.766111 0.275234 -0.580793 51 153 230
-0.612836 0.554784 -0.561433 -0.625401 0.52976 -0.572912 51 153 230
0.138152 0.823406 -0.548413 0.129607 0.786023 -0.604459 51 153 230
0.823208 0.0757241 -0.562995 0.793382 0.066636 -0.605066 51 153 230
-0.75582 0.340313 -0.55848 -0.756787 0.300582 -0.580452 51 153 230
0.824423 0.138847 -0.548992 0.78422 0.119172 -0.608931 51 153 230
0.269676 -0.755519 -0.595234 0.270736 -0.765963 -0.583098 51 153 229
0.27367 0.756391 -0.590536 0.278783 0.767288 -0.577538 51 153 230
-0.559151 0.619053 -0.552191 -0.509191 0.631501 -0.584749 51 153 230
0.755458 0.26985 -0.594012 0.767939 0.272893 -0.579482 51 153 230
-0.616938 -0.55082 -0.55963 -0.627979 -0.525806 -0.573734 51 153 230
-0.685041 0.410836 -0.601177 -0.684084 0.44574 -0.577361 51 153 230
0.342714 -0.757976 -0.556681 0.295376 -0.749575 -0.59236 51 153 230
-0.755272 -0.344205 -0.559627 -0.747058 -0.292501 -0.596949 51 153 230
0.414082 -0.683189 -0.599948 0.440902 -0.678737 -0.5873 51 153 230
0.685554 0.415161 -0.597721 0.690556 0.442964 -0.571765 51 153 230
-0.747023 -0.275953 -0.602142 -0.749197 -0.279592 -0.600443 51 153 230
-0.410427 0.686926 -0.60004 -0.446411 0.685968 -0.5746 51 153 230
0.415958 0.683906 -0.597139 0.439253 0.680582 -0.5864 51 153 230
0.75763 0.343609 -0.555874 0.752947 0.292812 -0.589348 51 153 230
0.554476 -0.622049 -0.554085 0.550575 -0.576401 -0.603845 51 153 230
-0.823085 -0.13763 -0.549263 -0.793798 -0.131696 -0.593752 51 153 230
-0.341211 0.756096 -0.557555 -0.293947 0.76118 -0.5781 51 153 230
0.555505 0.615437 -0.558884 0.51146 0.630178 -0.584196 51 153 229
-0.825069 -0.0684905 -0.561572 -0.800531 -0.0979635 -0.59123 51 153 230
0.617998 0.556976 -0.55439 0.632553 0.515567 -0.577986 51 153 229
-0.275731 0.748823 -0.599342 -0.272567 0.766173 -0.581967 51 153 230
0.341286 0.755851 -0.557433 0.300129 0.755914 -0.581822 51 153 230
-0.408944 -0.68697 -0.600361 -0.440589 -0.689545 -0.574812 51 153 230
-0.345316 -0.755829 -0.556916 -0.30933 -0.734698 -0.603766 51 153 230
-0.273674 -0.754438 -0.593519 -0.270626 -0.767988 -0.58048 51 153 230
-0.619275 -0.617569 -0.481608 -0.601104 -0.649792 -0.465235 51 153 230
0.00795379 -0.878265 -0.477822 6.84889e-05 -0.86975 -0.493492 51 153 230
-0.822959 -0.30298 -0.482149 -0.816076 -0.311324 -0.486926 51 153 230
-0.147002 0.85362 -0.495062 -0.155607 0.849595 -0.503959 51 153 230
0.857142 -0.15544 -0.48725 0.855729 -0.148967 -0.495516 51 153 230
-0.687051 0.547661 -0.476407 -0.645486 0.569958 -0.508424 51 153 230
-0.838079 -0.268468 -0.476557 -0.855833 -0.238514 -0.458977 51 153 230
0.547769 0.686893 -0.477125 0.570458 0.64516 -0.508277 51 153 230
-0.0704854 0.873373 -0.480571 -0.0794946 0.864377 -0.496521 51 153 230
-0.619192 -0.617672 -0.481578 -0.649125 -0.586513 -0.484396 51 153 230
0.0834647 -0.877132 -0.472285 0.0961478 -0.861469 -0.498625 51 153 230
0.868039 -0.0788549 -0.487207 0.861539 -0.0863922 -0.500286 51 153 230
-0.547883 -0.685089 -0.477812 -0.583986 -0.647115 -0.490104 51 153 230
0.689172 -0.54646 -0.474069 0.648457 -0.579768 -0.493328 51 153 230
-0.683558 -0.549237 -0.47781 -0.653393 -0.567198 -0.501362 51 153 230
-0.618253 0.618162 -0.484587 -0.649374 0.612295 -0.451009 51 153 230
-0.686406 -0.546747 -0.476918 -0.70207 -0.508836 -0.49818 51 153 230
0.69021 -0.54521 -0.474063 0.68587 -0.520695 -0.508389 51 153 230
-0.719901 -0.487509 -0.489641 -0.719153 -0.494055 -0.488599 51 153 230
-0.618283 0.61814 -0.484577 -0.590589 0.664208 -0.458292 51 153 230
0.879378 0.00517764 -0.475262 0.867401 0.00778179 -0.497548 51 153 230
0.720827 -0.489242 -0.486771 0.723013 -0.487796 -0.489191 51 153 230
-0.754791 -0.447667 -0.477803 -0.747753 -0.456133 -0.482503 51 153 230
-0.546217 0.688458 -0.475596 -0.576261 0.652951 -0.491507 51 153 230
0.149369 -0.855099 -0.491726 0.159378 -0.849515 -0.502914 51 153 230
0.756696 -0.440955 -0.481456 0.738587 -0.457625 -0.495044 51 153 230
-0.869778 0.0033962 -0.493809 -0.866297 0.00565615 -0.499497 51 153 230
0.00847914 0.877678 -0.478473 0.0143824 0.87169 -0.489846 51 153 230
-0.545681 0.688892 -0.475603 -0.514684 0.687461 -0.512345 51 153 230
0.784194 -0.407795 -0.467879 0.784271 -0.390473 -0.48213 51 153 230
-0.876094 0.0611988 -0.477884 -0.862955 0.0884081 -0.497486 51 153 230
0.223268 -0.856243 -0.462765 0.210352 -0.856762 -0.470862 51 153 230
0.547774 0.68689 -0.477125 0.510902 0.69299 -0.508669 51 153 230
0.276595 -0.833896 -0.479722 0.252106 -0.86301 -0.437785 51 153 230
-0.274275 -0.833968 -0.481637 -0.241053 -0.857775 -0.454 51 153 230
0.869396 0.0900108 -0.483358 0.863645 0.0966732 -0.494743 51 153 230
-0.48842 0.720386 -0.487599 -0.487813 0.724994 -0.486233 51 153 230
-0.861956 0.142236 -0.482258 -0.856058 0.150699 -0.494423 51 153 230
-0.297983 -0.825519 -0.481706 -0.329085 -0.814508 -0.477787 51 153 230
0.343965 0.792359 -0.501192 0.349554 0.78844 -0.506137 51 153 230
0.856152 0.155795 -0.488698 0.857967 0.16723 -0.485722 51 153 230
-0.853883 0.212002 -0.472197 -0.851412 0.187472 -0.489849 51 153 230
0.295989 -0.824774 -0.482924 0.322395 -0.816598 -0.478779 51 153 230
-0.196553 -0.862089 -0.464596 -0.18407 -0.85275 -0.488811 51 153 230
-0.441862 0.755465 -0.48163 -0.452531 0.74458 -0.49073 51 153 230
-0.396449 0.790916 -0.464352 -0.379459 0.790071 -0.481454 51 153 230
-0.345266 0.791577 -0.500077 -0.335859 0.794186 -0.506425 51 153 230
-0.295138 0.825228 -0.479629 -0.314476 0.814846 -0.486961 51 153 230
0.296629 0.824152 -0.483217 0.323668 0.818499 -0.474655 51 153 230
-0.268247 0.83286 -0.483143 -0.238907 0.855052 -0.460228 51 153 230
0.402117 0.787989 -0.464887 0.388101 0.792739 -0.470045 51 153 230
-0.205841 0.863046 -0.457774 -0.216474 0.851512 -0.477563 51 153 230
-0.155349 -0.856336 -0.487871 -0.149118 -0.850434 -0.504505 51 153 230
0.471223 0.730595 -0.491529 0.475572 0.720632 -0.5045 51 153 230
0.445435 0.756837 -0.477482 0.446224 0.753096 -0.483456 51 153 230
-0.0773501 -0.86655 -0.48942 -0.0894977 -0.860476 -0.501568 51 153 230
0.0896702 0.870212 -0.482209 0.101874 0.863604 -0.493771 51 153 230
0.156832 0.857659 -0.486096 0.155721 0.851702 -0.500355 51 153 230
-0.396288 -0.790216 -0.466653 -0.384862 -0.791618 -0.474575 51 153 230
0.862474 0.209174 -0.456255 0.861678 0.217605 -0.458432 51 153 230
-0.439092 -0.756271 -0.483892 -0.451047 -0.743709 -0.493411 51 153 230
0.831242 0.273227 -0.485007 0.863146 0.234595 -0.447151 51 153 230
-0.486973 -0.726755 -0.480573 -0.492945 -0.720806 -0.487282 51 153 230
0.208981 0.855841 -0.471285 0.188941 0.846943 -0.496979 51 153 230
-0.545286 -0.687372 -0.477573 -0.518876 -0.685703 -0.510469 51 153 230
0.825559 0.294309 -0.481132 0.814883 0.326331 -0.479034 51 153 230
0.271075 0.837499 -0.475535 0.265828 0.855215 -0.444908 51 153 230
0.79473 0.351803 -0.490532 0.797907 0.349518 -0.491102 51 153 230
-0.789578 -0.398176 -0.466025 -0.791187 -0.397029 -0.465179 51 153 230
-0.346465 -0.792689 -0.499856 -0.347117 -0.789798 -0.505697 51 153 230
-0.836916 0.271476 -0.475375 -0.854769 0.251335 -0.454094 51 153 230
0.78228 0.408047 -0.468755 0.787254 0.386095 -0.480792 51 153 230
0.689126 0.546847 -0.474716 0.647153 0.569061 -0.507309 51 153 230
0.690031 0.545751 -0.474691 0.684419 0.511314 -0.51974 51 153 230
0.795816 -0.351289 -0.491676 0.794366 -0.351773 -0.495216 51 153 230
-0.822667 0.300237 -0.4832 -0.818657 0.316866 -0.478954 51 153 230
-0.793907 -0.353732 -0.494353 -0.789715 -0.368604 -0.490389 51 153 230
-0.792549 0.348098 -0.498936 -0.787666 0.347809 -0.508538 51 153 230
0.825638 -0.297171 -0.482783 0.812799 -0.331592 -0.478962 51 153 230
0.756048 0.439414 -0.482332 0.742628 0.456069 -0.490412 51 153 230
-0.854762 -0.187448 -0.480095 -0.852802 -0.172359 -0.492972 51 153 230
0.720184 0.48801 -0.488041 0.727847 0.484307 -0.485474 51 153 230
0.618927 0.618465 -0.484572 0.665662 0.596243 -0.448763 51 153 230
0.832637 -0.275899 -0.484009 0.860956 -0.237781 -0.449683 51 153 230
0.618954 0.618429 -0.484583 0.61074 0.658041 -0.44043 51 153 230
-0.861892 -0.128688 -0.485879 -0.859962 -0.13507 -0.49216 51 153 230
-0.879547 -0.0536226 -0.472719 -0.870081 -0.0743042 -0.487276 51 153 230
-0.791576 0.39776 -0.46378 -0.789733 0.387071 -0.475918 51 153 230
-0.755644 0.441581 -0.482268 -0.739544 0.456001 -0.495114 51 153 230
-0.719444 0.489448 -0.488216 -0.721396 0.484977 -0.494353 51 153 230
0.862151 -0.195916 -0.464875 0.857127 -0.186372 -0.480208 51 153 230
-0.687374 0.547238 -0.476439 -0.681015 0.516777 -0.518807 51 153 230
0.344092 -0.797111 -0.494288 0.346726 -0.796682 -0.495055 51 153 230
0.408586 -0.780609 -0.472382 0.384566 -0.795088 -0.468982 51 153 230
0.446662 -0.756001 -0.477809 0.458267 -0.746707 -0.4821 51 153 230
0.487845 -0.720489 -0.489132 0.48925 -0.72048 -0.491471 51 153 230
0.546575 -0.688896 -0.474862 0.516298 -0.687434 -0.510756 51 153 230
0.547719 -0.688034 -0.47475 0.583423 -0.648591 -0.488823 51 153 230
0.61866 -0.617845 -0.483216 0.592611 -0.653659 -0.470684 51 153 230
0.61863 -0.617867 -0.483226 0.652003 -0.605124 -0.456855 51 153 230
-0.618627 -0.617193 -0.482709 -0.617495 -0.590629 -0.519478 51 153 230
-0.827629 -0.277418 -0.490982 -0.804308 -0.257003 -0.53576 51 153 230
0.137426 -0.823153 -0.547655 0.16765 -0.839954 -0.516111 51 153 230
-0.687319 -0.476988 -0.546559 -0.676932 -0.524742 -0.516148 51 153 230
-0.822016 0.204761 -0.528745 -0.828409 0.198483 -0.523778 51 153 230
-0.618093 0.618012 -0.484847 -0.611647 0.606729 -0.507708 51 153 230
-0.274989 -0.824825 -0.496917 -0.237619 -0.799396 -0.551819 51 153 230
-0.82439 0.270154 -0.497826 -0.821651 0.234799 -0.519383 51 153 230
0.19393 -0.830261 -0.517577 0.186283 -0.832421 -0.521894 51 153 230
0.204499 0.823611 -0.525643 0.200862 0.820717 -0.534863 51 153 230
-0.205415 -0.828828 -0.516999 -0.184282 -0.832416 -0.522612 51 153 230
-0.757374 -0.408038 -0.508886 -0.752966 -0.415015 -0.510691 51 153 230
0.263766 -0.82508 -0.499904 0.221206 -0.81582 -0.534327 51 153 230
0.268832 0.825849 -0.496689 0.231463 0.816346 -0.529154 51 153 230
0.830209 0.203806 -0.515428 0.837476 0.199483 -0.508763 51 153 230
0.687672 -0.478484 -0.545698 0.685762 -0.519926 -0.509321 51 153 230
-0.404732 -0.760671 -0.506297 -0.401235 -0.756806 -0.516 51 153 230
-0.760376 0.406126 -0.505535 -0.754897 0.398861 -0.520616 51 153 230
0.477322 0.688524 -0.544767 0.513167 0.683848 -0.518663 51 153 230
-0.478635 -0.687234 -0.545263 -0.499354 -0.699479 -0.511248 51 153 230
-0.820583 -0.213872 -0.52846 -0.827091 -0.20106 -0.524876 51 153 230
0.761434 -0.405206 -0.505013 0.755715 -0.405554 -0.51422 51 153 230
0.824692 0.272968 -0.496156 0.796914 0.249246 -0.550276 51 153 230
0.407256 0.76238 -0.501203 0.394893 0.758187 -0.518857 51 153 230
-0.477617 0.687075 -0.546322 -0.514089 0.687211 -0.513278 51 153 230
0.40724 -0.759545 -0.506602 0.40336 -0.759591 -0.510217 51 153 230
-0.406393 0.76045 -0.504366 -0.393438 0.762238 -0.514003 51 153 230
0.478353 -0.688321 -0.544463 0.514713 -0.687346 -0.512471 51 153 230
0.824992 -0.27711 -0.49663 0.797943 -0.239798 -0.552977 51 153 230
-0.686205 0.478414 -0.546469 -0.681313 0.516115 -0.519074 51 153 230
-0.271385 0.825738 -0.49374 -0.254313 0.796416 -0.548676 51 153 230
0.760337 0.407365 -0.503274 0.760757 0.401661 -0.509821 51 153 230
-0.204823 0.826682 -0.51938 -0.203285 0.826198 -0.525425 51 153 230
0.690814 0.474273 -0.543887 0.68447 0.510554 -0.520418 51 153 230
0.618763 0.618273 -0.484857 0.607748 0.603403 -0.516282 51 153 230
0.61849 -0.61771 -0.48348 0.614612 -0.61009 -0.500042 51 153 230
0.828666 -0.205712 -0.51824 0.834776 -0.186698 -0.51797 51 153 230
-0.72751 0.537417 -0.422756 -0.721773 0.541143 -0.431518 51 153 230
-0.822568 -0.396422 -0.408067 -0.833166 -0.369495 -0.411471 51 153 230
0.430412 0.80017 -0.416881 0.442003 0.792079 -0.421004 51 153 230
-0.137847 0.901782 -0.413542 -0.10325 0.928752 -0.356033 51 153 230
-0.0181241 -0.910068 -0.411661 -0.00466823 -0.931102 -0.364729 51 153 230
-0.546291 -0.723922 -0.415318 -0.554819 -0.721004 -0.415124 51 153 230
-0.0524457 0.908816 -0.411369 -0.0441259 0.930967 -0.362428 51 153 230
0.391602 0.819682 -0.417547 0.375601 0.820392 -0.431139 51 153 230
0.0179343 0.910371 -0.409926 0.0181898 0.933639 -0.357753 51 153 230
0.55689 0.721916 -0.405615 0.561498 0.720601 -0.406761 51 153 230
0.498267 0.763717 -0.40941 0.524873 0.752311 -0.398166 51 153 230
0.474696 0.781292 -0.404812 0.469343 0.792131 -0.390186 51 153 230
0.0691715 -0.909696 -0.405837 0.0576942 -0.931978 -0.357894 51 153 230
0.913734 0.0048327 -0.403217 0.934752 0.00768494 -0.355218 51 153 230
0.0827042 0.905379 -0.415511 0.0637836 0.927962 -0.367176 51 153 230
0.907429 0.074194 -0.411483 0.926665 0.0664442 -0.369969 51 153 230
0.137598 0.903052 -0.408183 0.108346 0.932284 -0.345119 51 153 230
0.144763 -0.899897 -0.41555 0.116474 -0.931716 -0.344005 51 153 230
0.901199 0.140951 -0.411981 0.92434 0.123537 -0.361017 51 153 230
0.197614 0.8923 -0.412313 0.261003 0.85993 -0.438631 51 153 230
-0.684048 0.602363 -0.410347 -0.683623 0.5821 -0.440249 51 153 230
0.90109 -0.142755 -0.412411 0.927932 -0.11504 -0.354552 51 153 230
-0.596654 -0.683922 -0.415421 -0.5853 -0.683212 -0.436629 51 153 230
0.893695 0.177096 -0.411433 0.894631 0.183536 -0.40737 51 153 230
0.723778 -0.546377 -0.416807 0.719445 -0.554567 -0.418156 51 153 230
0.888975 0.207057 -0.40796 0.862623 0.254649 -0.437076 51 153 229
0.182312 0.89341 -0.413763 0.154919 0.893264 -0.421995 51 153 230
0.909609 -0.0720455 -0.406271 0.929381 -0.0581226 -0.364516 51 153 230
-0.670319 0.623836 -0.401318 -0.645551 0.637905 -0.41993 51 153 230
-0.685352 -0.601703 -0.408717 -0.680094 -0.581445 -0.446536 51 153 229
0.861072 0.290141 -0.412162 0.864128 0.282729 -0.416349 51 153 230
0.298958 0.861142 -0.407549 0.311092 0.856402 -0.412064 51 153 230
0.760446 -0.504819 -0.407736 0.755257 -0.521429 -0.397113 51 153 230
-0.722935 -0.551194 -0.411403 -0.722049 -0.545028 -0.426135 51 153 229
0.182503 -0.892898 -0.412961 0.181483 -0.886556 -0.425538 51 153 230
-0.615969 0.671217 -0.410543 -0.624948 0.650577 -0.431497 51 153 230
0.359747 0.842777 -0.396936 0.344867 0.856 -0.385138 51 153 230
-0.847279 -0.349216 -0.397219 -0.856118 -0.339457 -0.389655 51 153 230
-0.598276 0.685331 -0.412943 -0.580738 0.686711 -0.437232 51 153 230
-0.617544 -0.672502 -0.404586 -0.620692 -0.651594 -0.436082 51 153 230
0.206522 -0.889698 -0.409349 0.259772 -0.86102 -0.437222 51 153 230
0.826425 0.386783 -0.410661 0.824981 0.355072 -0.439693 51 153 230
-0.673135 -0.620752 -0.400949 -0.6381 -0.639425 -0.428911 51 153 229
0.291397 -0.862179 -0.41086 0.293287 -0.860504 -0.416553 51 153 230
0.810421 0.414384 -0.416029 0.779732 0.443268 -0.44219 51 153 230
0.684893 0.59878 -0.412765 0.686142 0.585878 -0.431226 51 153 230
-0.864883 -0.287752 -0.407695 -0.863629 -0.300284 -0.404938 51 153 230
-0.549046 0.723826 -0.413061 -0.54559 0.720627 -0.427818 51 153 230
0.664665 0.624287 -0.407908 0.648616 0.637147 -0.416343 51 153 230
0.789371 -0.467531 -0.398145 0.789992 -0.4826 -0.378166 51 153 230
0.337591 -0.848545 -0.404947 0.330433 -0.855863 -0.397884 51 153 230
-0.91311 -0.00875949 -0.405636 -0.932338 -0.00695035 -0.361521 51 153 229
0.392525 -0.824279 -0.408399 0.363686 -0.831569 -0.419793 51 153 230
-0.350939 -0.846202 -0.398644 -0.340054 -0.856163 -0.389036 51 153 230
-0.761851 -0.501973 -0.406419 -0.761877 -0.512473 -0.396125 51 153 230
-0.506038 0.760431 -0.404507 -0.51228 0.758838 -0.402162 51 153 230
-0.395256 -0.823285 -0.409091 -0.364842 -0.833461 -0.415009 51 153 230
0.789556 0.465087 -0.398241 0.787931 0.478695 -0.387319 51 153 230
0.419855 -0.806752 -0.41714 0.436831 -0.788279 -0.433353 51 153 230
-0.782874 -0.465473 -0.410253 -0.786748 -0.474966 -0.394252 51 153 230
-0.908242 0.0674838 -0.409257 -0.931507 0.0695784 -0.357006 51 153 230
0.618084 0.670891 -0.407202 0.626864 0.654029 -0.423424 51 153 230
0.466453 -0.783498 -0.40878 0.47374 -0.78795 -0.393326 51 153 230
-0.301059 -0.859791 -0.409194 -0.299011 -0.862523 -0.408224 51 153 230
-0.467814 0.7844 -0.405643 -0.476081 0.788259 -0.389865 51 153 230
-0.419486 0.805477 -0.419619 -0.44181 0.780179 -0.442859 51 153 230
-0.135819 -0.900159 -0.417565 -0.108395 -0.928399 -0.355422 51 153 230
-0.390958 0.8229 -0.414106 -0.364281 0.822284 -0.437205 51 153 230
-0.183007 -0.89455 -0.410351 -0.166571 -0.902485 -0.397208 51 153 229
-0.359017 0.844232 -0.396156 -0.333461 0.860836 -0.384402 51 153 230
-0.203978 -0.890018 -0.411029 -0.254679 -0.866351 -0.429621 51 153 229
-0.288582 0.860766 -0.41459 -0.293754 0.857072 -0.423244 51 153 230
0.502772 -0.762143 -0.405365 0.515035 -0.761745 -0.393043 51 153 230
-0.202868 0.889513 -0.412774 -0.264286 0.853493 -0.449113 51 153 230
-0.180311 0.892959 -0.414795 -0.178823 0.887359 -0.42499 51 153 230
-0.900502 0.139357 -0.412506 -0.934349 0.107242 -0.339839 51 153 230
0.539658 -0.725953 -0.421917 0.538862 -0.726935 -0.425667 51 153 230
-0.078066 -0.911379 -0.401368 -0.0741992 -0.931848 -0.355182 51 153 230
0.596814 0.683617 -0.416717 0.58601 0.686966 -0.429733 51 153 230
0.760109 0.503902 -0.407424 0.758671 0.513618 -0.400768 51 153 230
-0.895323 0.184369 -0.40789 -0.897062 0.153934 -0.414228 51 153 230
-0.463955 -0.790328 -0.398924 -0.482103 -0.788973 -0.380918 51 153 230
0.722822 0.548425 -0.415377 0.724187 0.543829 -0.424033 51 153 230
0.608046 -0.684347 -0.404232 0.576554 -0.683257 -0.448047 51 153 230
-0.503507 -0.761104 -0.406355 -0.521255 -0.756785 -0.394424 51 153 230
-0.89576 0.193731 -0.405642 -0.85882 0.233723 -0.455852 51 153 230
0.81399 -0.413521 -0.413304 0.775956 -0.446955 -0.44511 51 153 230
-0.806386 -0.418811 -0.418286 -0.783624 -0.44018 -0.438378 51 153 230
-0.421939 -0.803004 -0.422383 -0.44066 -0.780407 -0.443604 51 153 230
0.847523 0.340643 -0.404734 0.864529 0.316012 -0.390801 51 153 230
0.62082 -0.672515 -0.404116 0.643698 -0.639401 -0.420499 51 153 230
0.825097 -0.39119 -0.411839 0.827771 -0.353029 -0.43608 51 153 230
-0.893548 -0.200286 -0.407619 -0.859957 -0.232549 -0.454306 51 153 230
0.849147 -0.339981 -0.403377 0.861788 -0.325714 -0.388886 51 153 230
-0.856877 0.283404 -0.427632 -0.858957 0.293153 -0.419827 51 153 230
0.863688 -0.29939 -0.403207 0.86495 -0.294403 -0.406435 51 153 230
0.88839 -0.207311 -0.411196 0.868316 -0.245384 -0.431062 51 153 230
0.894634 -0.178136 -0.411041 0.90158 -0.169596 -0.397983 51 153 230
-0.894356 -0.190844 -0.407809 -0.899938 -0.145825 -0.410908 51 153 230
-0.857731 0.337162 -0.384987 -0.859394 0.332682 -0.388284 51 153 230
-0.899317 -0.133425 -0.415489 -0.925945 -0.107398 -0.362066 51 153 230
0.674241 -0.617245 -0.404625 0.65192 -0.618828 -0.438238 51 153 230
-0.907908 -0.0648466 -0.411383 -0.927501 -0.0776038 -0.365676 51 153 229
-0.823358 0.395265 -0.409412 -0.835408 0.358614 -0.41652 51 153 230
0.684718 -0.597117 -0.415531 0.68518 -0.581216 -0.438995 51 153 230
-0.802192 0.423075 -0.422977 -0.777847 0.445255 -0.44351 51 153 230
-0.790993 0.465671 -0.396123 -0.787944 0.479434 -0.386377 51 153 230
-0.760179 0.506719 -0.405193 -0.760493 0.514633 -0.395985 51 153 230
0.00707105 -0.896043 -0.445123 0.00676114 -0.907958 -0.419006 51 153 230
0.0591747 -0.892022 -0.4489 0.0602655 -0.896465 -0.438997 51 153 230
-0.547603 -0.688293 -0.473387 -0.56544 -0.695749 -0.442957 51 153 230
-0.824011 -0.339518 -0.453 -0.832491 -0.343828 -0.434443 51 153 230
0.690741 -0.54628 -0.471934 0.696516 -0.559871 -0.448786 51 153 230
0.135456 -0.89411 -0.430067 0.12659 -0.876497 -0.464466 51 153 230
0.893832 -0.132065 -0.430396 0.875274 -0.121469 -0.468125 51 153 230
0.755922 -0.483199 -0.440867 0.74155 -0.491872 -0.456252 51 153 230
0.892045 -0.0609076 -0.448341 0.886373 -0.0615482 -0.458863 51 153 230
-0.687767 -0.548099 -0.473295 -0.722353 -0.532854 -0.440764 51 153 230
-0.75005 -0.485711 -0.447118 -0.733089 -0.507882 -0.452367 51 153 230
0.898608 -0.00311091 -0.439606 0.909473 -0.00166747 -0.41576 51 153 230
0.831188 -0.332917 -0.445166 0.830989 -0.33564 -0.443625 51 153 230
-0.893325 -0.137487 -0.427375 -0.87079 -0.136942 -0.472198 51 153 230
0.340168 -0.824672 -0.449816 0.345449 -0.825139 -0.447001 51 153 230
-0.891941 -0.0807842 -0.444181 -0.88956 -0.0890641 -0.448053 51 153 230
-0.89484 -0.000281316 -0.447188 -0.901517 -0.000184687 -0.432744 51 153 229
-0.140439 0.894871 -0.428275 -0.135588 0.861217 -0.489817 51 153 230
0.486843 -0.750799 -0.445109 0.503267 -0.737278 -0.450715 51 153 230
0.547817 0.686926 -0.476999 0.56765 0.700166 -0.43306 51 153 230
-0.0679594 0.892765 -0.446224 -0.0562743 0.891725 -0.449066 51 153 230
0.547554 -0.689292 -0.473066 0.558672 -0.693501 -0.45491 51 153 230
-0.00792604 0.896287 -0.443893 -0.00618035 0.904531 -0.426362 51 153 230
0.339927 0.823739 -0.451686 0.344708 0.826038 -0.445913 51 153 230
-0.890444 0.0714571 -0.450278 -0.88876 0.0841574 -0.450582 51 153 230
0.48812 0.749878 -0.444673 0.50197 0.740052 -0.447604 51 153 230
-0.894631 0.130266 -0.42818 -0.882536 0.125372 -0.453224 51 153 230
0.892183 0.0558038 -0.448445 0.887018 0.0630228 -0.457414 51 153 230
0.0523556 0.893755 -0.445429 0.0563035 0.891185 -0.450132 51 153 230
-0.342481 -0.823825 -0.450551 -0.345826 -0.826304 -0.444551 51 153 230
0.893861 0.130502 -0.430095 0.876063 0.128247 -0.464829 51 153 230
0.131378 0.893414 -0.431294 0.120371 0.876148 -0.466771 51 153 230
-0.822984 0.343363 -0.451474 -0.831896 0.335575 -0.44197 51 153 230
-0.687644 0.547636 -0.475517 -0.69554 0.559354 -0.450941 51 153 230
-0.136984 -0.894316 -0.429482 -0.128442 -0.861297 -0.4916 51 153 230
-0.75567 0.483082 -0.440584 -0.744556 0.489345 -0.454068 51 153 230
0.832734 0.331746 -0.440748 0.830364 0.328783 -0.449886 51 153 230
0.69038 0.546562 -0.473184 0.704308 0.557195 -0.439868 51 153 230
-0.0596025 -0.89437 -0.442944 -0.0581596 -0.889432 -0.453353 51 153 230
-0.546271 0.689277 -0.474227 -0.557378 0.70025 -0.446072 51 153 230
0.755739 0.482362 -0.440163 0.744612 0.488995 -0.454353 51 153 230
-0.479897 -0.755519 -0.444511 -0.494285 -0.744824 -0.44824 51 153 230
-0.482615 0.755927 -0.439825 -0.493171 0.741368 -0.455144 51 153 230
-0.337641 0.82675 -0.447316 -0.330092 0.826765 -0.455521 51 153 230
-0.762465 0.550494 -0.339807 -0.788263 0.539473 -0.29599 51 153 230
-0.825629 -0.448037 -0.338722 -0.823311 -0.454311 -0.340237 51 153 230
0.0107116 -0.93923 -0.332627 0.0147193 -0.938191 -0.345806 51 153 230
-0.75478 0.558325 -0.344849 -0.737316 0.596134 -0.317788 51 153 230
-0.71684 0.611439 -0.331337 -0.721428 0.614288 -0.319674 51 153 230
-0.161724 0.923546 -0.342182 -0.154847 0.934247 -0.321255 51 153 230
-0.678483 0.645633 -0.348774 -0.677543 0.651357 -0.34157 51 153 230
0.845693 0.416461 -0.330897 0.855817 0.407079 -0.319161 51 153 230
0.923531 -0.131325 -0.352909 0.93378 -0.132936 -0.332239 51 153 230
-0.550742 -0.760878 -0.340091 -0.540004 -0.787839 -0.296151 51 153 230
0.0848228 -0.93737 -0.328783 0.0825885 -0.934225 -0.34699 51 153 230
-0.63781 0.693383 -0.333626 -0.644052 0.693356 -0.323195 51 153 230
-0.097552 0.933047 -0.338399 -0.082154 0.935934 -0.342458 51 153 230
0.820267 0.451996 -0.348174 0.813093 0.464815 -0.350467 51 153 230
0.934592 -0.0691535 -0.34084 0.934131 -0.0636674 -0.351206 51 153 230
-0.603614 0.713609 -0.354087 -0.596898 0.717398 -0.359238 51 153 230
-0.0223258 0.936886 -0.338689 -0.0122924 0.936817 -0.349603 51 153 230
0.148851 -0.920821 -0.353185 0.143624 -0.93432 -0.326217 51 153 230
0.940664 -0.0100917 -0.329317 0.937118 -0.00447695 -0.348984 51 153 230
0.760846 -0.552027 -0.340785 0.787023 -0.544056 -0.290858 51 153 229
0.216433 -0.906929 -0.357624 0.181429 -0.931519 -0.315208 51 153 230
0.934259 0.0726761 -0.340359 0.934807 0.0675145 -0.348679 51 153 230
-0.848692 -0.39256 -0.350661 -0.853227 -0.3932 -0.342632 51 153 230
0.497736 0.794598 -0.344432 0.506582 0.791263 -0.342457 51 153 230
-0.560889 0.755881 -0.338898 -0.588937 0.753487 -0.29225 51 153 230
0.790463 -0.50203 -0.347733 0.791648 -0.508838 -0.338196 51 153 230
0.824832 -0.450733 -0.339679 0.82616 -0.457517 -0.328842 51 153 230
0.279438 -0.899352 -0.340292 0.217241 -0.933846 -0.284146 51 153 230
0.848601 -0.406831 -0.336682 0.861068 -0.400109 -0.313808 51 153 230
0.863307 -0.356539 -0.354205 0.86895 -0.355156 -0.344659 51 153 230
0.28766 -0.896165 -0.341588 0.332624 -0.871194 -0.361086 51 153 230
0.919479 0.138374 -0.361811 0.93209 0.137441 -0.33514 51 153 230
0.355827 -0.863352 -0.353609 0.361035 -0.860725 -0.358897 51 153 230
0.408181 -0.847754 -0.335788 0.400535 -0.856546 -0.325424 51 153 230
0.914913 0.212659 -0.334639 0.92892 0.197133 -0.313442 51 153 230
0.450522 -0.824691 -0.338818 0.456493 -0.821335 -0.342088 51 153 230
0.897628 0.280057 -0.342076 0.934503 0.221374 -0.278744 51 153 230
-0.929594 0.0132373 -0.359269 -0.942366 0.0183396 -0.334081 51 153 230
0.501287 -0.792261 -0.343549 0.498825 -0.79206 -0.351874 51 153 230
0.446166 0.824707 -0.345359 0.443595 0.826214 -0.347267 51 153 230
0.789833 0.502355 -0.347363 0.790281 0.502432 -0.350738 51 153 230
0.554299 -0.757593 -0.345037 0.51089 -0.795228 -0.326502 51 153 230
0.759204 0.55208 -0.345214 0.794367 0.515423 -0.321436 51 153 230
0.894833 0.287634 -0.342416 0.881623 0.316594 -0.350012 51 153 230
0.554298 -0.757594 -0.345038 0.587516 -0.752091 -0.298638 51 153 230
0.551929 0.760993 -0.340145 0.546358 0.784546 -0.293225 51 153 230
0.863059 0.356854 -0.353362 0.865391 0.353439 -0.355219 51 153 230
-0.939209 0.0708431 -0.323346 -0.936281 0.0731021 -0.34356 51 153 230
0.614664 -0.707436 -0.347693 0.611658 -0.725937 -0.314467 51 153 230
-0.87302 -0.33182 -0.353902 -0.864862 -0.33717 -0.371927 51 153 230
-0.920822 0.149517 -0.350094 -0.936837 0.128007 -0.3255 51 153 230
-0.894493 -0.289172 -0.340136 -0.884391 -0.30375 -0.354384 51 153 230
0.645006 -0.685523 -0.334978 0.649923 -0.683113 -0.333102 51 153 230
-0.901032 -0.272131 -0.336796 -0.926564 -0.230774 -0.297022 51 153 230
-0.912695 0.211253 -0.343083 -0.935382 0.186451 -0.300495 51 153 230
0.0679235 0.935098 -0.336708 0.0643056 0.936521 -0.344664 51 153 230
-0.55155 0.76049 -0.344824 -0.509541 0.795978 -0.326783 51 153 230
0.689038 -0.634294 -0.349727 0.688829 -0.644587 -0.331697 51 153 230
-0.759714 -0.550591 -0.345946 -0.801344 -0.511989 -0.309377 51 153 229
0.15215 0.920706 -0.352623 0.126141 0.93706 -0.325589 51 153 230
0.715567 -0.607157 -0.340733 0.727159 -0.600351 -0.332893 51 153 230
-0.899617 0.269421 -0.344646 -0.926682 0.223338 -0.302292 51 153 230
0.75472 -0.558815 -0.343849 0.736495 -0.605178 -0.302216 51 153 229
-0.792453 -0.499398 -0.344438 -0.795253 -0.498355 -0.345275 51 153 229
0.89556 -0.288502 -0.342039 0.881827 -0.32861 -0.338225 51 153 230
0.188642 0.917618 -0.343026 0.182612 0.93301 -0.310072 51 153 230
-0.893874 0.29273 -0.33987 -0.892378 0.320831 -0.317379 51 153 230
-0.907185 -0.21686 -0.356881 -0.931007 -0.188386 -0.312628 51 153 230
0.899552 -0.277465 -0.341679 0.939206 -0.21723 -0.265902 51 153 230
-0.87172 0.356438 -0.331973 -0.869432 0.36976 -0.327667 51 153 230
-0.922061 -0.150599 -0.347969 -0.933123 -0.132905 -0.334092 51 153 230
-0.491611 0.795986 -0.349233 -0.488104 0.797631 -0.354315 51 153 230
0.286185 0.895943 -0.345291 0.20852 0.930684 -0.300578 51 153 230
0.91426 -0.212592 -0.338002 0.93378 -0.191431 -0.302339 51 153 230
-0.936608 -0.0631711 -0.334331 -0.93612 -0.0592437 -0.346654 51 153 230
-0.444425 0.831074 -0.331599 -0.438996 0.836287 -0.328491 51 153 230
-0.842449 0.396826 -0.363256 -0.860773 0.387745 -0.329733 51 153 230
0.341867 0.872665 -0.343599 0.365835 0.859861 -0.356095 51 153 230
0.285927 0.896009 -0.34535 0.329754 0.88672 -0.324023 51 153 230
-0.824005 0.452001 -0.340303 -0.83272 0.444876 -0.329639 51 153 230
0.401362 0.846323 -0.346241 0.384276 0.860046 -0.335638 51 153 230
-0.395574 0.847223 -0.351299 -0.384368 0.863733 -0.325925 51 153 230
-0.557183 -0.754889 -0.343482 -0.592233 -0.739279 -0.320509 51 153 230
-0.608159 -0.715598 -0.338438 -0.597466 -0.725736 -0.341089 51 153 230
-0.639833 -0.683509 -0.350119 -0.646604 -0.681655 -0.342416 51 153 230
-0.692712 -0.64079 -0.329629 -0.693892 -0.643495 -0.323153 51 153 229
-0.713891 -0.602725 -0.354712 -0.727036 -0.590594 -0.350169 51 153 229
-0.756516 -0.556792 -0.342539 -0.755965 -0.583471 -0.296781 51 153 229
-0.386386 -0.853977 -0.344953 -0.389017 -0.857644 -0.336323 51 153 230
-0.448871 -0.824685 -0.341135 -0.448916 -0.828984 -0.333557 51 153 230
-0.278841 -0.898894 -0.340533 -0.222923 -0.933548 -0.280701 51 153 230
-0.284349 -0.896733 -0.341637 -0.318231 -0.88473 -0.340561 51 153 230
-0.331262 -0.872677 -0.355498 -0.343407 -0.86559 -0.364452 51 153 230
-0.215966 -0.907802 -0.355235 -0.179712 -0.934116 -0.308434 51 153 230
-0.139432 -0.925826 -0.341861 -0.138381 -0.934779 -0.327169 51 153 230
-0.0551945 -0.930104 -0.35518 -0.0568191 -0.936039 -0.347279 51 153 230
-0.499446 -0.791654 -0.346885 -0.51243 -0.789898 -0.336863 51 153 230
-0.794268 0.498492 -0.344619 -0.791114 0.509969 -0.337743 51 153 230
-0.339943 0.873283 -0.34416 -0.356003 0.8661 -0.350902 51 153 230
-0.287392 0.896382 -0.340232 -0.332625 0.876954 -0.34686 51 153 230
-0.272214 0.901399 -0.339349 -0.2249 0.929201 -0.293268 51 153 230
0.692276 0.638816 -0.33284 0.695702 0.648115 -0.309752 51 153 229
-0.19912 0.91238 -0.354296 -0.189106 0.929122 -0.31776 51 153 230
0.640167 0.683382 -0.349356 0.651708 0.681546 -0.332824 51 153 229
0.755763 0.558877 -0.340928 0.753008 0.594802 -0.281407 51 153 230
0.710874 0.606221 -0.35452 0.724007 0.595764 -0.347676 51 153 230
0.608039 0.715847 -0.338113 0.606075 0.726012 -0.32493 51 153 229
0.558638 0.754873 -0.34328 0.604288 0.737448 -0.301672 51 153 230
-0.82037 -0.418015 -0.390662 -0.820845 -0.443823 -0.359493 51 153 230
-0.548117 -0.754735 -0.357198 -0.552315 -0.738759 -0.386242 51 153 230
0.754153 -0.5497 -0.358453 0.734935 -0.555035 -0.389624 51 153 229
-0.896116 -0.269864 -0.351746 -0.889779 -0.268222 -0.369256 51 153 230
0.203315 -0.893046 -0.404038 0.195322 -0.918634 -0.343454 51 153 230
-0.622617 -0.68416 -0.37735 -0.604843 -0.69583 -0.387279 51 153 230
0.277167 -0.89695 -0.348287 0.254825 -0.884689 -0.390371 51 153 230
0.825772 -0.408463 -0.394197 0.837611 -0.420926 -0.348178 51 153 230
-0.755109 -0.549859 -0.356044 -0.746672 -0.536761 -0.392898 51 153 229
-0.687902 -0.619733 -0.378102 -0.685027 -0.622651 -0.378211 51 153 229
0.827685 0.405849 -0.389877 0.835299 0.417422 -0.357819 51 153 230
-0.895761 0.193732 -0.40564 -0.897127 0.238802 -0.371667 51 153 230
-0.751253 0.551941 -0.361 -0.737935 0.555067 -0.383865 51 153 230
0.412928 -0.824314 -0.387808 0.423399 -0.830968 -0.360869 51 153 230
0.893516 0.203406 -0.400237 0.920142 0.193712 -0.340316 51 153 229
-0.891318 0.279337 -0.358449 -0.869819 0.288991 -0.399873 51 153 230
-0.894168 -0.200551 -0.406109 -0.8946 -0.255461 -0.366647 51 153 230
0.896523 -0.26835 -0.355321 0.89223 -0.24453 -0.379646 51 153 230
-0.691173 0.612865 -0.382321 -0.703328 0.602164 -0.377794 51 153 230
0.405883 0.826991 -0.388338 0.404341 0.83599 -0.370984 51 153 230
-0.415185 -0.821116 -0.393933 -0.433173 -0.827532 -0.357144 51 153 230
0.895664 0.274965 -0.350401 0.89116 0.245211 -0.381714 51 153 230
0.550789 -0.755882 -0.352778 0.535819 -0.745947 -0.395551 51 153 230
-0.821223 0.415727 -0.393689 -0.820146 0.439129 -0.366779 51 153 230
0.895278 -0.200047 -0.400667 0.921215 -0.190299 -0.339337 51 153 230
0.549932 0.754386 -0.356993 0.550311 0.740442 -0.385879 51 153 230
-0.275888 -0.897013 -0.347589 -0.259863 -0.885978 -0.384076 51 153 230
-0.623144 0.683033 -0.379697 -0.625121 0.681207 -0.381026 51 153 230
0.754332 0.551976 -0.354921 0.741138 0.54278 -0.3951 51 153 230
0.609875 -0.694115 -0.383098 0.603594 -0.703807 -0.374605 51 153 230
0.197235 0.893038 -0.410947 0.189029 0.9285 -0.319618 51 153 230
-0.198807 -0.895223 -0.403113 -0.203134 -0.919441 -0.336696 51 153 229
-0.551571 0.754024 -0.357383 -0.539271 0.74257 -0.39721 51 153 230
0.680648 -0.6251 -0.380755 0.689602 -0.622331 -0.370342 51 153 230
-0.412895 0.82375 -0.389131 -0.435992 0.82418 -0.36144 51 153 230
0.281624 0.89419 -0.352099 0.283948 0.860901 -0.422165 51 153 230
-0.274052 0.895727 -0.353499 -0.279857 0.868968 -0.408135 51 153 230
0.687682 0.620709 -0.375565 0.683238 0.622821 -0.381157 51 153 229
-0.202589 0.893166 -0.405123 -0.200355 0.916972 -0.344992 51 153 230
0.622812 0.683607 -0.378195 0.614658 0.689538 -0.383057 51 153 229
-0.537748 -0.796633 -0.266647 -0.552735 -0.78859 -0.269463 51 153 230
0.943054 -0.152692 -0.286019 0.93798 -0.164904 -0.304958 51 153 230
-0.12308 0.950105 -0.281016 -0.148176 0.940131 -0.306917 51 153 230
-0.595068 -0.750889 -0.279313 -0.580622 -0.763192 -0.283576 51 153 230
0.867722 0.404624 -0.283646 0.86313 0.416534 -0.285492 51 153 230
-0.79781 0.537127 -0.266691 -0.789646 0.552917 -0.265973 51 153 230
-0.62801 -0.731584 -0.26093 -0.618978 -0.734006 -0.279468 51 153 230
0.000497061 -0.960135 -0.273704 0.00539992 -0.942725 -0.333528 51 153 230
-0.670194 -0.688623 -0.277522 -0.640105 -0.704744 -0.305943 51 153 229
0.801227 -0.526797 -0.276683 0.78685 -0.556207 -0.267396 51 153 230
0.0725867 -0.960777 -0.26936 0.0707794 -0.939782 -0.334365 51 153 229
0.825449 -0.493716 -0.275115 0.80737 -0.536374 -0.245878 51 153 230
0.132304 -0.948074 -0.281756 0.152082 -0.937351 -0.31344 51 153 230
-0.687982 -0.676303 -0.26623 -0.711469 -0.642245 -0.285189 51 153 229
0.200442 -0.940176 -0.264736 0.210146 -0.936584 -0.280443 51 153 230
-0.823975 -0.499843 -0.262413 -0.813922 -0.533982 -0.228897 51 153 230
-0.0698263 0.962485 -0.265714 -0.0595296 0.935678 -0.347797 51 153 230
0.296656 -0.907365 -0.295231 0.250887 -0.935559 -0.248565 51 153 230
-0.752167 0.59358 -0.28077 -0.762669 0.583976 -0.278044 51 153 230
-0.72733 -0.624386 -0.279644 -0.734677 -0.615714 -0.28486 51 153 229
-0.000539221 0.9606 -0.275836 0.00928435 0.933811 -0.357647 51 153 230
0.34203 -0.899017 -0.278906 0.284378 -0.934553 -0.213868 51 153 230
-0.83301 -0.478591 -0.277008 -0.854869 -0.455309 -0.248784 51 153 229
-0.731975 0.627615 -0.261115 -0.729233 0.625831 -0.276685 51 153 230
0.349688 -0.89672 -0.276585 0.394852 -0.88458 -0.248215 51 153 230
-0.858472 -0.422896 -0.284696 -0.854516 -0.432032 -0.288357 51 153 230
0.412722 -0.861749 -0.289527 0.420802 -0.859886 -0.289002 51 153 230
0.836434 -0.478605 -0.266207 0.851448 -0.468915 -0.234849 51 153 230
0.833783 0.480517 -0.275365 0.864159 0.43877 -0.246395 51 153 230
-0.754069 -0.596508 -0.268601 -0.771341 -0.574795 -0.273211 51 153 230
0.480229 -0.833722 -0.274465 0.441632 -0.861515 -0.250508 51 153 230
-0.790985 -0.535614 -0.286694 -0.793853 -0.545951 -0.267835 51 153 229
-0.896868 -0.350131 -0.278113 -0.88201 -0.400012 -0.249095 51 153 230
0.500025 -0.824998 -0.262009 0.539128 -0.811188 -0.22653 51 153 230
0.960404 0.00104554 -0.275435 0.939394 -0.00252152 -0.342832 51 153 230
0.825524 0.499101 -0.263404 0.806407 0.545798 -0.227624 51 153 230
-0.899106 -0.343858 -0.278599 -0.93311 -0.283806 -0.220814 51 153 230
0.866674 -0.404878 -0.286535 0.861691 -0.411926 -0.296322 51 153 230
0.96152 0.0740291 -0.270141 0.935439 0.0739515 -0.345667 51 153 230
-0.908077 -0.295782 -0.293256 -0.930051 -0.251247 -0.268106 51 153 230
-0.48071 -0.833741 -0.270455 -0.471165 -0.850681 -0.23312 51 153 230
0.894247 -0.356013 -0.272312 0.87479 -0.390706 -0.286515 51 153 230
0.944722 0.139853 -0.289067 0.934494 0.152832 -0.321502 51 153 230
0.899286 -0.344995 -0.268626 0.929548 -0.293915 -0.222607 51 153 230
-0.494142 -0.824345 -0.27662 -0.539759 -0.804091 -0.249194 51 153 230
0.526486 0.801879 -0.276255 0.559522 0.784006 -0.268829 51 153 230
-0.686939 0.670523 -0.279189 -0.698567 0.647809 -0.303887 51 153 230
0.911518 -0.288157 -0.286177 0.93298 -0.256645 -0.252352 51 153 230
-0.940352 -0.201223 -0.266376 -0.932713 -0.211751 -0.291905 51 153 230
0.526803 -0.794552 -0.296127 0.551955 -0.788225 -0.272116 51 153 230
0.583094 -0.764525 -0.264845 0.571378 -0.777605 -0.262409 51 153 230
0.628218 -0.724974 -0.276183 0.605125 -0.737205 -0.300587 51 153 230
0.672578 -0.689606 -0.269813 0.636686 -0.706526 -0.308953 51 153 230
0.68613 -0.671275 -0.279639 0.705172 -0.637035 -0.311319 51 153 230
0.728402 -0.630597 -0.260814 0.740906 -0.605598 -0.290362 51 153 230
0.757553 -0.586234 -0.277009 0.768541 -0.582252 -0.265195 51 153 230
-0.949564 -0.126866 -0.28166 -0.932818 -0.14355 -0.330521 51 153 230
-0.961052 -0.0753516 -0.270355 -0.93099 -0.0494982 -0.361673 51 153 230
-0.959897 -0.000454316 -0.272363 -0.93935 0.00669654 -0.342896 51 153 230
0.96275 -0.0676279 -0.265728 0.93938 -0.0899608 -0.330867 51 153 230
0.495191 0.825218 -0.274259 0.536612 0.807069 -0.246346 51 153 230
-0.960611 0.0689374 -0.269984 -0.927293 0.0577139 -0.369861 51 153 230
-0.948475 0.121417 -0.281982 -0.935881 0.138126 -0.32411 51 153 230
0.947443 0.188087 -0.252531 0.934516 0.206377 -0.28998 51 153 229
0.0687233 0.961519 -0.269333 0.0977944 0.9336 -0.344713 51 153 230
-0.673984 0.688892 -0.267703 -0.64423 0.708641 -0.287744 51 153 230
0.915837 0.279603 -0.279087 0.930084 0.256277 -0.263183 51 153 230
0.944335 -0.201438 -0.249488 0.936388 -0.219762 -0.273645 51 153 230
0.139131 0.945065 -0.285942 0.143754 0.937419 -0.317144 51 153 230
0.204633 0.937893 -0.27038 0.200155 0.936458 -0.288069 51 153 230
-0.622594 0.727614 -0.282651 -0.617613 0.733037 -0.284975 51 153 230
0.271118 0.919932 -0.275609 0.261614 0.932452 -0.249181 51 153 230
-0.585703 0.763961 -0.263929 -0.572487 0.77605 -0.264585 51 153 230
0.79494 0.527212 -0.294276 0.786662 0.552256 -0.276001 51 153 230
-0.52705 0.795049 -0.295687 -0.542149 0.792546 -0.279187 51 153 230
0.898024 0.342916 -0.27956 0.935485 0.273529 -0.223716 51 153 230
0.895707 0.353041 -0.273472 0.893472 0.376907 -0.244231 51 153 230
0.409255 0.864292 -0.286964 0.409711 0.860615 -0.302453 51 153 230
-0.425603 -0.858274 -0.281634 -0.42518 -0.856281 -0.293266 51 153 230
-0.500275 0.824851 -0.262035 -0.529746 0.816035 -0.231204 51 153 230
-0.943396 0.186519 -0.26404 -0.936054 0.187745 -0.297582 51 153 230
-0.345189 -0.900517 -0.267069 -0.307137 -0.925823 -0.220268 51 153 230
-0.360087 -0.891779 -0.276782 -0.404283 -0.866734 -0.29211 51 153 230
0.35414 0.894102 -0.27528 0.38745 0.879682 -0.275758 51 153 229
-0.298302 -0.911657 -0.277143 -0.262289 -0.932338 -0.248899 51 153 230
-0.480473 0.833448 -0.273884 -0.43464 0.864775 -0.251501 51 153 230
-0.915509 0.271297 -0.288411 -0.929697 0.254692 -0.266075 51 153 230
-0.413475 0.860639 -0.288986 -0.410964 0.865672 -0.285868 51 153 230
-0.206757 -0.93552 -0.274688 -0.210738 -0.934357 -0.287343 51 153 230
0.336898 0.901651 -0.269455 0.297068 0.926743 -0.229996 51 153 229
-0.140916 -0.950042 -0.271357 -0.163912 -0.936047 -0.311366 51 153 230
-0.0679692 -0.9618 -0.268745 -0.0759488 -0.938377 -0.337165 51 153 229
-0.347549 0.896236 -0.275699 -0.389884 0.884526 -0.256132 51 153 230
-0.900026 0.340629 -0.2686 -0.926203 0.299636 -0.228836 51 153 230
0.478996 0.836822 -0.265224 0.468694 0.852413 -0.231773 51 153 230
-0.893774 0.351488 -0.277437 -0.876728 0.392338 -0.278243 51 153 230
-0.342455 0.897531 -0.278378 -0.284135 0.934461 -0.214592 51 153 230
-0.862289 0.416092 -0.281099 -0.862327 0.417889 -0.285938 51 153 230
-0.298581 0.909334 -0.283499 -0.273784 0.931549 -0.23929 51 153 230
0.688014 0.672555 -0.267965 0.712312 0.648859 -0.267572 51 153 229
-0.832158 0.485077 -0.269385 -0.859815 0.453435 -0.234766 51 153 230
0.665964 0.688827 -0.281181 0.650383 0.703944 -0.285421 51 153 229
-0.201833 0.939998 -0.266784 -0.216462 0.935744 -0.278436 51 153 230
-0.824772 0.496756 -0.271954 -0.800658 0.541608 -0.25614 51 153 230
0.765417 0.581889 -0.262735 0.770372 0.583275 -0.25752 51 153 230
0.724588 0.623702 -0.283042 0.737308 0.619664 -0.269062 51 153 230
0.630943 0.727175 -0.260797 0.628208 0.732046 -0.26356 51 153 229
0.586935 0.75698 -0.27653 0.58797 0.765419 -0.261582 51 153 230
-0.824489 -0.48172 -0.295074 -0.81177 -0.489825 -0.317964 51 153 229
-0.89523 -0.346651 -0.286621 -0.869308 -0.360612 -0.338026 51 153 230
-0.481057 -0.824147 -0.297897 -0.490467 -0.810903 -0.319184 51 153 230
0.343132 -0.895986 -0.286836 0.362597 -0.870413 -0.333024 51 153 230
-0.340925 -0.894713 -0.290216 -0.333527 -0.885938 -0.322295 51 153 230
0.484068 -0.824072 -0.294642 0.477761 -0.817942 -0.320491 51 153 230
0.825198 -0.480417 -0.297142 0.822755 -0.475243 -0.311798 51 153 230
0.827544 0.4786 -0.294277 0.820925 0.47282 -0.320191 51 153 230
0.893713 -0.34248 -0.288958 0.885048 -0.34754 -0.309686 51 153 230
-0.893369 0.342901 -0.28834 -0.891977 0.338669 -0.299466 51 153 230
-0.482452 0.824738 -0.294943 -0.474269 0.821985 -0.315294 51 153 230
0.479299 0.825868 -0.298068 0.469795 0.823901 -0.316985 51 153 230
-0.824214 0.479496 -0.300992 -0.819723 0.48102 -0.310924 51 153 230
0.89467 0.343349 -0.288484 0.882918 0.341549 -0.32218 51 153 230
-0.340315 0.895319 -0.286885 -0.359356 0.876988 -0.318992 51 153 230
0.345771 0.892666 -0.289395 0.369473 0.869396 -0.328086 51 153 229
0.800244 -0.560561 -0.19874 0.794542 -0.564521 -0.223651 51 153 230
-0.799539 0.563305 -0.198451 -0.796665 0.57047 -0.199722 51 153 230
-0.829483 -0.516471 -0.198162 -0.831748 -0.520418 -0.19329 51 153 230
0.961847 -0.175418 -0.204764 0.962517 -0.166989 -0.213717 51 153 230
-0.758487 0.618328 -0.205953 -0.792032 0.589207 -0.159748 51 153 230
0.819813 -0.527502 -0.212111 0.823676 -0.530525 -0.20025 51 153 230
-0.692422 -0.694726 -0.212856 -0.653649 -0.738687 -0.164574 51 153 230
-0.756851 0.620069 -0.207221 -0.753822 0.633343 -0.175013 51 153 230
-0.180128 0.961051 -0.210358 -0.160205 0.963704 -0.213563 51 153 230
-0.694527 0.692496 -0.213041 -0.736848 0.654266 -0.170267 51 153 230
0.967565 -0.128603 -0.210514 0.977215 -0.105428 -0.184218 51 153 230
-0.856696 -0.461857 -0.220755 -0.852391 -0.478638 -0.21056 51 153 230
-0.130215 0.970584 -0.197329 -0.101486 0.980479 -0.168412 51 153 230
-0.695016 0.692025 -0.212841 -0.639354 0.740258 -0.207953 51 153 230
0.975884 -0.0611522 -0.193964 0.982658 -0.0476853 -0.179192 51 153 230
-0.889395 -0.41071 -0.204824 -0.858058 -0.447795 -0.251426 51 153 229
-0.691937 -0.695232 -0.212639 -0.744758 -0.63558 -0.203405 51 153 230
0.0101135 -0.97316 -0.213982 0.00858882 -0.981178 -0.192917 51 153 230
0.974134 0.0122273 -0.211795 0.981853 0.00324667 -0.189618 51 153 230
-0.892952 -0.405024 -0.201649 -0.918722 -0.348152 -0.186387 51 153 229
-0.0603443 0.973496 -0.209607 -0.0483874 0.98123 -0.186669 51 153 230
-0.617752 -0.758564 -0.205998 -0.586958 -0.794199 -0.157251 51 153 230
-0.907858 -0.356552 -0.214976 -0.930775 -0.320506 -0.175881 51 153 230
0.0811414 -0.974461 -0.193291 0.064514 -0.982253 -0.176119 51 153 230
0.854067 -0.480065 -0.186466 0.847735 -0.500102 -0.176759 51 153 229
-0.619291 -0.757142 -0.207074 -0.631308 -0.756682 -0.169949 51 153 230
-0.937154 -0.269664 -0.210589 -0.934319 -0.28368 -0.21581 51 153 230
-0.973178 -0.00994848 -0.215196 -0.980124 -0.000398143 -0.198384 51 153 230
0.888383 0.413984 -0.202268 0.859758 0.454247 -0.233402 51 153 230
-0.562757 -0.798787 -0.200267 -0.56793 -0.79892 -0.197943 51 153 230
-0.79982 -0.556982 -0.207934 -0.804116 -0.555969 -0.210467 51 153 230
-0.97506 0.0490671 -0.200586 -0.980971 0.0388746 -0.190222 51 153 230
0.849556 0.473324 -0.226473 0.85629 0.470285 -0.213542 51 153 230
0.144538 -0.966638 -0.20822 0.107854 -0.979658 -0.169225 51 153 230
0.0148955 0.978879 -0.191337 0.0113627 0.981438 -0.191444 51 153 230
-0.970303 0.125795 -0.19701 -0.976928 0.0959769 -0.190787 51 153 230
-0.756443 -0.620906 -0.208733 -0.759108 -0.635021 -0.143187 51 153 230
0.830663 0.518735 -0.189257 0.82654 0.528964 -0.192427 51 153 230
0.561781 0.799391 -0.198621 0.572835 0.788885 -0.222532 51 153 230
0.528479 0.819424 -0.212053 0.531987 0.822905 -0.19954 51 153 230
0.181935 -0.961674 -0.203076 0.163706 -0.966142 -0.199425 51 153 230
0.207218 0.953054 -0.216068 0.23411 0.941342 -0.243036 51 153 230
0.171763 0.965161 -0.196752 0.161373 0.966422 -0.199966 51 153 230
0.274613 0.938762 -0.194313 0.291214 0.935263 -0.20119 51 153 230
0.207387 -0.955306 -0.208822 0.253784 -0.932872 -0.255623 51 153 230
0.0571435 0.972429 -0.216092 0.0463654 0.981244 -0.187112 51 153 230
-0.756452 -0.620893 -0.20874 -0.815177 -0.550924 -0.178798 51 153 230
0.267001 -0.939307 -0.200246 0.28046 -0.935988 -0.212767 51 153 230
0.124932 0.970166 -0.201374 0.0949503 0.978844 -0.181241 51 153 230
0.356586 -0.907665 -0.21372 0.317773 -0.930697 -0.181172 51 153 230
0.408401 0.893711 -0.198065 0.464715 0.855916 -0.226821 51 153 230
-0.467663 -0.858747 -0.198385 -0.495112 -0.849289 -0.183227 51 153 230
-0.523438 -0.822445 -0.211588 -0.521031 -0.830286 -0.197868 51 153 230
0.403255 -0.893055 -0.202053 0.35135 -0.915886 -0.194181 51 153 230
0.408401 0.893711 -0.198065 0.360368 0.901965 -0.237896 51 153 230
-0.961353 -0.183461 -0.209323 -0.964657 -0.15797 -0.210906 51 153 230
-0.404331 -0.89542 -0.197103 -0.463784 -0.855526 -0.230174 51 153 230
0.975394 0.0784344 -0.193034 0.983588 0.0612372 -0.169721 51 153 230
-0.961484 0.180685 -0.205155 -0.962355 0.158175 -0.221029 51 153 230
0.410421 -0.888644 -0.206026 0.439881 -0.861662 -0.253066 51 153 230
-0.332219 -0.91863 -0.202744 -0.30598 -0.934208 -0.183386 51 153 230
0.89458 -0.405499 -0.200372 0.853857 -0.464128 -0.235615 51 153 229
0.968652 0.139258 -0.203157 0.978923 0.108539 -0.172998 51 153 230
0.354187 0.911741 -0.19918 0.312801 0.932785 -0.179074 51 153 230
-0.952409 0.213887 -0.214016 -0.935885 0.247571 -0.250654 51 153 230
0.46334 -0.856727 -0.21888 0.469977 -0.857272 -0.210252 51 153 230
-0.939483 0.272687 -0.19352 -0.933898 0.292453 -0.205681 51 153 230
0.962006 0.176688 -0.207149 0.964817 0.170697 -0.199977 51 153 229
0.482097 0.85344 -0.184087 0.498687 0.849494 -0.172254 51 153 230
-0.404331 -0.89542 -0.197103 -0.370997 -0.899006 -0.232698 51 153 230
0.894576 -0.405512 -0.200371 0.916944 -0.338776 -0.21082 51 153 229
0.515888 -0.830857 -0.196722 0.521074 -0.831769 -0.191421 51 153 230
0.952208 0.214874 -0.214258 0.937969 0.244016 -0.246314 51 153 229
-0.911166 0.357269 -0.196035 -0.929245 0.317716 -0.188575 51 153 230
-0.250869 -0.944823 -0.201627 -0.278112 -0.934545 -0.221989 51 153 230
0.920808 -0.322192 -0.204937 0.934541 -0.299605 -0.192019 51 153 230
0.793417 0.563383 -0.214346 0.793852 0.568716 -0.215317 51 153 230
0.943183 0.258586 -0.199338 0.933401 0.289142 -0.212506 51 153 229
-0.892758 0.404854 -0.202907 -0.896828 0.36992 -0.242607 51 153 230
0.756353 0.618411 -0.205998 0.801081 0.568138 -0.188383 51 153 230
0.944131 -0.252548 -0.198949 0.935837 -0.27895 -0.215396 51 153 230
-0.129562 -0.967737 -0.211219 -0.0973648 -0.978913 -0.17958 51 153 230
-0.970851 -0.132061 -0.195507 -0.979372 -0.0971811 -0.177163 51 153 230
0.756353 0.618411 -0.205998 0.747872 0.639247 -0.179028 51 153 230
0.560627 -0.798271 -0.20501 0.562304 -0.798823 -0.213768 51 153 230
0.954598 -0.209771 -0.206642 0.943594 -0.234358 -0.233896 51 153 230
0.91474 0.336488 -0.212949 0.930583 0.306848 -0.199647 51 153 230
0.690831 0.691307 -0.210389 0.734684 0.648337 -0.199746 51 153 230
0.893491 0.404874 -0.200167 0.918814 0.340101 -0.200278 51 153 230
-0.179466 -0.963821 -0.199266 -0.143358 -0.973218 -0.179706 51 153 230
-0.95706 -0.20699 -0.20854 -0.932367 -0.25802 -0.253214 51 153 230
0.690831 0.691307 -0.210389 0.665116 0.724929 -0.179162 51 153 230
0.620233 -0.756416 -0.208927 0.558227 -0.811194 -0.174202 51 153 230
-0.0639292 -0.975829 -0.194226 -0.0440099 -0.982864 -0.179002 51 153 230
0.618349 0.756151 -0.206974 0.651045 0.737248 -0.180571 51 153 230
0.618349 0.756151 -0.206974 0.595302 0.785991 -0.166835 51 153 230
-0.89007 0.414198 -0.197702 -0.85053 0.463775 -0.248016 51 153 230
-0.860898 0.460391 -0.208314 -0.855002 0.474793 -0.208671 51 153 230
-0.824144 0.522889 -0.209456 -0.832064 0.517976 -0.198421 51 153 230
-0.97434 -0.0696448 -0.201662 -0.981806 -0.0509441 -0.182923 51 153 230
0.620299 -0.756375 -0.208885 0.613854 -0.77839 -0.131503 51 153 230
0.699756 -0.695642 -0.210801 0.601766 -0.762493 -0.237662 51 153 230
-0.200663 -0.957403 -0.208795 -0.223339 -0.936476 -0.270431 51 153 230
0.698382 -0.696769 -0.211603 0.763481 -0.629539 -0.144144 51 153 230
0.757475 -0.617812 -0.208128 0.794675 -0.588131 -0.150316 51 153 230
0.757475 -0.617811 -0.208128 0.79321 -0.587084 -0.161712 51 153 230
-0.620212 0.757815 -0.208459 -0.638199 0.755356 -0.14879 51 153 230
-0.619509 0.758296 -0.208894 -0.550948 0.811578 -0.194416 51 153 230
-0.56211 0.795885 -0.214191 -0.557044 0.800214 -0.222169 51 153 230
-0.517179 0.830763 -0.196269 -0.515073 0.833586 -0.199583 51 153 230
-0.464513 0.856162 -0.217895 -0.463373 0.858753 -0.218698 51 153 230
-0.408927 0.888665 -0.20572 -0.429903 0.864902 -0.259091 51 153 230
-0.400475 0.893676 -0.201634 -0.352016 0.913014 -0.20613 51 153 230
-0.354836 0.908186 -0.211628 -0.315181 0.927183 -0.202465 51 153 230
-0.258881 0.943195 -0.195828 -0.287513 0.933882 -0.212604 51 153 230
-0.208001 0.955299 -0.211819 -0.25762 0.933632 -0.248924 51 153 230
-0.686559 -0.689256 -0.235834 -0.683292 -0.67775 -0.271601 51 153 230
0.000496726 -0.960135 -0.273703 -0.00176666 -0.979341 -0.20221 51 153 230
0.958796 -0.136402 -0.242874 0.951661 -0.16025 -0.262034 51 153 230
-0.616808 -0.754536 -0.220327 -0.587857 -0.766465 -0.258758 51 153 230
0.0725867 -0.960777 -0.26936 0.0451998 -0.980182 -0.192876 51 153 229
-0.754158 0.616961 -0.222063 -0.764536 0.59042 -0.25863 51 153 230
0.135258 -0.960446 -0.23883 0.138388 -0.959469 -0.245495 51 153 230
0.962748 -0.0676294 -0.265734 0.980697 -0.0540914 -0.187905 51 153 230
-0.688793 0.687108 -0.234935 -0.676251 0.682118 -0.278208 51 153 230
-0.135486 0.960863 -0.238167 -0.132077 0.961087 -0.242626 51 153 230
0.960537 0.000981561 -0.274943 0.979976 -0.0061727 -0.199022 51 153 230
-0.0698263 0.962485 -0.265714 -0.0717881 0.975543 -0.207753 51 153 230
-0.754381 -0.619121 -0.217435 -0.763529 -0.589031 -0.264701 51 153 230
-0.000500074 0.960581 -0.27591 -0.000673041 0.978892 -0.204376 51 153 230
-0.620136 0.75395 -0.218149 -0.605172 0.745112 -0.280312 51 153 230
-0.959897 -0.000454316 -0.272363 -0.97621 0.00862714 -0.216657 51 153 230
-0.959548 -0.14299 -0.239922 -0.961027 -0.132281 -0.242753 51 153 230
-0.960611 0.0689374 -0.269984 -0.973104 0.074581 -0.217961 51 153 230
-0.957736 0.148903 -0.238575 -0.95495 0.142669 -0.260224 51 153 230
0.617575 -0.755209 -0.217647 0.572058 -0.772637 -0.275284 51 153 230
-0.961522 -0.0761111 -0.26843 -0.975716 -0.0585065 -0.21108 51 153 230
-0.143997 -0.959042 -0.239603 -0.16093 -0.949517 -0.269295 51 153 230
0.96152 0.0740291 -0.270141 0.980713 0.0432688 -0.190601 51 153 230
-0.0679692 -0.9618 -0.268745 -0.0502142 -0.979763 -0.193763 51 153 229
0.694018 -0.685443 -0.234157 0.70805 -0.621946 -0.334436 51 153 230
0.961312 0.130922 -0.239197 0.961219 0.133749 -0.241182 51 153 230
0.068709 0.961527 -0.269306 0.0652724 0.977098 -0.202533 51 153 230
0.754574 -0.619158 -0.213341 0.766879 -0.573955 -0.287179 51 153 230
0.145636 0.959659 -0.235192 0.15788 0.951147 -0.265318 51 153 230
0.690061 0.684829 -0.227158 0.690975 0.678144 -0.250349 51 153 230
0.755603 0.617233 -0.210715 0.747901 0.612955 -0.254813 51 153 230
0.619364 0.753815 -0.210968 0.60916 0.751415 -0.253576 51 153 230
-0.548739 -0.823321 -0.137343 -0.481535 -0.86561 -0.137274 51 153 230
0.00305635 -0.986161 -0.144349 0.0104406 -0.988124 -0.153305 51 153 230
-0.822602 -0.548691 -0.136603 -0.858578 -0.49489 -0.133895 51 153 230
0.0685432 -0.985663 -0.134048 0.0696075 -0.98687 -0.145749 51 153 230
0.893686 0.430687 -0.13557 0.866685 0.483778 -0.121719 51 153 230
-0.241387 0.960393 -0.128128 -0.243158 0.960536 -0.135076 51 153 230
0.859726 0.481925 -0.155133 0.854648 0.495397 -0.15543 51 153 230
0.139179 -0.977886 -0.135369 0.123962 -0.984259 -0.125963 51 153 230
-0.205877 0.967632 -0.137668 -0.18915 0.976365 -0.104559 51 153 230
0.901642 0.412346 -0.14047 0.931443 0.34705 -0.109407 51 153 230
-0.548742 -0.823319 -0.137344 -0.598753 -0.785072 -0.158609 51 153 230
0.823731 0.548481 -0.136053 0.845653 0.506294 -0.168928 51 153 230
-0.162657 0.973593 -0.147295 -0.139694 0.982696 -0.121634 51 153 230
0.203815 -0.967557 -0.142893 0.166941 -0.978346 -0.122348 51 153 230
0.548949 0.823115 -0.136182 0.591244 0.789152 -0.166338 51 153 230
0.239521 -0.961497 -0.127068 0.236671 -0.960785 -0.144499 51 153 230
-0.822602 -0.548691 -0.136603 -0.785589 -0.601988 -0.143038 51 153 230
0.548949 0.823115 -0.136182 0.517713 0.838043 -0.172212 51 153 230
0.823794 -0.547514 -0.135425 0.79548 -0.584159 -0.161149 51 153 230
0.958537 -0.240572 -0.143935 0.951284 -0.263654 -0.159831 51 153 230
-0.687692 -0.714852 -0.117006 -0.682441 -0.722619 -0.109987 51 153 230
0.272366 0.951986 -0.130679 0.312379 0.933473 -0.176204 51 153 230
-0.715249 -0.680342 -0.154131 -0.738564 -0.662407 -0.12546 51 153 230
-0.824386 0.548887 -0.136526 -0.85439 0.49783 -0.148941 51 153 230
-0.602689 -0.784319 -0.12673 -0.606757 -0.7831 -0.136385 51 153 230
-0.644367 -0.747694 -0.148416 -0.636846 -0.759524 -0.132479 51 153 230
0.240015 0.958323 -0.14761 0.244847 0.954877 -0.168105 51 153 230
0.969623 -0.204795 -0.121567 0.979504 -0.174025 -0.101424 51 153 230
0.272702 -0.950268 -0.137918 0.297225 -0.938533 -0.175536 51 153 230
-0.823567 0.549951 -0.137106 -0.783534 0.602393 -0.152304 51 153 230
-0.75299 -0.644458 -0.117115 -0.762643 -0.635777 -0.119006 51 153 230
-0.0716803 0.98679 -0.12595 -0.0782919 0.988555 -0.128957 51 153 230
-0.00643923 0.987686 -0.143642 -0.00963289 0.989206 -0.146215 51 153 230
0.334107 -0.927459 -0.148901 0.33009 -0.931916 -0.150245 51 153 230
0.412465 -0.900772 -0.144194 0.345335 -0.931035 -0.117971 51 153 230
0.97427 -0.147046 -0.158598 0.981221 -0.128229 -0.144093 51 153 230
-0.780699 -0.600924 -0.153514 -0.796578 -0.586303 -0.147352 51 153 230
-0.857971 -0.484016 -0.15575 -0.851401 -0.500094 -0.158185 51 153 230
0.0712132 0.985771 -0.133964 0.0725953 0.988414 -0.133298 51 153 230
0.430864 -0.892941 -0.137984 0.481496 -0.868464 -0.118035 51 153 230
0.986805 -0.0830395 -0.12355 0.986406 -0.0822024 -0.142286 51 153 230
0.986457 -0.0113512 -0.143799 0.988736 -0.00322396 -0.149638 51 153 230
0.157741 0.974076 -0.154122 0.130609 0.983255 -0.127084 51 153 230
-0.89246 -0.432603 -0.131356 -0.869016 -0.479767 -0.120975 51 153 230
-0.783886 0.603935 -0.127155 -0.781758 0.608834 -0.134816 51 153 230
0.823794 -0.547514 -0.135425 0.838432 -0.517414 -0.171215 51 153 230
0.987695 0.0560665 -0.126644 0.989487 0.054136 -0.134111 51 153 230
-0.902915 -0.408582 -0.137299 -0.929924 -0.347678 -0.119841 51 153 230
-0.987387 0.0133823 -0.138806 -0.987726 0.00865463 -0.155957 51 153 230
-0.747648 0.645111 -0.148235 -0.758394 0.637461 -0.135947 51 153 230
0.975864 0.146763 -0.146916 0.984113 0.123934 -0.127128 51 153 230
-0.927921 -0.332396 -0.149957 -0.933246 -0.328559 -0.145258 51 153 230
0.201745 0.969986 -0.124342 0.173662 0.979403 -0.103015 51 153 230
0.862431 -0.484323 -0.12693 0.859779 -0.493529 -0.131183 51 153 230
-0.415361 -0.899979 -0.130625 -0.369508 -0.923747 -0.100776 51 153 230
-0.984806 0.0874885 -0.133284 -0.986977 0.0835284 -0.137474 51 153 230
0.894309 -0.425537 -0.135941 0.87096 -0.474821 -0.126387 51 153 229
-0.952216 -0.260935 -0.148792 -0.941575 -0.295802 -0.161049 51 153 230
-0.426328 -0.894129 -0.136296 -0.481417 -0.865644 -0.13747 51 153 230
-0.715482 0.687904 -0.116844 -0.722976 0.68138 -0.114139 51 153 230
0.900084 -0.413852 -0.132206 0.925174 -0.367358 -0.0954009 51 153 229
0.492506 -0.854828 -0.147626 0.495629 -0.855174 -0.151758 51 153 230
0.915401 -0.367746 -0.146746 0.933847 -0.336168 -0.122153 51 153 230
0.945264 -0.290348 -0.129314 0.934524 -0.320939 -0.153828 51 153 230
0.549281 -0.823031 -0.136542 0.504808 -0.851103 -0.144197 51 153 230
0.342134 0.925288 -0.141469 0.344647 0.929736 -0.129653 51 153 230
0.549281 -0.823031 -0.136542 0.597308 -0.786386 -0.157543 51 153 230
0.609603 -0.775395 -0.149196 0.58999 -0.792929 -0.152234 51 153 230
0.416799 0.898662 -0.1342 0.360321 0.927179 -0.102507 51 153 230
0.642465 -0.755323 -0.11585 0.633834 -0.764601 -0.116786 51 153 230
0.682194 -0.71581 -0.153563 0.64303 -0.759135 -0.101128 51 153 230
-0.485773 -0.858734 -0.143756 -0.495572 -0.85598 -0.147331 51 153 230
0.714366 -0.68912 -0.116499 0.729991 -0.678173 -0.0848214 51 153 230
0.486017 0.861468 -0.126955 0.491228 0.860316 -0.136205 51 153 230
0.748502 -0.643678 -0.149504 0.776619 -0.619083 -0.116612 51 153 230
-0.357148 -0.920753 -0.137809 -0.33725 -0.934251 -0.115919 51 153 230
0.426458 0.893734 -0.138112 0.47994 0.866778 -0.135475 51 153 230
-0.288306 -0.945701 -0.13183 -0.322395 -0.936068 -0.140847 51 153 230
0.774125 -0.6163 -0.125595 0.789295 -0.600787 -0.126758 51 153 230
-0.96239 -0.237921 -0.121575 -0.968115 -0.222534 -0.115033 51 153 230
-0.680318 0.715943 -0.154303 -0.664944 0.735356 -0.130774 51 153 230
-0.217198 -0.966148 -0.129791 -0.187708 -0.977064 -0.100556 51 153 230
0.823405 0.54889 -0.136255 0.795343 0.573116 -0.197402 51 153 230
-0.97423 0.156715 -0.153758 -0.982043 0.137066 -0.129632 51 153 230
-0.244997 -0.957053 -0.148335 -0.274549 -0.949842 -0.149747 51 153 230
-0.970975 -0.19306 -0.128908 -0.980209 -0.171701 -0.098536 51 153 230
-0.14596 -0.976377 -0.144335 -0.127748 -0.983794 -0.125814 51 153 230
0.785504 0.5963 -0.146691 0.784822 0.598011 -0.162593 51 153 230
-0.970892 0.197167 -0.122189 -0.97809 0.18635 -0.0928049 51 153 230
0.754559 0.641973 -0.120786 0.755888 0.640281 -0.136649 51 153 230
-0.975706 -0.147558 -0.150585 -0.983999 -0.132646 -0.118955 51 153 230
-0.643779 0.754864 -0.11639 -0.63825 0.760196 -0.121403 51 153 230
-0.95825 0.239746 -0.146865 -0.957415 0.250758 -0.143101 51 153 230
0.715628 0.677714 -0.156212 0.729559 0.666257 -0.154421 51 153 230
-0.98696 -0.0632025 -0.131759 -0.987633 -0.057914 -0.145698 51 153 230
-0.59848 0.78386 -0.154664 -0.591118 0.7918 -0.153728 51 153 230
-0.951063 0.273478 -0.129313 -0.939672 0.306331 -0.152244 51 153 230
0.963738 0.235432 -0.122747 0.963656 0.241024 -0.115211 51 153 229
0.687253 0.714824 -0.117483 0.68358 0.717473 -0.133984 51 153 230
-0.549366 0.824412 -0.137709 -0.607461 0.782008 -0.139478 51 153 230
0.946823 0.279976 -0.14454 0.938513 0.311406 -0.149062 51 153 229
0.643075 0.747977 -0.149317 0.646746 0.746469 -0.156536 51 153 230
-0.92597 0.337953 -0.148499 -0.933668 0.333359 -0.130901 51 153 230
0.612844 0.777378 -0.121782 0.609023 0.781779 -0.133839 51 153 230
0.968353 0.205282 -0.140977 0.979667 0.165062 -0.114047 51 153 229
-0.549362 0.824414 -0.137711 -0.495673 0.856334 -0.144916 51 153 230
-0.901652 0.412093 -0.131777 -0.930594 0.350979 -0.103962 51 153 230
0.920336 0.354769 -0.152094 0.935386 0.32396 -0.141783 51 153 230
-0.893944 0.426492 -0.142903 -0.869282 0.473358 -0.142408 51 153 230
-0.0617504 -0.987869 -0.126173 -0.0595955 -0.989643 -0.130597 51 153 230
-0.85639 0.492932 -0.139355 -0.857634 0.491572 -0.151066 51 153 230
-0.492813 0.855545 -0.147176 -0.491641 0.856442 -0.157466 51 153 230
-0.42819 0.895311 -0.134661 -0.469991 0.874413 -0.120457 51 153 230
-0.408532 0.902626 -0.14377 -0.337252 0.931938 -0.133238 51 153 230
-0.329973 0.927998 -0.156078 -0.319737 0.935751 -0.14879 51 153 230
-0.284517 0.947471 -0.129669 -0.318426 0.937025 -0.143492 51 153 230
-0.822578 -0.548659 -0.136804 -0.816241 -0.547222 -0.185199 51 153 230
-0.548425 -0.822871 -0.1399 -0.545021 -0.818689 -0.180835 51 153 230
-0.822713 0.548352 -0.144973 -0.815791 0.548756 -0.182626 51 153 230
0.895695 0.410747 -0.175538 0.900592 0.395041 -0.18132 51 153 230
-0.892901 -0.413286 -0.179697 -0.893295 -0.415158 -0.172244 51 153 229
-0.548458 0.823741 -0.142459 -0.545727 0.814383 -0.197389 51 153 230
0.961892 -0.208326 -0.171759 0.964859 -0.205444 -0.163827 51 153 230
0.214812 -0.959556 -0.179742 0.252985 -0.951624 -0.174386 51 153 230
0.206019 0.961937 -0.17641 0.225535 0.958999 -0.171626 51 153 230
-0.960674 -0.210949 -0.181635 -0.962669 -0.224689 -0.150943 51 153 230
0.893961 -0.409088 -0.191692 0.880542 -0.452093 -0.142327 51 153 229
-0.405919 -0.895451 -0.188341 -0.4098 -0.899987 -0.148615 51 153 230
-0.208276 0.960768 -0.182214 -0.225137 0.961532 -0.157383 51 153 230
-0.419346 0.891749 -0.17296 -0.444091 0.87446 -0.195202 51 153 230
-0.961504 0.20601 -0.180317 -0.961029 0.223006 -0.163373 51 153 230
0.409762 0.894018 -0.185816 0.416633 0.897924 -0.141947 51 153 230
0.41508 -0.893165 -0.175029 0.417624 -0.890229 -0.181884 51 153 230
-0.207167 -0.961258 -0.183067 -0.209454 -0.966259 -0.149909 51 153 230
0.549069 -0.823092 -0.13692 0.529855 -0.827343 -0.186433 51 153 230
-0.893296 0.413269 -0.180044 -0.8952 0.414984 -0.162498 51 153 230
0.961391 0.214504 -0.170599 0.959075 0.224936 -0.171983 51 153 229
-0.831314 0.557053 -0.0665444 -0.864475 0.497672 -0.0707488 51 153 230
0.826664 -0.558391 -0.0726853 0.794095 -0.602107 -0.0829465 51 153 230
-0.555389 -0.831435 -0.0712901 -0.495317 -0.866146 -0.0667275 51 153 230
-0.00193241 -0.995421 -0.066445 9.97637e-05 -0.997253 -0.0740747 51 153 230
-0.270585 0.961182 -0.0710853 -0.18767 0.981483 -0.0383415 51 153 230
-0.831432 0.55688 -0.0663828 -0.777966 0.622006 -0.0887517 51 153 230
-0.828653 -0.558942 -0.0667836 -0.872862 -0.480339 -0.0859379 51 153 230
0.893806 0.444507 -0.056118 0.887997 0.457298 -0.0483682 51 153 230
-0.555333 -0.831479 -0.0712135 -0.620165 -0.778955 -0.0928701 51 153 230
0.0679936 -0.9916 -0.0835168 0.0657246 -0.993124 -0.0968736 51 153 230
0.871402 0.481865 -0.0725292 0.868065 0.491384 -0.0707404 51 153 230
-0.782702 0.618626 -0.0479899 -0.776156 0.627607 -0.0607598 51 153 230
0.833117 -0.548372 -0.0712328 0.85621 -0.509929 -0.0829309 51 153 230
-0.828612 -0.559019 -0.0667098 -0.785234 -0.615384 -0.0686266 51 153 230
-0.865593 -0.489505 -0.079648 -0.864384 -0.495414 -0.0860502 51 153 230
0.962405 -0.268802 -0.0695199 0.973136 -0.210217 -0.0938842 51 153 230
0.12814 -0.988594 -0.0500125 0.128757 -0.988932 -0.0737303 51 153 230
-0.751028 0.652924 -0.0872377 -0.762844 0.640754 -0.086618 51 153 230
-0.688376 -0.722112 -0.0520063 -0.689692 -0.721866 -0.0568746 51 153 230
-0.893512 -0.44397 -0.0551081 -0.88967 -0.453528 -0.0529045 51 153 230
0.975061 -0.20466 -0.0478096 0.984994 -0.16646 -0.0455884 51 153 230
-0.905187 -0.415675 -0.0834226 -0.922629 -0.382248 -0.0514005 51 153 230
-0.721183 -0.685201 -0.0877073 -0.727498 -0.68153 -0.0791393 51 153 230
0.904488 0.418469 -0.0827153 0.926194 0.373198 -0.0537359 51 153 230
-0.927475 -0.359086 -0.0682596 -0.934985 -0.349391 -0.06107 51 153 230
0.986547 -0.12544 -0.0760779 0.988266 -0.138695 -0.0639889 51 153 230
0.828844 0.561169 -0.0641572 0.868953 0.48568 -0.0950537 51 153 230
0.873796 -0.480684 -0.0517785 0.869915 -0.489373 -0.0613329 51 153 230
-0.960207 -0.272767 -0.070221 -0.938799 -0.334564 -0.0819937 51 153 230
-0.72271 0.688761 -0.0519726 -0.723217 0.688223 -0.0575067 51 153 230
-0.617968 -0.782614 -0.0499181 -0.62804 -0.775573 -0.0636628 51 153 230
-0.192312 0.974904 -0.079093 -0.178403 0.982279 -0.0574545 51 153 230
0.891543 -0.442198 -0.0839681 0.890913 -0.447738 -0.0761921 51 153 230
-0.685207 0.72228 -0.0873725 -0.682711 0.726219 -0.0806929 51 153 230
0.196464 -0.975137 -0.077502 0.172723 -0.982886 -0.0640452 51 153 230
-0.6518 -0.751272 -0.0874954 -0.642592 -0.761303 -0.0865659 51 153 230
-0.652138 0.755478 -0.0526481 -0.645214 0.761822 -0.0576745 51 153 230
-0.960207 -0.272769 -0.0702221 -0.980113 -0.196427 -0.028203 51 153 230
-0.970933 -0.211528 -0.0858728 -0.981633 -0.183891 -0.0507944 51 153 230
-0.98551 -0.13918 -0.0574074 -0.986819 -0.151192 -0.0576933 51 153 230
0.911171 -0.40159 -0.0601037 0.925171 -0.373913 -0.0651773 51 153 230
-0.993198 -0.0713843 -0.0754558 -0.991747 -0.10109 -0.0788653 51 153 230
-0.997143 -0.0148638 -0.0636208 -0.99668 -0.0177457 -0.0794571 51 153 230
-0.614929 0.781524 -0.0912486 -0.619591 0.779441 -0.0926198 51 153 230
0.940916 -0.322072 -0.0705923 0.929541 -0.358991 -0.0841377 51 153 230
0.962405 -0.268802 -0.0695199 0.923941 -0.371829 -0.0898682 51 153 230
-0.556321 0.831971 -0.0672476 -0.621888 0.780788 -0.060216 51 153 230
-0.556699 0.831753 -0.0669233 -0.488512 0.869712 -0.0703994 51 153 230
0.268381 -0.962842 -0.0721746 0.184871 -0.982068 -0.0369385 51 153 230
-0.472017 0.877046 -0.0802923 -0.485185 0.870765 -0.0797684 51 153 230
-0.443257 0.894783 -0.0530933 -0.456249 0.888668 -0.0458869 51 153 230
-0.415281 0.906195 -0.0806126 -0.365949 0.92888 -0.0571211 51 153 230
-0.346236 0.931937 -0.068967 -0.342954 0.937229 -0.0631201 51 153 230
0.268164 -0.962924 -0.0720038 0.342787 -0.93526 -0.0882333 51 153 230
-0.270585 0.961182 -0.0710853 -0.345292 0.935031 -0.0805614 51 153 230
-0.754644 -0.651919 -0.0524187 -0.760358 -0.646692 -0.0603791 51 153 230
0.363226 -0.926282 -0.0674098 0.355459 -0.932038 -0.0703875 51 153 230
0.993741 -0.0606292 -0.0773399 0.99523 -0.0528719 -0.0819851 51 153 230
0.266309 0.965009 -0.0700649 0.362587 0.92919 -0.0716649 51 153 230
-0.779389 -0.616182 -0.089843 -0.781271 -0.616301 -0.0989433 51 153 230
-0.124917 0.986611 -0.0758782 -0.136935 0.987 -0.0841442 51 153 230
0.996395 0.00467639 -0.0565592 0.997234 0.00925177 -0.0737516 51 153 230
0.267034 0.964838 -0.0695324 0.183588 0.980092 -0.0755989 51 153 230
-0.995363 0.0515097 -0.0664334 -0.994171 0.0632729 -0.0872985 51 153 230
-0.0799495 0.993321 -0.0545286 -0.0776834 0.995188 -0.0597178 51 153 230
-0.41254 -0.907353 -0.0606522 -0.371673 -0.925905 -0.0675202 51 153 230
-0.00224981 0.995002 -0.0773731 -0.0071792 0.99725 -0.0737664 51 153 230
0.41721 -0.904521 -0.0827592 0.385867 -0.921058 -0.0525271 51 153 230
0.0708593 0.994721 -0.0540088 0.069913 0.995002 -0.0712912 51 153 230
0.143205 0.983804 -0.0788479 0.14309 0.987011 -0.0730349 51 153 230
0.444617 -0.893172 -0.0551533 0.44982 -0.89176 -0.0492608 51 153 230
0.215845 0.972554 -0.0552883 0.170754 0.984963 -0.026275 51 153 230
-0.446082 -0.890777 -0.0771244 -0.46269 -0.882377 -0.0856149 51 153 230
0.482502 -0.870704 -0.0726915 0.491132 -0.868389 -0.0684827 51 153 230
-0.985684 0.134316 -0.0674698 -0.987097 0.147436 -0.0624652 51 153 230
0.356354 0.929191 -0.0543849 0.368148 0.927831 -0.0599704 51 153 230
-0.479534 -0.874071 -0.0592069 -0.481389 -0.871395 -0.0945212 51 153 230
-0.972947 0.209879 -0.0553081 -0.982057 0.185978 -0.0312431 51 153 230
0.991552 0.0795875 -0.0784664 0.992565 0.0807385 -0.0910793 51 153 230
0.560102 -0.828902 -0.0640009 0.486321 -0.86928 -0.0885654 51 153 229
-0.960917 0.271757 -0.0630921 -0.974475 0.212279 -0.0730509 51 153 229
0.988053 0.126381 -0.0575655 0.988474 0.13601 -0.0664823 51 153 230
-0.960917 0.271757 -0.0630921 -0.933569 0.349532 -0.0792282 51 153 229
-0.329772 -0.938473 -0.0597177 -0.350489 -0.934257 -0.0657408 51 153 230
0.413833 0.906078 -0.0661764 0.373009 0.925495 -0.065752 51 153 230
-0.928742 0.356575 -0.0571368 -0.936287 0.346007 -0.0603869 51 153 230
0.963672 0.25845 -0.063109 0.979018 0.200279 -0.0375797 51 153 229
0.473114 0.878045 -0.0547747 0.483914 0.87255 -0.0669644 51 153 230
-0.903971 0.422857 -0.0585964 -0.924007 0.378941 -0.0511327 51 153 230
0.443896 0.891431 -0.0814444 0.454813 0.886928 -0.0806461 51 153 230
0.959484 0.271076 -0.0758152 0.942005 0.323874 -0.0879383 51 153 229
-0.270792 -0.960569 -0.0675763 -0.35943 -0.929711 -0.0802967 51 153 230
0.55462 0.830426 -0.0732883 0.504877 0.860359 -0.0698722 51 153 230
0.560057 -0.82893 -0.0640499 0.616738 -0.784654 -0.062865 51 153 229
-0.196313 -0.975665 -0.0616166 -0.181741 -0.981896 -0.0533982 51 153 230
-0.270792 -0.960569 -0.0675763 -0.222976 -0.971247 -0.0834359 51 153 230
0.828847 0.561165 -0.0641588 0.782162 0.618347 -0.0766142 51 153 230
-0.138345 -0.985799 -0.0710934 -0.145002 -0.986724 -0.0731434 51 153 230
0.776231 0.622394 -0.0843281 0.773325 0.628087 -0.0864637 51 153 230
0.756177 0.650511 -0.0530916 0.756497 0.651274 -0.0596292 51 153 230
0.721105 0.685266 -0.0890515 0.727369 0.680379 -0.08955 51 153 230
0.615037 -0.781091 -0.0886001 0.618352 -0.779882 -0.0970789 51 153 230
0.688771 0.722314 -0.0524385 0.689986 0.721126 -0.0624225 51 153 230
0.650268 -0.756413 -0.0517616 0.646652 -0.760466 -0.0594399 51 153 230
0.651928 0.75121 -0.089938 0.644723 0.759019 -0.0906729 51 153 230
0.685652 -0.721192 -0.0870927 0.679725 -0.729862 -0.0726392 51 153 230
-0.891143 0.446403 -0.0830535 -0.881125 0.464597 -0.0881352 51 153 230
-0.877968 0.474485 -0.0578898 -0.872922 0.482709 -0.0707105 51 153 230
0.975176 0.194129 -0.0816735 0.983252 0.173854 -0.0546841 51 153 229
0.723122 -0.687969 -0.0504084 0.723041 -0.688364 -0.0580235 51 153 230
0.620699 0.78024 -0.0519478 0.619842 0.782495 -0.059138 51 153 230
0.751608 -0.651689 -0.0864868 0.763554 -0.640393 -0.0829561 51 153 230
0.554608 0.830434 -0.0732823 0.610907 0.78689 -0.0871623 51 153 230
0.933832 0.341929 -0.0702666 0.937076 0.34191 -0.0706102 51 153 230
0.786176 -0.611968 -0.0589891 0.785385 -0.61416 -0.0773177 51 153 230
-0.0801157 -0.992807 -0.0607222 -0.0742417 -0.994811 -0.0695624 51 153 230
0.823705 -0.548088 -0.133894 0.812007 -0.570133 -0.124874 51 153 230
0.823637 0.549361 -0.132642 0.823452 0.545866 -0.154779 51 153 230
0.54904 0.823223 -0.13491 0.550858 0.821871 -0.145201 51 153 230
0.820292 -0.571339 0.00221373 0.800888 -0.5988 -0.00412322 51 153 230
0.963947 -0.275997 0.0030585 0.984808 -0.173648 0.000102836 51 153 230
-0.831289 0.55673 0.000407195 -0.85047 0.525928 0.0100389 51 153 230
-0.554982 -0.832631 0.00125894 -0.527008 -0.849825 -0.00771516 51 153 230
-0.839536 -0.542616 0.00142699 -0.870637 -0.491794 -0.0113969 51 153 230
-0.820951 0.571121 0.000424982 -0.792515 0.609782 0.00928631 51 153 230
0.894342 0.447121 0.000366877 0.899221 0.437488 0.00223943 51 153 230
-0.570706 -0.821313 0.000968811 -0.613306 -0.789842 -0.00241581 51 153 230
-0.88235 -0.468823 0.000541745 -0.867247 -0.497826 -0.00719551 51 153 230
0.833884 -0.551882 -0.00112946 0.854042 -0.520081 -0.0112872 51 153 230
0.876502 0.478892 0.00629467 0.872105 0.489317 0.00136121 51 153 230
-0.780402 0.624235 0.00039813 -0.784269 0.620399 0.00526714 51 153 230
-0.892788 -0.449814 0.000374019 -0.909638 -0.415402 0.000314167 51 153 230
-0.273785 0.96029 0.000650888 -0.20881 0.977907 -0.00977018 51 153 229
0.976037 -0.205211 -0.00171078 0.986272 -0.165119 0.00163704 51 153 230
0.872658 -0.486252 0.00725126 0.868533 -0.495498 0.01148 51 153 230
-0.753467 0.656429 0.000579773 -0.761724 0.647894 0.00320389 51 153 230
0.912003 0.405958 -0.000427191 0.92865 0.370934 0.00412954 51 153 230
-0.726871 0.687265 0.000494468 -0.723116 0.690724 0.00201295 51 153 230
0.986702 -0.140028 0.00795613 0.98973 -0.142936 0.00198669 51 153 230
-0.00575384 -0.998372 0.0133111 -0.00387667 -0.999968 -0.00695692 51 153 230
-0.209845 0.974077 0.014001 -0.181876 0.983317 0.00293188 51 153 230
0.0717571 -0.995751 -0.0139053 0.0611406 -0.997909 -0.0209654 51 153 230
-0.687759 0.725218 0.000623272 -0.68834 0.725388 0.00108219 51 153 230
0.996695 -0.0592928 -0.00531733 0.996791 -0.0795505 -0.00887449 51 153 230
-0.136458 0.987539 -0.0143247 -0.154572 0.987938 -0.0093043 51 153 230
0.893797 -0.446119 -0.00207132 0.898996 -0.4379 -0.00702306 51 153 230
-0.654387 0.756281 0.000611927 -0.646472 0.762937 0.000490304 51 153 230
0.137318 -0.988761 0.00334321 0.149767 -0.988692 0.00760824 51 153 230
-0.911908 -0.404097 0.000901295 -0.929884 -0.367846 0.00201786 51 153 230
-0.0678519 0.995719 0.00378541 -0.0703711 0.997511 -0.00439395 51 153 230
-0.617098 0.785093 0.000590694 -0.621157 0.783686 0.000152604 51 153 230
0.0129678 0.998145 0.00929863 0.00409027 0.999974 0.00601447 51 153 230
0.835401 0.549847 -0.00240262 0.867922 0.496354 -0.0185637 51 153 229
-0.943191 -0.321217 0.00034746 -0.937099 -0.34906 0.00157646 51 153 230
0.999226 0.00820974 0.0151658 0.999908 0.0122043 0.00584828 51 153 230
0.211231 -0.974528 0.00995911 0.188594 -0.981982 0.0120046 51 153 230
0.274561 0.960275 0.000657979 0.332103 0.943217 -0.00708028 51 153 230
0.995819 0.0691272 -0.0142508 0.996844 0.0775373 -0.0170323 51 153 230
0.274561 0.960275 0.000657979 0.18731 0.982293 -0.00402561 51 153 230
-0.959412 -0.274329 0.000663791 -0.94584 -0.324632 -0.000741379 51 153 230
0.988252 0.135706 0.00187314 0.988881 0.14859 0.0059772 51 153 230
0.274884 -0.960888 -0.000743442 0.212312 -0.977149 0.0101928 51 153 230
0.0703319 0.996871 -0.00149491 0.0681401 0.997478 0.0198391 51 153 230
0.961466 0.273592 0.00016642 0.979565 0.201102 0.00318997 51 153 229
-0.959901 -0.272535 0.000673151 -0.976712 -0.214544 -0.00210692 51 153 230
0.961466 0.273592 0.00016642 0.944168 0.329453 0.0025716 51 153 229
-0.561354 0.827654 0.000575298 -0.602492 0.798123 -0.00180671 51 153 230
0.115144 0.991401 -0.00256182 0.140188 0.990098 0.00728459 51 153 230
-0.975461 -0.201268 0.00082108 -0.981256 -0.192705 -0.00125977 51 153 230
0.974453 0.210164 0.0108796 0.982457 0.186313 0.00810262 51 153 229
-0.989448 -0.130694 0.00121486 -0.988375 -0.152023 -0.0020894 51 153 230
0.913007 -0.403594 0.0062395 0.926093 -0.377268 0.004479 51 153 230
0.184521 0.979484 -0.000121919 0.181524 0.983376 -0.00458494 51 153 230
-0.827037 -0.56247 0.00190935 -0.805175 -0.592775 -0.0176363 51 153 230
-0.996556 -0.0641389 0.00222508 -0.997053 -0.0765768 0.00469249 51 153 230
0.931963 -0.354254 -0.0126575 0.93019 -0.366637 -0.0179765 51 153 230
0.319854 0.944326 0.000502266 0.357771 0.933802 -0.00360778 51 153 230
0.937258 0.341309 0.00105765 0.936734 0.35003 -0.00300702 51 153 229
-0.554183 0.832587 0.000715703 -0.511331 0.859384 -0.000443387 51 153 230
0.964193 -0.275163 0.00319216 0.928644 -0.370971 -0.000680876 51 153 230
0.275739 -0.960622 -0.000576467 0.335099 -0.941943 0.021289 51 153 230
-0.686878 -0.726259 0.000547014 -0.692533 -0.721384 0.00206181 51 153 230
-0.999511 0.0176224 0.00124988 -0.999959 0.00784762 0.00454698 51 153 230
0.400472 0.913778 0.000737358 0.371937 0.928258 -9.84833e-05 51 153 230
-0.724328 -0.687525 0.000534636 -0.725695 -0.688016 0.00125081 51 153 230
-0.486969 0.871899 0.00285605 -0.489145 0.872201 0.00136512 51 153 230
-0.996256 0.0770899 -0.00996896 -0.995032 0.0971861 -0.0215715 51 153 230
0.49454 0.867602 0.000740689 0.503543 0.863962 0.00374305 51 153 230
-0.447954 0.893911 0.00109074 -0.450548 0.892736 0.0052971 51 153 230
-0.623598 -0.780602 0.000604167 -0.624015 -0.781412 0.000272977 51 153 230
-0.990855 0.118649 0.0132981 -0.987275 0.158626 0.0111837 51 153 230
-0.413752 0.908907 -0.00665613 -0.37036 0.928887 -0.00137749 51 153 230
-0.655509 -0.753591 0.000566263 -0.651945 -0.758265 0.00154789 51 153 230
-0.354959 0.931511 0.0133385 -0.349308 0.937008 0.000475308 51 153 230
0.33233 -0.940169 -0.010324 0.354808 -0.934936 -0.00252474 51 153 230
-0.273785 0.96029 0.000650888 -0.347043 0.937796 -0.0100304 51 153 229
-0.974923 0.204151 0.00174249 -0.982508 0.186204 -0.00260155 51 153 230
0.404793 -0.91198 0.00289585 0.373791 -0.9275 0.00487818 51 153 230
-0.755872 -0.653824 0.000727269 -0.759128 -0.650941 0.00080806 51 153 230
0.448261 -0.893402 0.00308195 0.423813 -0.90575 0.000211363 51 153 230
0.468477 -0.882181 0.00153193 0.498898 -0.866658 0.00196953 51 153 230
-0.959849 0.274465 0.000661175 -0.977316 0.20913 -0.0334268 51 153 229
0.447363 0.893309 0.000623775 0.435547 0.900166 0.000334601 51 153 230
-0.78452 -0.617328 0.000895527 -0.779248 -0.62669 -0.00567704 51 153 230
0.544735 -0.837728 0.00069691 0.495324 -0.868702 0.00331753 51 153 230
0.556191 0.83032 -9.60031e-05 0.532161 0.8466 0.00857354 51 153 230
-0.959812 0.274598 0.000659005 -0.942544 0.33237 -0.0337691 51 153 229
0.562404 -0.826658 0.000635575 0.589197 -0.807976 0.00466795 51 153 230
-0.405266 -0.91265 -0.00822178 -0.366305 -0.930401 -0.0132062 51 153 230
-0.448911 -0.893366 0.00258417 -0.438083 -0.898918 -0.00553857 51 153 230
0.827857 0.561363 0.00155756 0.799373 0.60078 -0.00812275 51 153 229
0.615714 -0.785971 0.00015441 0.620432 -0.784258 -0.00184428 51 153 230
-0.490726 -0.87093 0.00302396 -0.493065 -0.869947 -0.00887611 51 153 230
0.653244 -0.756725 0.00026263 0.647835 -0.761779 -0.00176845 51 153 230
-0.35277 -0.932217 0.0136822 -0.353627 -0.935342 0.00907278 51 153 230
0.688202 -0.724327 0.000746139 0.686455 -0.727172 -0.000520427 51 153 230
0.726975 -0.68702 0.000474787 0.722196 -0.691689 0.000429654 51 153 230
-0.274622 -0.962277 -0.000769542 -0.357319 -0.933976 0.00330381 51 153 230
0.754266 -0.655349 0.00128841 0.76363 -0.645651 -0.00175623 51 153 230
0.780263 -0.624308 0.00200939 0.786252 -0.617872 -0.00643596 51 153 230
-0.191892 -0.978284 0.0121428 -0.174333 -0.984656 0.00773451 51 153 230
-0.275154 -0.962127 -0.000794166 -0.193424 -0.981101 -0.00524805 51 153 230
0.786059 0.615567 0.00253205 0.777722 0.628607 0.0013521 51 153 230
0.757523 0.652008 0.00146196 0.761673 0.647959 0.00199945 51 153 230
0.724905 0.687459 0.000604964 0.729171 0.684332 0.00048117 51 153 230
0.687612 0.726442 0.00067091 0.692339 0.721572 8.74975e-05 51 153 230
0.655555 0.753999 0.000132874 0.644281 0.764778 0.00400569 51 153 230
0.624586 0.779643 0.00028056 0.61419 0.789103 0.00937682 51 153 230
0.57277 0.818431 0.00047032 0.599532 0.80032 0.00704603 51 153 230
-0.126152 -0.989254 -0.00989501 -0.14045 -0.990058 0.0076526 51 153 230
-0.0683955 -0.996314 0.00108653 -0.0756735 -0.997132 0.000804436 51 153 230
-0.943278 0.321348 -0.000429183 -0.940664 0.339332 0.00209102 51 153 230
-0.913993 0.401443 0.00031649 -0.933451 0.358671 0.00487303 51 153 230
-0.893333 0.448726 0.000409125 -0.895506 0.445038 0.00329176 51 153 230
-0.868095 0.494867 0.00137694 -0.867946 0.496615 0.00662498 51 153 230
-0.959348 0.274178 -0.0124246 -0.960937 0.276681 -0.00683773 51 153 229
0.829415 -0.555683 0.0732259 0.786857 -0.61014 0.0926565 51 153 230
-0.829789 -0.561311 0.0635974 -0.872483 -0.479594 0.0936138 51 153 230
-0.55274 -0.834436 0.07831 -0.496943 -0.864348 0.0771406 51 153 230
-0.268586 0.963004 0.0685565 -0.180301 0.982874 0.0380856 51 153 230
-0.831454 0.554104 0.0760407 -0.861143 0.502145 0.079267 51 153 230
0.894062 0.443432 0.0510408 0.898641 0.435443 0.0532321 51 153 230
-0.200365 0.972801 0.0942465 -0.164016 0.983747 0.0730847 51 153 230
0.829365 -0.555763 0.0732549 0.860307 -0.504305 0.0744869 51 153 230
-0.871525 -0.481718 0.073217 -0.872157 -0.484003 0.0712896 51 153 230
-0.552637 -0.834501 0.0782544 -0.624695 -0.774711 0.097872 51 153 230
-0.831457 0.554099 0.0760383 -0.78354 0.613636 0.097546 51 153 230
-0.893801 -0.443253 0.0572033 -0.895814 -0.44134 0.0523115 51 153 230
-0.131616 0.986219 0.0619136 -0.140607 0.9881 0.0623511 51 153 230
0.962664 -0.267519 0.0680504 0.974204 -0.206012 0.0921144 51 153 229
-0.90491 -0.415407 0.0845806 -0.924205 -0.377725 0.0562844 51 153 230
0.875281 0.473942 0.0825115 0.874028 0.477735 0.0885641 51 153 230
-0.829829 -0.561245 0.06367 -0.775978 -0.627493 0.0641194 51 153 230
0.974693 -0.20593 0.045832 0.984297 -0.170278 0.0465321 51 153 230
0.877273 -0.473742 0.0576111 0.872922 -0.48235 0.0731079 51 153 230
-0.781274 0.619577 0.0527082 -0.778641 0.624213 0.0638436 51 153 230
-0.926669 -0.360134 0.0697863 -0.934234 -0.350658 0.0651624 51 153 230
-0.0555 0.995419 0.0569827 -0.0681548 0.996197 0.0542892 51 153 230
0.891187 -0.443491 0.0868041 0.883525 -0.461311 0.0810901 51 153 230
-0.688248 -0.721935 0.0534221 -0.689177 -0.722357 0.0568852 51 153 230
0.983547 -0.145356 0.0793666 0.98593 -0.153458 0.0662828 51 153 230
-0.750559 0.652557 0.0912666 -0.760977 0.642459 0.0903398 51 153 230
0.904466 -0.419529 0.0612949 0.919239 -0.389799 0.0552806 51 153 230
-0.720903 -0.685263 0.0890496 -0.728956 -0.680667 0.0729096 51 153 230
0.992016 -0.0861938 0.0693189 0.99212 -0.101302 0.0737311 51 153 230
0.93075 -0.351844 0.0599749 0.930867 -0.359515 0.065088 51 153 230
-0.618697 -0.781995 0.0528308 -0.633182 -0.771788 0.0585215 51 153 230
-0.722157 0.689032 0.0535955 -0.724114 0.686952 0.0612886 51 153 230
0.962664 -0.267519 0.0680504 0.931575 -0.350089 0.0980132 51 153 229
-0.651401 -0.751135 0.0910165 -0.645817 -0.758814 0.0843877 51 153 229
-0.960869 -0.271163 0.0714838 -0.93718 -0.338995 0.0823123 51 153 230
-0.684971 0.722237 0.0888017 -0.683428 0.725169 0.0840078 51 153 230
0.996527 -0.0216124 0.068658 0.996591 -0.0270948 0.0779242 51 153 230
-0.754982 -0.651393 0.0537465 -0.758639 -0.648632 0.06119 51 153 230
-0.652002 0.755526 0.0537838 -0.64466 0.762108 0.0600325 51 153 230
0.908418 0.405391 0.0883493 0.929357 0.362444 0.0702204 51 153 230
-0.614979 0.781176 0.0916069 -0.617634 0.779897 0.101437 51 153 230
-0.960859 -0.271188 0.0715004 -0.980101 -0.195538 0.0341677 51 153 230
0.000778137 -0.996931 0.0731215 0.000313121 -0.99721 0.0746444 51 153 230
-0.0110362 0.994983 0.0841039 0.00522317 0.996354 0.0851602 51 153 230
0.0615289 -0.994689 0.060769 0.0749211 -0.994591 0.071935 51 153 230
-0.996011 -0.00620083 0.0753162 -0.996905 -0.00368882 0.0785297 51 153 230
0.136955 -0.985805 0.0659729 0.139933 -0.986864 0.0807343 51 153 230
-0.995346 0.0655261 0.0500841 -0.994037 0.078322 0.0758693 51 153 230
0.201616 -0.972721 0.093986 0.180449 -0.980994 0.0713418 51 153 230
0.257355 -0.963848 0.0609973 0.209416 -0.976446 0.0519504 51 153 230
-0.984045 0.141099 0.0776394 -0.987332 0.140779 0.0731946 51 153 230
0.272249 -0.959027 0.0751148 0.314552 -0.945801 0.0807259 51 153 230
-0.973108 0.211859 0.0550881 -0.984806 0.172187 0.0225574 51 153 230
0.99455 0.0597588 0.0605705 0.994448 0.0784114 0.0701813 51 153 230
-0.963536 0.269709 0.0640518 -0.97561 0.204703 0.0792534 51 153 230
0.333916 -0.937366 0.0613568 0.347461 -0.935589 0.0627954 51 153 230
-0.780134 -0.615667 0.090638 -0.772301 -0.626637 0.104296 51 153 230
0.405493 -0.908543 0.0905557 0.362715 -0.929459 0.0674127 51 153 230
0.441746 -0.894489 0.0560283 0.440857 -0.896097 0.0515224 51 153 230
-0.963346 0.270662 0.0635905 -0.923403 0.380117 0.053266 51 153 230
0.985145 0.138476 0.0688722 0.987743 0.137329 0.0741948 51 153 230
0.48096 -0.871337 0.0744976 0.493319 -0.866975 0.0706423 51 153 230
-0.557821 0.831146 0.0687955 -0.623681 0.778689 0.0682991 51 153 230
0.5605 -0.827854 0.0661918 0.489671 -0.867229 0.0901975 51 153 229
-0.413311 -0.907524 0.0548896 -0.374379 -0.925729 0.0535334 51 153 230
-0.971043 -0.21151 0.0874579 -0.980924 -0.185477 0.0581846 51 153 230
-0.445853 -0.890949 0.0861515 -0.44413 -0.891922 0.0849858 51 153 230
0.964661 0.251718 0.0575016 0.975415 0.213356 0.055176 51 153 230
-0.5582 0.830931 0.0684922 -0.491292 0.86744 0.0786193 51 153 230
0.5605 -0.827854 0.0661919 0.608144 -0.790319 0.0745441 51 153 229
0.828705 0.563267 0.0684203 0.871773 0.48355 0.0786807 51 153 228
-0.931944 0.345775 0.0689103 -0.933326 0.352814 0.0665252 51 153 230
-0.472154 -0.879538 0.0605728 -0.470857 -0.87921 0.0726872 51 153 230
-0.985844 -0.138597 0.0582671 -0.986648 -0.149696 0.0641545 51 153 230
0.623392 -0.775567 0.0853141 0.620105 -0.779932 0.0847145 51 153 230
-0.904216 0.4215 0.0599106 -0.924248 0.37775 0.0554205 51 153 230
-0.471915 0.876756 0.0847868 -0.484491 0.870683 0.0847287 51 153 230
0.958627 0.26977 0.0756178 0.948905 0.304257 0.0837096 51 153 230
0.651643 -0.755491 0.0547102 0.65115 -0.756727 0.0580389 51 153 230
-0.89117 0.445197 0.0844232 -0.883302 0.460333 0.0887189 51 153 230
-0.44436 0.893571 0.0573302 -0.435427 0.89892 0.0484434 51 153 230
0.685908 -0.720865 0.090195 0.683038 -0.725447 0.0847732 51 153 230
0.267562 0.965624 0.0706528 0.368391 0.926848 0.0723968 51 153 230
-0.992559 -0.075227 0.0776802 -0.991814 -0.0929 0.0876061 51 153 230
-0.341063 -0.933782 0.0707419 -0.350481 -0.933913 0.0704878 51 153 230
-0.877977 0.473507 0.0593989 -0.872705 0.482904 0.0720422 51 153 230
0.268272 0.965452 0.0701695 0.176495 0.981235 0.077632 51 153 230
0.722637 -0.688411 0.0535142 0.723558 -0.687512 0.0615754 51 153 230
0.0682753 0.992389 0.0721018 0.0801477 0.993088 0.0857462 51 153 230
0.751456 -0.651307 0.0915896 0.760256 -0.643138 0.0915618 51 153 230
0.780647 -0.62018 0.0539996 0.781414 -0.620562 0.0655312 51 153 230
-0.270148 -0.960819 0.0674806 -0.343939 -0.934787 0.0887663 51 153 230
0.156304 0.982389 0.0684684 0.143264 0.987555 0.064896 51 153 230
-0.216869 -0.972206 0.0545233 -0.185185 -0.981415 0.0503052 51 153 230
-0.270148 -0.960819 0.0674806 -0.223294 -0.970639 0.0894413 51 153 230
0.216123 0.97275 0.0556879 0.167783 0.985602 0.0209369 51 153 230
-0.143778 -0.983385 0.0801082 -0.140944 -0.987876 0.0650845 51 153 230
0.97312 0.199485 0.0936248 0.980891 0.182239 0.0681311 51 153 230
-0.0584326 -0.99435 0.0657954 -0.0851202 -0.99404 0.0681114 51 153 230
-0.399152 0.911557 0.0826963 -0.361944 0.929986 0.0641998 51 153 230
-0.329071 0.939768 0.0549875 -0.352892 0.933969 0.0562901 51 153 230
-0.268575 0.963008 0.0685476 -0.339606 0.935406 0.0984054 51 153 230
0.358141 0.928588 0.0557515 0.372941 0.925903 0.0601518 51 153 230
0.414546 0.905692 0.0680366 0.373558 0.925173 0.0671556 51 153 230
0.472939 0.878049 0.0580642 0.488073 0.870181 0.0675936 51 153 230
0.444111 0.891276 0.0831039 0.454316 0.886985 0.0827975 51 153 230
0.937386 0.333543 0.0607903 0.936671 0.342958 0.0708978 51 153 230
0.54764 0.833298 0.0764167 0.511127 0.856569 0.0709778 51 153 230
0.828995 0.562766 0.0688133 0.769885 0.634904 0.0646018 51 153 228
0.780656 0.615258 0.091105 0.769586 0.630167 0.103081 51 153 229
0.756273 0.650069 0.053631 0.759657 0.647355 0.0620632 51 153 230
0.721396 0.685002 0.0894293 0.728412 0.680064 0.0832394 51 153 230
0.688372 0.722684 0.0515086 0.688482 0.722536 0.0627177 51 153 230
0.651344 0.751554 0.0879247 0.641537 0.76202 0.0880731 51 153 230
0.612507 0.785267 0.0615968 0.615335 0.78454 0.0765486 51 153 230
0.557088 0.827234 0.0799776 0.604772 0.792514 0.078558 51 153 230
-0.959886 0.274376 0.00452615 -0.958667 0.284325 -0.0107951 51 153 229
0.823586 -0.548262 0.137339 0.786847 -0.593665 0.16862 51 153 230
0.959559 -0.235788 0.14688 0.954065 -0.256857 0.154223 51 153 230
-0.822583 0.548195 0.137092 -0.795663 0.581783 0.168668 51 153 230
-0.823138 -0.549017 0.138389 -0.848818 -0.50401 0.159631 51 153 230
0.823586 -0.548262 0.137339 0.836947 -0.518308 0.175718 51 153 230
-0.236903 0.961395 0.129616 -0.239619 0.957963 0.157762 51 153 230
-0.778049 0.611752 0.122706 -0.782789 0.606533 0.139137 51 153 230
0.861734 -0.485111 0.130382 0.859302 -0.493757 0.133437 51 153 230
-0.204007 0.967938 0.137536 -0.176837 0.976094 0.126367 51 153 230
-0.854771 -0.492421 0.148877 -0.856946 -0.490896 0.157046 51 153 230
-0.823138 -0.549017 0.138388 -0.776116 -0.61109 0.155607 51 153 230
-0.74738 0.643829 0.151348 -0.758034 0.635566 0.146423 51 153 230
0.969497 -0.203639 0.125194 0.978989 -0.17984 0.0961162 51 153 230
-0.0083241 -0.989715 0.128978 0.00133038 -0.989551 0.144176 51 153 230
0.894543 -0.423624 0.146213 0.87158 -0.472461 0.130875 51 153 230
-0.714679 0.687959 0.119008 -0.724026 0.679176 0.12044 51 153 230
0.892882 0.431934 0.131298 0.876805 0.465521 0.120426 51 153 230
-0.150893 0.973959 0.152935 -0.131557 0.982728 0.130149 51 153 229
-0.892525 -0.430923 0.137549 -0.871907 -0.473974 0.122992 51 153 230
0.902514 -0.408463 0.135503 0.927281 -0.361061 0.0989175 51 153 230
0.0751199 -0.983797 0.142849 0.0788599 -0.987485 0.136584 51 153 230
-0.900882 -0.410796 0.14443 -0.931226 -0.344013 0.120302 51 153 230
0.976213 -0.147805 0.147083 0.983179 -0.127254 0.131017 51 153 230
0.16263 -0.973389 0.147541 0.133806 -0.98292 0.126351 51 153 230
-0.0680132 0.988287 0.118715 -0.0872426 0.98807 0.126908 51 153 230
0.20491 -0.967821 0.139248 0.185921 -0.975083 0.121025 51 153 230
-0.688203 -0.714529 0.119295 -0.679523 -0.728942 0.0830219 51 153 229
-0.926952 -0.333499 0.151474 -0.932279 -0.330616 0.146797 51 153 230
0.857053 0.487944 0.150824 0.859182 0.484735 0.163827 51 153 230
0.240061 -0.960617 0.131497 0.250871 -0.95771 0.140912 51 153 230
0.000661296 0.988199 0.137893 0.00276803 0.988544 0.150904 51 153 230
0.899248 0.415831 0.142591 0.927444 0.352956 0.12357 51 153 230
0.286312 -0.947006 0.132282 0.318166 -0.937239 0.142666 51 153 230
0.985328 -0.0588863 0.14396 0.986978 -0.0643301 0.147432 51 153 230
-0.948933 -0.272694 0.14466 -0.939911 -0.29831 0.166069 51 153 230
-0.67963 0.715955 0.155145 -0.665672 0.7337 0.136254 51 153 230
-0.715619 -0.681747 0.155314 -0.761559 -0.640239 0.100608 51 153 229
0.823933 0.548858 0.138132 0.852548 0.497136 0.1613 51 153 230
0.990538 0.0101338 0.123876 0.990739 0.0190215 0.134438 51 153 230
-0.643816 0.754512 0.117281 -0.636131 0.761354 0.125213 51 153 230
-0.98956 -0.00125529 0.133418 -0.987394 0.0157486 0.157495 51 153 230
0.352878 -0.920887 0.149189 0.328884 -0.932904 0.146715 51 153 230
-0.985831 0.0664804 0.134854 -0.988245 0.0697585 0.136036 51 153 230
-0.598468 0.783028 0.154877 -0.58327 0.797343 0.15505 51 153 230
-0.974048 0.156672 0.156617 -0.983762 0.130133 0.123605 51 153 230
0.417227 -0.898903 0.144079 0.353337 -0.925928 0.133455 51 153 230
-0.548324 0.823259 0.13799 -0.601788 0.783674 0.153969 51 153 230
-0.610429 -0.779251 0.123123 -0.611877 -0.778342 0.140676 51 153 229
0.92667 -0.340554 0.140452 0.932565 -0.336673 0.130279 51 153 230
0.431964 -0.892941 0.133692 0.479277 -0.869812 0.117132 51 153 230
-0.970879 0.198349 0.123508 -0.978948 0.178698 0.0986266 51 153 230
-0.643689 -0.747991 0.151504 -0.617944 -0.777188 0.118847 51 153 229
0.490638 -0.855679 0.146889 0.496646 -0.854156 0.154146 51 153 230
-0.548323 0.823259 0.137991 -0.509216 0.844519 0.165789 51 153 230
0.946868 -0.282056 0.139297 0.937989 -0.303507 0.167511 51 153 230
-0.548137 -0.822971 0.137755 -0.583134 -0.795118 0.16656 51 153 230
0.548709 -0.823163 0.137184 0.503559 -0.84737 0.168498 51 153 230
-0.960068 -0.24011 0.131798 -0.960086 -0.238607 0.145949 51 153 230
-0.49278 0.854852 0.147662 -0.496703 0.851823 0.166384 51 153 230
-0.753711 -0.643439 0.117686 -0.766378 -0.63079 0.12153 51 153 230
0.548367 0.823289 0.13699 0.587672 0.791633 0.16721 51 153 230
-0.781341 -0.599938 0.153866 -0.789094 -0.593331 0.159021 51 153 230
-0.9704 -0.195175 0.129196 -0.979648 -0.166434 0.1122 51 153 230
0.548367 0.823289 0.13699 0.514608 0.837854 0.182151 51 153 230
0.549387 -0.822622 0.137558 0.565927 -0.800861 0.195828 51 153 230
-0.976079 -0.135508 0.153199 -0.982979 -0.124221 0.135358 51 153 230
0.272461 0.952033 0.131925 0.315084 0.93004 0.18907 51 153 230
0.596434 -0.785692 0.147661 0.589666 -0.792569 0.155334 51 153 230
0.643563 -0.753882 0.121225 0.637994 -0.759257 0.128419 51 153 230
-0.410509 -0.901632 0.136146 -0.357884 -0.928259 0.10126 51 153 230
0.678841 -0.715884 0.157274 0.666321 -0.732443 0.139799 51 153 230
0.240153 0.957932 0.1505 0.239259 0.955537 0.172347 51 153 230
-0.987429 -0.0466102 0.136144 -0.985763 -0.0626422 0.156038 51 153 230
0.71518 -0.687225 0.118535 0.724029 -0.678613 0.123557 51 153 230
0.983863 0.0758724 0.14315 0.987112 0.0813107 0.137838 51 153 230
0.748597 -0.642218 0.150053 0.75706 -0.635714 0.15076 51 153 230
-0.432017 0.893354 0.133453 -0.46465 0.877283 0.120309 51 153 230
0.0666974 0.982946 0.155798 0.064619 0.987621 0.142929 51 153 230
-0.416001 0.899607 0.144877 -0.344984 0.929901 0.127553 51 153 230
0.147409 0.97625 0.145011 0.128082 0.984618 0.118833 51 153 230
0.973913 0.16035 0.1484 0.98317 0.13192 0.126388 51 153 230
0.776876 -0.613013 0.123321 0.781967 -0.608278 0.136106 51 153 230
-0.425772 -0.893834 0.145468 -0.46947 -0.871259 0.143201 51 153 230
-0.344596 0.92469 0.141449 -0.329607 0.933075 0.143979 51 153 230
0.203034 0.969798 0.123146 0.166462 0.979958 0.109419 51 153 230
-0.485756 -0.86185 0.131493 -0.488842 -0.858075 0.157291 51 153 230
-0.272983 0.949438 0.14058 -0.300121 0.937437 0.176465 51 153 230
0.96148 0.235496 0.131663 0.958162 0.253772 0.132381 51 153 230
0.343192 0.924691 0.142195 0.3438 0.928564 0.139897 51 153 230
-0.548137 -0.822971 0.137755 -0.52309 -0.833432 0.178233 51 153 230
0.416562 0.898562 0.13596 0.359149 0.927569 0.103088 51 153 230
-0.340858 -0.926412 0.140634 -0.33435 -0.933152 0.132049 51 153 230
0.486729 0.860879 0.128844 0.493107 0.858622 0.140048 51 153 230
-0.283138 -0.946455 0.139226 -0.30621 -0.93862 0.158833 51 153 230
0.425737 0.89388 0.139741 0.47945 0.866406 0.139531 51 153 230
0.946852 0.28503 0.132679 0.939748 0.31482 0.133274 51 153 230
0.968199 0.203254 0.140308 0.975145 0.187599 0.117893 51 153 230
0.823933 0.548858 0.138132 0.773163 0.614656 0.156257 51 153 230
0.921077 0.351546 0.149297 0.933977 0.32925 0.13886 51 153 230
0.776419 0.608769 0.147973 0.78158 0.60794 0.139787 51 153 230
-0.202855 -0.969917 0.120934 -0.190483 -0.976878 0.0970809 51 153 230
0.753491 0.64346 0.120523 0.756914 0.641312 0.125701 51 153 230
0.715951 0.679081 0.155125 0.73811 0.660958 0.135381 51 153 230
-0.24254 -0.957562 0.146829 -0.257086 -0.955756 0.142956 51 153 230
-0.155538 -0.974313 0.156273 -0.142153 -0.981371 0.129245 51 153 230
0.688454 0.713958 0.117351 0.680206 0.723526 0.117599 51 153 230
-0.0875732 -0.984728 0.137393 -0.0829698 -0.98783 0.13156 51 153 230
0.642991 0.748055 0.150366 0.639728 0.755443 0.141613 51 153 230
0.616869 0.773264 0.127023 0.605153 0.785399 0.130149 51 153 230
-0.958058 0.240322 0.149911 -0.953175 0.258891 0.156309 51 153 230
-0.948629 0.285022 0.123694 -0.932493 0.32947 0.148009 51 153 230
-0.922541 0.342769 0.161602 -0.933252 0.330816 0.140004 51 153 230
-0.902267 0.40964 0.130531 -0.927886 0.356763 0.108389 51 153 230
-0.892922 0.427657 0.141014 -0.871424 0.469279 0.14282 51 153 230
-0.861545 0.4853 0.130391 -0.856578 0.493838 0.149661 51 153 230
-0.822583 0.548195 0.137092 -0.833943 0.521667 0.18001 51 153 230
-0.548155 -0.823016 0.13749 -0.550617 -0.810736 0.198817 51 153 230
0.823688 -0.548428 0.135566 0.821652 -0.552854 0.13871 51 153 230
-0.822897 0.548414 0.134488 -0.817219 0.550068 0.171982 51 153 230
0.549052 0.823173 0.135221 0.573774 0.808973 0.127851 51 153 230
0.550146 -0.823062 0.131089 0.545266 -0.825638 0.144937 51 153 230
-0.696641 -0.698332 0.212877 -0.628097 -0.764056 0.147355 51 153 229
-0.831267 -0.51473 0.197842 -0.829909 -0.522399 0.195834 51 153 230
-0.172044 0.961105 0.209741 -0.178464 0.959002 0.220149 51 153 229
-0.857284 -0.461336 0.221112 -0.857424 -0.471587 0.205985 51 153 230
0.0177747 -0.976214 0.202669 0.0192427 -0.981546 0.190257 51 153 229
-0.888443 -0.410115 0.206831 -0.863895 -0.43958 0.245875 51 153 230
0.799965 -0.560715 0.19934 0.787691 -0.572976 0.226364 51 153 230
-0.136838 0.967504 0.206938 -0.117616 0.977114 0.177243 51 153 229
-0.89262 -0.403157 0.203277 -0.916763 -0.353162 0.186608 51 153 230
0.819154 -0.528328 0.213229 0.820353 -0.533728 0.205318 51 153 230
0.887448 0.412447 0.202922 0.862973 0.450448 0.228854 51 153 230
-0.0786621 0.975658 0.191478 -0.0660947 0.983148 0.170445 51 153 230
-0.907691 -0.355409 0.215804 -0.931003 -0.320489 0.174701 51 153 230
0.849268 0.473053 0.226043 0.862322 0.459906 0.211867 51 153 230
0.00913786 0.974561 0.211183 0.00265786 0.982223 0.187701 51 153 230
0.085317 -0.971647 0.211647 0.0696306 -0.98053 0.18361 51 153 229
0.830389 0.519488 0.192248 0.837601 0.511209 0.192588 51 153 230
-0.798362 0.561279 0.200739 -0.794425 0.56321 0.22734 51 153 230
0.853441 -0.482323 0.184476 0.847206 -0.500773 0.177394 51 153 230
0.128798 -0.970413 0.196911 0.113222 -0.979161 0.168595 51 153 229
-0.695525 -0.699696 0.2121 -0.76602 -0.597187 0.237868 51 153 229
-0.756221 0.618085 0.208963 -0.791996 0.586603 0.169229 51 153 230
0.558585 0.801924 0.196178 0.561908 0.797962 0.217981 51 153 230
0.979688 0.00119889 0.185769 0.982507 0.00518907 0.186156 51 153 230
0.175206 -0.961521 0.208277 0.161318 -0.963293 0.214578 51 153 229
-0.756221 0.618085 0.208963 -0.757114 0.629378 0.175107 51 153 230
0.525584 0.818717 0.21866 0.530237 0.822153 0.207154 51 153 230
-0.692989 0.692395 0.215272 -0.739184 0.65131 0.171469 51 153 230
-0.617664 -0.756966 0.209448 -0.587067 -0.792083 0.167203 51 153 230
-0.693495 0.691916 0.215048 -0.6402 0.739174 0.209201 51 153 230
0.20844 0.954535 0.211806 0.249597 0.936946 0.244609 51 153 230
-0.617664 -0.756966 0.209448 -0.584551 -0.796418 0.154981 51 153 230
0.972219 0.0552926 0.217664 0.983176 0.0354198 0.179196 51 153 230
0.970077 0.123804 0.202165 0.980128 0.101676 0.170328 51 153 230
0.962729 0.171493 0.205422 0.962207 0.17297 0.210328 51 153 230
0.950817 0.215912 0.215622 0.94203 0.242 0.232412 51 153 230
0.938562 0.275308 0.19337 0.93683 0.290795 0.194392 51 153 230
-0.939089 -0.266743 0.202693 -0.938315 -0.279004 0.20426 51 153 230
0.803853 0.549279 0.218119 0.796899 0.56033 0.225793 51 153 230
0.907209 0.355821 0.216149 0.92872 0.321941 0.18394 51 153 230
0.893753 0.400485 0.201612 0.907924 0.364983 0.206062 51 153 230
-0.794415 -0.561755 0.216002 -0.797612 -0.563791 0.214372 51 153 230
0.207569 -0.954694 0.211046 0.245666 -0.939771 0.237654 51 153 229
-0.960613 -0.17837 0.208851 -0.962676 -0.163463 0.21572 51 153 229
0.268112 -0.938709 0.202445 0.288312 -0.934785 0.207493 51 153 230
-0.967328 -0.136826 0.206688 -0.97545 -0.116122 0.187119 51 153 229
-0.619435 0.757605 0.209686 -0.637268 0.755527 0.151885 51 153 230
-0.954501 -0.209723 0.209131 -0.940086 -0.245452 0.236626 51 153 230
0.356461 -0.906982 0.214785 0.320236 -0.928176 0.189573 51 153 230
-0.619204 0.75776 0.209828 -0.543734 0.816612 0.193643 51 153 230
-0.562301 0.794259 0.215541 -0.55422 0.802888 0.219571 51 153 230
0.401741 -0.89306 0.202872 0.350883 -0.914227 0.202657 51 153 230
-0.972467 -0.0898311 0.201999 -0.980345 -0.0684134 0.185051 51 153 229
0.176829 0.961695 0.208247 0.170455 0.962684 0.210202 51 153 230
-0.513822 0.83161 0.197012 -0.521803 0.829913 0.197397 51 153 230
0.409404 -0.888395 0.206966 0.433753 -0.863932 0.255889 51 153 230
-0.975473 -0.000466696 0.203506 -0.980896 -0.000295484 0.194535 51 153 230
0.260344 0.942337 0.197176 0.28907 0.933066 0.214072 51 153 230
0.463158 -0.855891 0.221006 0.469666 -0.857682 0.209273 51 153 230
-0.462129 0.856618 0.220641 -0.47188 0.854912 0.215533 51 153 229
-0.55972 -0.800449 0.199465 -0.56549 -0.793241 0.225807 51 153 230
0.961346 -0.174447 0.211317 0.957822 -0.1724 0.229902 51 153 230
-0.409587 0.889105 0.206829 -0.443177 0.858102 0.259337 51 153 229
0.893589 -0.409647 0.197264 0.855332 -0.462027 0.23439 51 153 229
-0.403205 0.893049 0.203429 -0.346902 0.917907 0.192627 51 153 229
0.969467 -0.128882 0.204117 0.979417 -0.093136 0.179073 51 153 230
-0.357881 0.906691 0.216145 -0.313236 0.932971 0.177338 51 153 230
-0.267769 0.937984 0.202852 -0.274934 0.937733 0.212293 51 153 230
0.972346 -0.053709 0.216541 0.979746 -0.0412359 0.195952 51 153 230
-0.208081 0.953611 0.210144 -0.244261 0.937809 0.246681 51 153 229
-0.755438 -0.620278 0.208689 -0.78197 -0.609155 0.13211 51 153 230
0.893589 -0.409647 0.197263 0.907732 -0.348139 0.234142 51 153 229
-0.755442 -0.620271 0.208693 -0.807054 -0.560662 0.185264 51 153 230
0.0887761 0.971747 0.212817 0.0624167 0.980944 0.183991 51 153 230
-0.97138 0.0871054 0.213189 -0.98101 0.0517505 0.186928 51 153 230
0.917248 -0.335417 0.201656 0.932114 -0.304122 0.196656 51 153 230
-0.971353 0.130418 0.194973 -0.97929 0.102285 0.174726 51 153 230
0.130312 0.971033 0.196052 0.113853 0.979455 0.16645 51 153 230
0.517257 -0.830527 0.191837 0.521153 -0.831409 0.192765 51 153 230
-0.482751 -0.852729 0.186293 -0.499347 -0.846949 0.182566 51 153 230
0.945242 -0.249129 0.199691 0.934131 -0.280201 0.221105 51 153 230
0.406459 0.894847 0.196564 0.470231 0.853509 0.224512 51 153 230
0.406459 0.894847 0.196564 0.361696 0.901616 0.237201 51 153 230
0.562762 -0.793262 0.217755 0.558521 -0.800836 0.216137 51 153 230
0.342791 0.912468 0.212258 0.303554 0.9341 0.187916 51 153 230
-0.525622 -0.820453 0.214192 -0.533319 -0.820726 0.204889 51 153 230
0.955454 -0.207825 0.208111 0.939285 -0.240617 0.244638 51 153 230
0.481298 0.852836 0.187025 0.499878 0.847071 0.180534 51 153 230
-0.407852 -0.893401 0.19826 -0.459791 -0.856771 0.233528 51 153 230
0.619464 -0.756985 0.209086 0.549582 -0.813775 0.189023 51 153 230
0.619494 -0.756966 0.209067 0.636534 -0.755659 0.154289 51 153 230
0.693202 -0.691407 0.215072 0.640639 -0.739422 0.20697 51 153 230
-0.961485 0.181767 0.208271 -0.961022 0.159893 0.225545 51 153 230
0.69274 -0.691843 0.215284 0.73912 -0.651986 0.169164 51 153 230
0.756075 -0.617636 0.207746 0.757694 -0.62902 0.17388 51 153 230
-0.956086 0.207038 0.210456 -0.933087 0.256473 0.25213 51 153 230
0.756075 -0.617636 0.207746 0.784882 -0.596212 0.168795 51 153 230
-0.336037 -0.916952 0.203288 -0.308913 -0.931777 0.190694 51 153 230
-0.939769 0.265948 0.203006 -0.933534 0.286249 0.215814 51 153 230
0.757259 0.618391 0.208342 0.792519 0.576755 0.198159 51 153 229
-0.407852 -0.893401 0.19826 -0.3634 -0.902232 0.232203 51 153 230
0.757271 0.618372 0.208353 0.755306 0.637777 0.150845 51 153 229
-0.250751 -0.944635 0.202801 -0.280991 -0.934632 0.21796 51 153 230
-0.911318 0.354221 0.202054 -0.929657 0.31537 0.190472 51 153 230
0.692171 0.693504 0.214277 0.748426 0.633348 0.196796 51 153 230
-0.892217 0.409024 0.200882 -0.897864 0.367935 0.241793 51 153 230
-0.122283 -0.970415 0.203086 -0.0978688 -0.977285 0.187976 51 153 230
0.692577 0.693072 0.21447 0.654874 0.737947 0.163014 51 153 230
0.618893 0.755855 0.208551 0.631565 0.75702 0.16747 51 153 230
-0.180199 -0.961654 0.20708 -0.160615 -0.960415 0.227608 51 153 230
-0.892217 0.409024 0.200882 -0.85272 0.466546 0.234955 51 153 230
0.618893 0.755855 0.208551 0.591704 0.788808 0.166337 51 153 230
-0.0449146 -0.975824 0.202797 -0.0315185 -0.981609 0.188283 51 153 230
-0.852902 0.481426 0.18596 -0.84521 0.50225 0.18266 51 153 230
-0.209423 -0.95542 0.209596 -0.241351 -0.937064 0.25231 51 153 230
-0.818471 0.52737 0.213956 -0.821056 0.532436 0.205863 51 153 230
-0.822855 -0.548598 0.140602 -0.810763 -0.552278 0.194042 51 153 230
-0.892659 -0.414001 0.177877 -0.891469 -0.416203 0.179049 51 153 230
-0.206066 0.961387 0.174432 -0.220427 0.959124 0.177463 51 153 229
0.207227 -0.961233 0.177922 0.225047 -0.959128 0.171543 51 153 230
0.895258 0.409901 0.174236 0.896012 0.40411 0.184006 51 153 230
0.962488 -0.206465 0.173608 0.96621 -0.201894 0.160242 51 153 230
0.894259 -0.410584 0.185142 0.901789 -0.404931 0.151022 51 153 229
-0.548236 0.823202 0.138462 -0.546495 0.814731 0.193795 51 153 230
0.823797 0.548911 0.138605 0.808964 0.559031 0.181831 51 153 230
-0.961177 -0.206023 0.178266 -0.964374 -0.210003 0.160879 51 153 230
0.962315 0.205604 0.173268 0.957273 0.228005 0.177882 51 153 230
0.414942 -0.89261 0.176087 0.426661 -0.884845 0.187107 51 153 230
-0.961308 0.207065 0.182863 -0.962379 0.221861 0.156858 51 153 230
0.207582 0.960921 0.179958 0.206433 0.965211 0.16048 51 153 230
-0.409815 -0.893849 0.186652 -0.405201 -0.900062 0.160314 51 153 230
0.408635 0.894727 0.183575 0.407667 0.900888 0.149026 51 153 230
-0.89302 0.410463 0.187265 -0.893338 0.421858 0.154868 51 153 230
-0.414571 0.892585 0.179306 -0.419709 0.888895 0.183606 51 153 230
-0.206274 -0.961516 0.181537 -0.21666 -0.964471 0.151175 51 153 230
0.801119 -0.526777 0.275789 0.782617 -0.558189 0.275565 51 153 230
0.00148406 -0.960041 0.273651 -0.00408024 -0.940274 0.340395 51 153 229
-0.799965 0.5266 0.277344 -0.787134 0.555712 0.26759 51 153 230
0.867411 0.404663 0.282956 0.863534 0.418579 0.281248 51 153 230
-0.825878 -0.497063 0.265212 -0.813807 -0.535459 0.225836 51 153 230
0.826511 -0.490812 0.278637 0.793292 -0.550185 0.26074 51 153 230
0.948406 -0.142872 0.274688 0.937574 -0.150819 0.313382 51 153 230
0.832414 0.48119 0.277844 0.867833 0.434186 0.241553 51 153 230
0.0713343 -0.960764 0.271622 0.0688082 -0.93746 0.341224 51 153 229
-0.834192 -0.478032 0.277247 -0.857402 -0.44727 0.254579 51 153 230
0.958044 -0.0694437 0.275022 0.941149 -0.0887062 0.326145 51 153 230
0.139511 -0.945238 0.287082 0.152353 -0.938137 0.310947 51 153 229
0.205573 -0.941478 0.257751 0.213732 -0.937241 0.275497 51 153 229
0.277568 -0.91738 0.276824 0.261634 -0.932643 0.248444 51 153 230
0.825442 0.498283 0.265459 0.813973 0.531682 0.234015 51 153 230
0.344929 -0.896103 0.281332 0.28958 -0.928297 0.233258 51 153 230
0.345706 -0.895896 0.281141 0.391487 -0.885471 0.250357 51 153 230
0.414829 -0.860462 0.288445 0.417183 -0.862396 0.286762 51 153 230
0.538637 0.794795 0.267359 0.55647 0.786274 0.268541 51 153 230
0.480032 -0.833511 0.275284 0.435468 -0.865335 0.248119 51 153 230
0.491467 0.825248 0.278201 0.54585 0.798212 0.254767 51 153 230
0.497477 -0.825591 0.265007 0.536421 -0.81441 0.221333 51 153 230
0.000123295 0.9606 0.274477 0.0052127 0.94596 0.324242 51 153 230
-0.127056 0.952007 0.272651 -0.180494 0.934274 0.307497 51 153 230
0.526702 -0.794663 0.296382 0.549876 -0.78962 0.272282 51 153 230
-0.756622 0.585539 0.278965 -0.77248 0.577378 0.264403 51 153 230
0.0742483 0.95932 0.276541 0.0819993 0.937855 0.3372 51 153 230
0.145607 0.949599 0.274266 0.167471 0.935539 0.310999 51 153 230
0.582527 -0.764885 0.264889 0.576226 -0.773995 0.262479 51 153 230
-0.0726872 0.962461 0.269738 -0.0763475 0.933405 0.350609 51 153 230
-0.858921 -0.422599 0.284749 -0.85774 -0.429094 0.283128 51 153 230
0.832686 -0.482203 0.273804 0.851846 -0.466573 0.238049 51 153 230
0.203445 0.939064 0.267902 0.21798 0.934856 0.280232 51 153 230
0.623885 -0.724952 0.284188 0.617442 -0.735964 0.277708 51 153 230
0.299041 0.909859 0.281375 0.272606 0.931264 0.241729 51 153 230
0.960849 0.00150931 0.27345 0.939417 -0.017581 0.342326 51 153 230
-0.897647 -0.347299 0.279607 -0.884596 -0.399415 0.240742 51 153 230
-0.535613 -0.797255 0.268404 -0.561693 -0.783694 0.265188 51 153 230
-0.899678 -0.341086 0.28091 -0.935738 -0.285323 0.207328 51 153 230
0.414646 0.862731 0.28345 0.418583 0.859175 0.29429 51 153 230
-0.727233 0.63031 0.263212 -0.740311 0.61488 0.271776 51 153 230
0.353453 0.894271 0.275173 0.397178 0.872122 0.285749 51 153 230
0.963642 0.0733226 0.26411 0.932276 0.0542207 0.357661 51 153 230
-0.585497 -0.757069 0.278288 -0.583696 -0.765936 0.26952 51 153 230
0.870295 -0.400166 0.280329 0.863211 -0.403982 0.302762 51 153 229
-0.629721 -0.727754 0.262737 -0.606613 -0.737732 0.296263 51 153 230
0.344767 0.898872 0.270273 0.300743 0.926677 0.22544 51 153 230
0.945778 0.130727 0.289124 0.936527 0.144943 0.319232 51 153 230
-0.671908 -0.684044 0.280582 -0.637316 -0.703727 0.314002 51 153 230
-0.686651 0.66958 0.281214 -0.703905 0.644707 0.298111 51 153 230
-0.959802 -1.69325e-05 0.274705 -0.939015 0.00965524 0.34374 51 153 229
0.893904 -0.353715 0.274496 0.872903 -0.391355 0.291345 51 153 229
0.479145 0.834218 0.271305 0.474185 0.849189 0.232434 51 153 230
0.94031 0.198535 0.267203 0.937598 0.200694 0.283958 51 153 230
-0.673049 0.688833 0.269232 -0.64422 0.710512 0.283114 51 153 230
-0.69129 -0.669212 0.271415 -0.700491 -0.642104 0.311473 51 153 230
-0.959165 0.0686902 0.274085 -0.939552 0.0724397 0.334656 51 153 230
0.898181 -0.344857 0.271073 0.92655 -0.301486 0.224968 51 153 230
-0.723915 -0.627617 0.279943 -0.734199 -0.609099 0.299918 51 153 230
-0.622561 0.726448 0.28433 -0.614566 0.736947 0.281456 51 153 230
-0.947784 0.134769 0.283683 -0.937332 0.135792 0.32089 51 153 230
0.909898 -0.296865 0.282719 0.929594 -0.273079 0.247554 51 153 230
0.690197 0.670236 0.269889 0.707619 0.647152 0.283672 51 153 230
0.673021 -0.687884 0.269499 0.648998 -0.707255 0.280344 51 153 230
-0.908605 -0.29497 0.295746 -0.936247 -0.251887 0.244937 51 153 230
-0.763308 -0.58306 0.268576 -0.772575 -0.581056 0.255934 51 153 230
0.668395 0.686694 0.281414 0.645698 0.703008 0.298085 51 153 230
-0.58372 0.764327 0.264402 -0.570255 0.77792 0.263914 51 153 230
-0.525912 0.794798 0.296219 -0.545281 0.792446 0.273311 51 153 230
-0.789831 -0.536762 0.291388 -0.789478 -0.556914 0.258013 51 153 230
-0.496792 0.825692 0.264275 -0.534477 0.813928 0.227718 51 153 230
-0.478943 0.833515 0.275559 -0.44061 0.8617 0.251665 51 153 229
-0.479936 -0.83455 0.270318 -0.466996 -0.852412 0.235179 51 153 230
-0.412007 0.861562 0.289895 -0.420556 0.858055 0.294746 51 153 230
-0.491918 -0.824102 0.281984 -0.546802 -0.791777 0.272208 51 153 230
-0.348417 0.896871 0.278019 -0.396411 0.882299 0.253786 51 153 230
-0.40597 -0.865305 0.287421 -0.409978 -0.861401 0.299845 51 153 230
-0.940397 0.2013 0.266115 -0.934024 0.217553 0.283319 51 153 230
-0.341673 0.89887 0.279979 -0.276367 0.936437 0.216116 51 153 230
-0.344955 -0.899355 0.269139 -0.309199 -0.925063 0.22058 51 153 230
-0.294727 0.906807 0.296939 -0.242679 0.936593 0.252786 51 153 230
-0.356246 -0.893827 0.273396 -0.400083 -0.870626 0.28626 51 153 230
-0.200576 0.937725 0.269826 -0.210391 0.935802 0.282859 51 153 230
-0.908055 0.294031 0.293338 -0.929505 0.265244 0.256252 51 153 230
-0.296811 -0.910514 0.284021 -0.270855 -0.930945 0.244906 51 153 230
0.763121 0.58993 0.255092 0.77304 0.576892 0.263826 51 153 230
-0.205042 -0.938446 0.268395 -0.204841 -0.935873 0.286672 51 153 230
0.73007 0.618172 0.283888 0.735021 0.617465 0.280145 51 153 230
-0.901234 0.339977 0.266772 -0.925272 0.30317 0.227945 51 153 230
0.792516 0.530272 0.295888 0.787488 0.54898 0.28015 51 153 230
0.688614 -0.666191 0.282581 0.706368 -0.643416 0.29506 51 153 230
0.923619 0.265954 0.267511 0.933176 0.257055 0.251208 51 153 230
0.93493 -0.211838 0.274132 0.935283 -0.212917 0.282688 51 153 230
0.630519 0.727772 0.261324 0.621557 0.732467 0.277777 51 153 230
0.593201 0.749869 0.28271 0.584297 0.762657 0.277399 51 153 230
-0.893989 0.353609 0.275207 -0.875752 0.391098 0.28302 51 153 230
-0.143304 -0.948361 0.275749 -0.1618 -0.936083 0.312361 51 153 230
0.726726 -0.630989 0.26211 0.739576 -0.615665 0.272002 51 153 230
-0.86554 0.404151 0.288539 -0.859077 0.413727 0.301357 51 153 230
-0.0667751 -0.96174 0.27021 -0.0880195 -0.935611 0.341883 51 153 230
0.757144 -0.585774 0.277132 0.766432 -0.584472 0.26641 51 153 230
0.896616 0.344568 0.283594 0.930385 0.282339 0.233811 51 153 230
0.896345 0.345646 0.283258 0.884596 0.399566 0.240492 51 153 230
-0.83477 0.478894 0.268057 -0.84891 0.471205 0.239412 51 153 230
-0.824558 0.492691 0.276426 -0.804796 0.538592 0.249444 51 153 230
-0.939397 -0.210086 0.26058 -0.939262 -0.20558 0.274815 51 153 230
-0.946025 -0.127212 0.288344 -0.938644 -0.155047 0.30807 51 153 230
-0.96111 -0.0702553 0.268149 -0.938912 -0.0558044 0.339602 51 153 229
-0.685403 -0.693227 0.235431 -0.615577 -0.707841 0.346449 51 153 230
0.961901 -0.135539 0.235322 0.95569 -0.13161 0.263315 51 153 230
-0.619281 -0.753384 0.215854 -0.572422 -0.765315 0.294323 51 153 230
0.00148406 -0.960041 0.273651 0.00152158 -0.976158 0.217056 51 153 229
0.961834 -0.0719439 0.261833 0.973128 -0.0588331 0.22262 51 153 230
-0.75435 -0.617965 0.216889 -0.772927 -0.574418 0.269496 51 153 230
0.0713343 -0.960764 0.271622 0.0408521 -0.977837 0.205344 51 153 229
0.960849 0.00150929 0.27345 0.97744 -0.00937308 0.211007 51 153 230
-0.959646 -0.136976 0.23795 -0.955221 -0.14492 0.257976 51 153 229
0.129283 -0.960375 0.241585 0.146135 -0.957348 0.249257 51 153 229
-0.135366 0.96049 0.237491 -0.15128 0.960313 0.234337 51 153 229
-0.753179 0.619272 0.21454 -0.760632 0.591235 0.268105 51 153 230
-0.0726573 0.962441 0.269814 -0.0571934 0.979444 0.19344 51 153 230
-0.96111 -0.0702553 0.268149 -0.974995 -0.0631258 0.21307 51 153 229
-0.137582 -0.958738 0.244315 -0.153342 -0.953455 0.259635 51 153 230
-0.68784 0.68724 0.235286 -0.680373 0.678863 0.276113 51 153 230
0.000160064 0.96087 0.273547 0.0040291 0.974747 0.223275 51 153 230
-0.61956 0.754168 0.217359 -0.602503 0.746642 0.281984 51 153 230
0.0733496 0.96216 0.268497 0.0422358 0.977142 0.208352 51 153 230
0.134652 0.960755 0.240972 0.149829 0.958801 0.241353 51 153 230
-0.959803 -1.70401e-05 0.274704 -0.975602 -0.000175838 0.219548 51 153 229
0.68823 0.689099 0.229146 0.682154 0.67585 0.279094 51 153 230
-0.961758 0.0671216 0.265765 -0.976576 0.0354675 0.212229 51 153 230
-0.0667751 -0.96174 0.27021 -0.0533627 -0.977577 0.203706 51 153 230
0.963589 0.0730964 0.264383 0.973109 0.0875701 0.213049 51 153 230
-0.960088 0.130948 0.244151 -0.957517 0.136027 0.254277 51 153 230
0.754525 0.620047 0.212252 0.732647 0.620438 0.279795 51 153 229
0.619795 -0.754391 0.214494 0.605413 -0.745747 0.278095 51 153 230
0.960035 0.145368 0.234792 0.951905 0.161812 0.26018 51 153 230
0.618574 0.75471 0.212369 0.586828 0.766448 0.261131 51 153 230
0.689118 -0.687118 0.230925 0.68136 -0.678825 0.273761 51 153 230
0.754439 -0.618398 0.21077 0.758875 -0.596571 0.261172 51 153 230
-0.826302 -0.446438 0.33993 -0.825939 -0.449935 0.339682 51 153 230
0.759886 -0.550826 0.342503 0.785108 -0.544698 0.294804 51 153 230
-0.757911 0.552143 0.34536 -0.787423 0.543126 0.291512 51 153 230
-0.551217 -0.759741 0.343027 -0.547274 -0.785351 0.289336 51 153 230
-0.850759 -0.396361 0.342604 -0.850478 -0.406377 0.333985 51 153 230
-0.754253 0.556163 0.347366 -0.74526 0.594546 0.301832 51 153 230
0.78854 -0.50216 0.349681 0.788847 -0.511167 0.341216 51 153 230
0.920379 -0.150191 0.352797 0.935146 -0.129927 0.329577 51 153 230
-0.557171 -0.754027 0.346505 -0.604893 -0.735952 0.304104 51 153 230
-0.716135 0.610738 0.33309 -0.733013 0.606039 0.308883 51 153 230
0.939646 -0.0707251 0.32463 0.936713 -0.0759133 0.341769 51 153 230
-0.604846 -0.716192 0.341745 -0.600574 -0.727602 0.33152 51 153 230
0.820052 -0.451061 0.349717 0.812892 -0.462333 0.354196 51 153 230
-0.633708 -0.689304 0.348138 -0.643746 -0.691375 0.328012 51 153 230
-0.866326 -0.351641 0.353412 -0.856572 -0.363809 0.36596 51 153 230
0.934702 -0.00314024 0.34541 0.937573 -0.00271349 0.347779 51 153 230
-0.00319429 -0.934688 0.345178 0.00127123 -0.936324 0.351135 51 153 230
-0.688754 -0.64092 0.335727 -0.683194 -0.653058 0.326742 51 153 230
-0.896263 -0.287557 0.344924 -0.870333 -0.327807 0.367508 51 153 230
-0.71112 -0.603366 0.359727 -0.714728 -0.598882 0.361254 51 153 230
0.841581 -0.421055 0.334584 0.857976 -0.401149 0.320867 51 153 230
0.0801027 -0.930164 0.349168 0.0707742 -0.93527 0.346788 51 153 230
-0.899601 -0.280923 0.34238 -0.936571 -0.208095 0.282014 51 153 230
0.152205 -0.920971 0.353102 0.139908 -0.933501 0.330154 51 153 230
0.866856 -0.348877 0.350623 0.866225 -0.360371 0.346103 51 153 230
0.205053 -0.913856 0.345041 0.187012 -0.930485 0.314999 51 153 230
-0.680593 0.643292 0.349372 -0.680859 0.648536 0.340342 51 153 230
0.894798 -0.2869 0.343412 0.881377 -0.330078 0.337969 51 153 229
0.844658 0.417093 0.331752 0.856058 0.405568 0.320437 51 153 230
0.279824 -0.89612 0.349991 0.238986 -0.930578 0.277327 51 153 230
-0.636187 0.693476 0.337173 -0.645589 0.693435 0.319943 51 153 229
-0.757417 -0.554614 0.348553 -0.796477 -0.51433 0.317946 51 153 230
-0.605784 0.711294 0.35554 -0.594466 0.720918 0.356213 51 153 229
-0.789948 -0.49632 0.356688 -0.795169 -0.484308 0.364901 51 153 230
-0.559193 0.755496 0.341778 -0.587033 0.75693 0.287141 51 153 230
0.284019 -0.894241 0.350164 0.343138 -0.860169 0.377312 51 153 230
-0.551226 0.759495 0.346695 -0.512471 0.797261 0.318981 51 153 230
-0.754143 -0.560087 0.346508 -0.748526 -0.600149 0.282011 51 153 230
-0.138582 0.924952 0.343576 -0.147917 0.930509 0.335072 51 153 230
0.361636 -0.864994 0.342546 0.370095 -0.86195 0.346515 51 153 230
0.901772 -0.266274 0.34128 0.930168 -0.224409 0.290566 51 153 229
0.406784 -0.842194 0.35104 0.39683 -0.857224 0.328165 51 153 230
0.818953 0.453856 0.348373 0.813631 0.46265 0.352079 51 153 230
0.450908 -0.824079 0.339679 0.454999 -0.822721 0.340745 51 153 230
-0.501958 0.790622 0.345937 -0.494205 0.79702 0.347159 51 153 230
0.501727 -0.791801 0.344834 0.492747 -0.796556 0.350285 51 153 230
0.502323 0.788835 0.347997 0.513891 0.790735 0.332648 51 153 230
0.447752 0.825228 0.340757 0.458538 0.824955 0.330443 51 153 230
-0.446293 0.82628 0.339351 -0.453462 0.825491 0.336061 51 153 230
0.551959 -0.759181 0.346674 0.517392 -0.794985 0.316709 51 153 230
0.551151 0.759523 0.342112 0.541209 0.78995 0.288221 51 153 230
-0.93526 -0.0208869 0.343458 -0.937972 -0.00978723 0.346572 51 153 230
-0.0544866 0.930454 0.354936 -0.0658864 0.93093 0.359204 51 153 230
-0.403432 0.843855 0.350601 -0.390774 0.85881 0.331272 51 153 230
0.000347272 0.943472 0.324302 0.000338027 0.938281 0.345875 51 153 230
-0.912723 -0.206839 0.346201 -0.932987 -0.17025 0.317097 51 153 230
0.0555984 0.930662 0.355164 0.0616986 0.931652 0.358076 51 153 230
-0.410126 -0.844065 0.342218 -0.398262 -0.860289 0.318261 51 153 230
0.910361 -0.200526 0.358085 0.935205 -0.173851 0.308491 51 153 230
0.141789 0.925352 0.343627 0.141536 0.930725 0.337223 51 153 230
-0.349819 0.866912 0.349318 -0.355007 0.860854 0.364554 51 153 230
-0.449816 -0.823729 0.342161 -0.45151 -0.826088 0.33722 51 153 230
-0.918791 -0.135921 0.363606 -0.931773 -0.137868 0.335845 51 153 230
0.215699 0.90773 0.356103 0.177941 0.931595 0.316966 51 153 230
-0.271131 -0.901826 0.339954 -0.211175 -0.933172 0.290852 51 153 230
0.559463 -0.755375 0.341948 0.591148 -0.755368 0.282777 51 153 230
0.279328 0.899109 0.34178 0.225494 0.933902 0.27745 51 153 230
-0.284249 0.895777 0.343746 -0.328916 0.869994 0.367322 51 153 230
0.932665 0.0729747 0.343045 0.933652 0.0704579 0.351183 51 153 230
-0.285739 -0.897154 0.340611 -0.334546 -0.877368 0.343954 51 153 230
-0.279735 0.897393 0.343507 -0.212781 0.934213 0.286305 51 153 230
0.605418 -0.711808 0.355684 0.596138 -0.724711 0.345563 51 153 230
-0.349213 -0.867689 0.349223 -0.360297 -0.865681 0.347538 51 153 230
0.919205 0.139819 0.36154 0.933805 0.113052 0.339451 51 153 230
-0.214815 0.906765 0.356164 -0.177957 0.931222 0.318053 51 153 230
-0.932836 0.0712609 0.343096 -0.936958 0.0613699 0.34401 51 153 230
0.638871 -0.692472 0.333738 0.650096 -0.692744 0.312218 51 153 230
-0.192341 -0.907544 0.371099 -0.168114 -0.935944 0.309428 51 153 230
0.917655 0.187784 0.344633 0.932482 0.178314 0.314137 51 153 230
0.339674 0.866829 0.361874 0.351043 0.86554 0.357224 51 153 230
-0.133781 -0.928178 0.337866 -0.128182 -0.934963 0.330779 51 153 230
-0.936632 -0.0843899 0.331284 -0.935505 -0.0859175 0.342709 51 153 230
0.682918 -0.639663 0.351823 0.684396 -0.647886 0.334433 51 153 230
-0.0535819 -0.938154 0.332258 -0.050752 -0.935127 0.350659 51 153 230
0.898751 0.27635 0.34318 0.929106 0.227207 0.291786 51 153 229
0.713699 -0.609645 0.339231 0.730505 -0.600158 0.325841 51 153 230
-0.5011 -0.794163 0.339478 -0.514452 -0.789 0.335885 51 153 230
0.284136 0.897178 0.342668 0.334401 0.880566 0.335826 51 153 230
0.755407 -0.555853 0.344679 0.741757 -0.599212 0.301231 51 153 230
0.397191 0.849632 0.344133 0.392351 0.860626 0.324628 51 153 230
-0.922889 0.162102 0.342902 -0.933137 0.146992 0.3281 51 153 230
0.788241 0.504628 0.347672 0.789958 0.501325 0.353043 51 153 230
0.759089 0.553961 0.342821 0.795427 0.514399 0.320453 51 153 230
-0.908258 0.213431 0.356222 -0.928598 0.191953 0.317583 51 153 230
0.893694 0.288714 0.346619 0.859762 0.34227 0.379026 51 153 229
0.695032 0.63709 0.330829 0.695217 0.647052 0.313044 51 153 229
0.86231 0.355369 0.356137 0.860716 0.361553 0.358396 51 153 230
-0.89785 0.279057 0.343255 -0.930351 0.22738 0.287654 51 153 230
0.642989 0.681257 0.347922 0.649879 0.685546 0.328152 51 153 229
0.755168 0.559676 0.3414 0.747801 0.586817 0.310548 51 153 230
0.710851 0.603366 0.360388 0.724403 0.59447 0.349064 51 153 229
-0.895917 0.28393 0.344089 -0.875344 0.337703 0.346018 51 153 230
-0.861783 0.354802 0.357146 -0.864653 0.360525 0.349852 51 153 230
0.607081 0.716215 0.338201 0.600365 0.72869 0.329504 51 153 230
-0.845915 0.406278 0.341395 -0.85797 0.398914 0.32366 51 153 230
0.55593 0.755136 0.34462 0.59543 0.740903 0.310687 51 153 230
-0.823976 0.448296 0.342133 -0.825942 0.454842 0.333074 51 153 230
-0.794574 0.500228 0.338195 -0.794283 0.507826 0.333509 51 153 230
-0.82228 -0.484393 0.298492 -0.81279 -0.486455 0.320521 51 153 230
0.34561 -0.895762 0.281669 0.380351 -0.86209 0.334864 51 153 230
0.826997 0.480046 0.293485 0.821963 0.470299 0.32124 51 153 230
-0.476786 -0.827549 0.297354 -0.446467 -0.835795 0.319554 51 153 230
0.826858 -0.477753 0.296507 0.822087 -0.471252 0.319524 51 153 230
-0.48202 0.825447 0.292545 -0.47558 0.819344 0.320155 51 153 229
-0.896309 -0.343815 0.287796 -0.870326 -0.370098 0.3249 51 153 230
-0.339187 -0.894043 0.292275 -0.356726 -0.878183 0.318654 51 153 230
-0.893955 0.341343 0.289028 -0.877965 0.355028 0.321144 51 153 230
0.479897 0.824957 0.296994 0.490516 0.810863 0.319209 51 153 230
0.896247 0.345385 0.283914 0.855086 0.38451 0.347822 51 153 230
0.483194 -0.825053 0.29339 0.473801 -0.820691 0.319341 51 153 230
-0.342605 0.896114 0.287025 -0.358011 0.869321 0.340747 51 153 230
0.893583 -0.340834 0.289716 0.881191 -0.350643 0.3171 51 153 230
-0.824276 0.480294 0.296874 -0.824124 0.471886 0.313278 51 153 230
0.34508 0.891531 0.291996 0.358348 0.879381 0.313491 51 153 230
-0.545827 -0.720283 0.42324 -0.556783 -0.722153 0.410472 51 153 230
-0.825133 -0.392635 0.406815 -0.834731 -0.366397 0.411069 51 153 230
-0.597805 -0.684242 0.414969 -0.587493 -0.680656 0.437675 51 153 230
-0.853139 -0.332336 0.399987 -0.849297 -0.330856 0.411376 51 153 230
0.00417462 -0.908652 0.413914 0.00160861 -0.930295 0.36681 51 153 230
-0.686884 -0.600521 0.407313 -0.69016 -0.578345 0.434968 51 153 230
0.721053 -0.556849 0.406565 0.722808 -0.560572 0.404114 51 153 230
-0.857325 -0.286145 0.424859 -0.855461 -0.281823 0.434468 51 153 230
0.0812375 -0.90467 0.418006 0.0598144 -0.929371 0.364269 51 153 230
-0.727897 -0.53882 0.419366 -0.719638 -0.541032 0.435208 51 153 230
-0.759156 -0.507059 0.405256 -0.760243 -0.50431 0.409515 51 153 230
-0.140179 0.898927 0.416015 -0.135781 0.928637 0.345249 51 153 230
0.14235 -0.901772 0.410102 0.11451 -0.928786 0.352482 51 153 230
0.424673 0.802707 0.421683 0.445798 0.779813 0.439495 51 153 230
0.396163 0.825277 0.405161 0.363955 0.838265 0.406017 51 153 230
-0.790386 -0.463435 0.39821 -0.78941 -0.475923 0.387723 51 153 230
-0.622485 -0.671094 0.400946 -0.631071 -0.647798 0.42674 51 153 230
0.76119 -0.499766 0.411469 0.755387 -0.523074 0.394695 51 153 230
-0.673211 -0.615664 0.40799 -0.645305 -0.628068 0.43487 51 153 230
0.547078 0.723055 0.416948 0.550297 0.727139 0.410417 51 153 230
-0.80151 -0.422485 0.423842 -0.779182 -0.445297 0.441119 51 153 230
-0.0884785 0.907208 0.408755 -0.0771717 0.927834 0.364923 51 153 230
0.502825 0.760345 0.409128 0.523037 0.759031 0.387691 51 153 230
0.786918 -0.465894 0.403237 0.79287 -0.47195 0.385514 51 153 230
-0.0023691 0.911732 0.407699 -0.00125891 0.927366 0.374155 51 153 230
0.899344 -0.133481 0.416527 0.928044 -0.103779 0.357722 51 153 230
-0.355413 -0.842708 0.403157 -0.330963 -0.860862 0.386497 51 153 230
-0.723212 0.538141 0.428563 -0.721146 0.543611 0.429461 51 153 230
-0.888861 -0.205918 0.411027 -0.86006 -0.248866 0.445379 51 153 230
-0.395821 -0.821144 0.414687 -0.354015 -0.813959 0.460592 51 153 230
0.909746 -0.0608707 0.406941 0.930295 -0.0645877 0.36108 51 153 230
-0.891714 -0.180529 0.41478 -0.88943 -0.170374 0.424132 51 153 230
0.911877 0.00393082 0.407414 0.931824 0.0116925 0.362723 51 153 230
-0.899037 -0.138752 0.416514 -0.924819 -0.127139 0.358532 51 153 230
0.906788 0.0643139 0.413789 0.928954 0.0632051 0.364759 51 153 230
0.466987 0.787223 0.401819 0.488631 0.789652 0.371066 51 153 230
-0.911231 -0.0794558 0.400279 -0.9288 -0.0619837 0.365362 51 153 230
0.899167 0.136818 0.416887 0.925971 0.103499 0.363133 51 153 230
-0.684379 0.601231 0.410293 -0.680375 0.585947 0.440177 51 153 230
-0.297593 -0.863416 0.404106 -0.307976 -0.859002 0.408983 51 153 230
0.894081 0.182164 0.411804 0.893674 0.159709 0.419332 51 153 230
-0.908924 0.0051736 0.413676 -0.929515 0.00162607 0.368781 51 153 230
-0.669231 0.624981 0.4003 -0.647466 0.633541 0.423572 51 153 230
0.89121 0.199692 0.412119 0.850599 0.248735 0.463263 51 153 230
-0.14463 -0.901693 0.409523 -0.121519 -0.932501 0.340111 51 153 230
-0.191601 -0.891831 0.41576 -0.153002 -0.877134 0.455221 51 153 230
-0.61624 0.669617 0.412256 -0.627272 0.645763 0.435339 51 153 229
-0.2012 -0.892307 0.412104 -0.259073 -0.854778 0.449707 51 153 230
0.178101 -0.89347 0.413442 0.178837 -0.88641 0.426959 51 153 230
-0.597196 0.684983 0.41509 -0.58803 0.681167 0.436155 51 153 229
-0.0838 -0.909098 0.405369 -0.0591214 -0.931426 0.359097 51 153 230
0.799201 -0.424728 0.425568 0.784295 -0.441318 0.436028 51 153 230
-0.904937 0.0807616 0.417218 -0.929778 0.0620647 0.36285 51 153 230
-0.469089 -0.787098 0.400078 -0.479198 -0.794471 0.373075 51 153 229
-0.901025 0.143582 0.411261 -0.931617 0.112551 0.345576 51 153 230
0.864493 0.278758 0.414266 0.856699 0.291146 0.425794 51 153 230
0.822073 -0.390747 0.414989 0.817939 -0.371219 0.439514 51 153 230
-0.893398 0.177204 0.414743 -0.888405 0.16711 0.427563 51 153 230
-0.503203 -0.761459 0.407407 -0.523221 -0.757234 0.390944 51 153 229
0.203381 -0.88818 0.414033 0.237148 -0.857955 0.455713 51 153 230
-0.888981 0.203178 0.413371 -0.866801 0.252637 0.429919 51 153 230
0.826728 0.3871 0.409094 0.833398 0.363894 0.415967 51 153 230
0.844206 -0.350776 0.403478 0.858432 -0.334905 0.388502 51 153 230
-0.547913 0.723511 0.416008 -0.546999 0.721106 0.425203 51 153 229
0.272492 -0.862327 0.422953 0.281825 -0.8564 0.432613 51 153 230
0.865635 -0.287593 0.40683 0.860897 -0.306485 0.406106 51 153 230
-0.862329 0.29942 0.405011 -0.862628 0.302253 0.405606 51 153 230
-0.413782 -0.812513 0.414613 -0.442527 -0.776751 0.448138 51 153 229
0.330928 -0.851909 0.402383 0.331145 -0.853991 0.401301 51 153 230
0.893815 -0.199064 0.408247 0.858202 -0.225723 0.461019 51 153 230
0.802212 0.4219 0.423215 0.790187 0.436729 0.429967 51 153 230
0.389891 -0.826101 0.406898 0.356061 -0.841646 0.406021 51 153 230
-0.847998 0.337197 0.406333 -0.856236 0.334071 0.394026 51 153 230
0.894125 -0.184057 0.41026 0.893445 -0.147238 0.424354 51 153 230
-0.503938 0.760577 0.407679 -0.510902 0.762757 0.396462 51 153 229
0.787158 0.466377 0.401694 0.791144 0.478029 0.381549 51 153 230
0.41533 -0.810336 0.416133 0.418308 -0.796124 0.43727 51 153 230
-0.823259 0.391367 0.411956 -0.834658 0.364246 0.413123 51 153 230
-0.465008 0.788437 0.400872 -0.47505 0.794384 0.378525 51 153 230
0.75583 0.500396 0.420215 0.750652 0.519172 0.408635 51 153 230
0.464156 -0.778739 0.422083 0.466366 -0.789383 0.39922 51 153 230
0.728075 0.551078 0.403802 0.72503 0.545694 0.420178 51 153 230
-0.421008 0.802277 0.423669 -0.428197 0.78569 0.446474 51 153 230
0.0858328 0.908133 0.407124 0.0719153 0.925238 0.372509 51 153 230
0.501525 -0.761327 0.411032 0.512737 -0.764514 0.390665 51 153 230
-0.803686 0.42215 0.420515 -0.785569 0.44607 0.42884 51 153 230
-0.389897 0.82625 0.406188 -0.358721 0.836728 0.413771 51 153 230
0.138909 0.900199 0.414052 0.123106 0.927445 0.353115 51 153 230
0.54999 -0.723984 0.413195 0.550155 -0.716785 0.428426 51 153 230
0.846626 0.338775 0.40822 0.860583 0.318935 0.397087 51 153 230
0.599655 -0.685923 0.411305 0.583973 -0.678978 0.444933 51 153 230
0.623487 -0.666266 0.407493 0.643578 -0.635869 0.426003 51 153 230
0.67171 -0.609707 0.416528 0.659679 -0.610362 0.4385 51 153 230
0.688416 -0.594029 0.412342 0.702487 -0.577328 0.416179 51 153 230
0.204132 0.888757 0.412939 0.248948 0.868375 0.428894 51 153 230
0.179322 0.893524 0.412901 0.162152 0.897223 0.410728 51 153 230
0.299574 0.861642 0.407347 0.295859 0.862788 0.409956 51 153 230
-0.343481 0.843632 0.408833 -0.319444 0.859764 0.398449 51 153 230
0.340525 0.846067 0.409082 0.330857 0.854766 0.399886 51 153 230
-0.289224 0.860508 0.412978 -0.289772 0.860534 0.418944 51 153 230
0.688755 0.598698 0.407955 0.687492 0.580589 0.436201 51 153 229
-0.205255 0.888332 0.410276 -0.256466 0.860987 0.439233 51 153 230
0.670511 0.614809 0.414139 0.644845 0.624655 0.440434 51 153 229
-0.785475 0.47582 0.392757 -0.791052 0.486175 0.371308 51 153 230
0.626056 0.665276 0.405326 0.62861 0.647486 0.430827 51 153 229
-0.175113 0.892292 0.414805 -0.176601 0.893045 0.413862 51 153 230
0.597174 0.68398 0.416821 0.588588 0.679078 0.438653 51 153 229
-0.753802 0.510407 0.412051 -0.753026 0.522644 0.399743 51 153 230
0.208076 -0.892725 0.401134 0.225819 -0.895889 0.382608 51 153 230
-0.548792 -0.753668 0.359529 -0.554786 -0.736697 0.38664 51 153 229
-0.820151 -0.413567 0.396858 -0.821773 -0.43826 0.364168 51 153 230
0.279782 -0.896066 0.350179 0.238264 -0.890035 0.388676 51 153 230
-0.619688 -0.684763 0.381552 -0.612698 -0.700303 0.366301 51 153 230
0.754614 -0.549355 0.355807 0.740164 -0.552222 0.383677 51 153 230
-0.684946 -0.624547 0.375017 -0.667601 -0.645592 0.370838 51 153 230
-0.897906 -0.280141 0.347372 -0.888583 -0.236163 0.393253 51 153 230
0.827734 -0.403591 0.389437 0.838629 -0.406828 0.362205 51 153 230
-0.753617 -0.555861 0.354383 -0.735716 -0.537548 0.412025 51 153 230
0.417512 -0.819185 0.395014 0.445026 -0.820187 0.359506 51 153 230
-0.893825 0.197873 0.406229 -0.916573 0.201577 0.345341 51 153 230
-0.752202 0.549713 0.36045 -0.746141 0.547788 0.378419 51 153 230
-0.896332 0.27707 0.348662 -0.88576 0.257125 0.386414 51 153 230
0.895211 -0.27461 0.353801 0.876354 -0.279663 0.392164 51 153 229
0.551901 -0.754262 0.35663 0.542276 -0.745129 0.388225 51 153 230
-0.692539 0.613 0.378968 -0.706485 0.59672 0.380533 51 153 230
-0.406281 -0.825626 0.394288 -0.409902 -0.842122 0.350444 51 153 229
-0.892025 -0.203016 0.405875 -0.923282 -0.174261 0.342322 51 153 230
0.894464 0.207163 0.400152 0.901814 0.228217 0.366945 51 153 230
0.893815 -0.199064 0.408247 0.900994 -0.234114 0.36524 51 153 230
0.826562 0.408446 0.387687 0.833348 0.419054 0.360451 51 153 230
-0.272125 -0.896079 0.354866 -0.289521 -0.869055 0.401149 51 153 230
-0.623668 0.683367 0.378592 -0.626083 0.677194 0.38656 51 153 229
0.620422 -0.68808 0.377074 0.625548 -0.680364 0.381831 51 153 230
0.894829 0.278814 0.352788 0.86923 0.277028 0.409506 51 153 229
-0.201004 -0.892939 0.410916 -0.187601 -0.930208 0.315465 51 153 230
0.682667 -0.624618 0.376836 0.68923 -0.610293 0.390517 51 153 230
-0.551129 0.753834 0.358093 -0.540916 0.743998 0.392272 51 153 229
0.756885 0.548773 0.354634 0.759833 0.520348 0.389733 51 153 230
-0.823236 0.411487 0.39164 -0.831912 0.423521 0.358542 51 153 230
-0.413131 0.820871 0.395498 -0.437667 0.821453 0.3656 51 153 230
0.414816 0.821182 0.395779 0.445454 0.823407 0.351527 51 153 230
0.549031 0.754902 0.355359 0.553185 0.740803 0.381048 51 153 230
-0.278844 0.896321 0.34698 -0.251174 0.883356 0.395719 51 153 230
0.198303 0.893917 0.405299 0.193914 0.918009 0.345914 51 153 230
-0.201765 0.892669 0.403005 -0.190939 0.918383 0.346575 51 153 230
0.277213 0.89757 0.347286 0.251349 0.885674 0.390392 51 153 230
0.679812 0.62825 0.378243 0.667405 0.644962 0.372283 51 153 229
0.616911 0.687707 0.381781 0.60189 0.70645 0.372366 51 153 229
-0.822415 -0.298869 0.483484 -0.809609 -0.318531 0.493023 51 153 230
-0.617698 -0.617204 0.485414 -0.61301 -0.648992 0.450586 51 153 229
-0.013611 -0.88129 0.473071 -0.00640923 -0.8732 0.48732 51 153 230
0.861725 -0.127971 0.486335 0.857823 -0.140183 0.494457 51 153 230
-0.833412 -0.274963 0.479872 -0.856851 -0.25678 0.447069 51 153 230
-0.618191 -0.617022 0.484943 -0.661306 -0.593197 0.45912 51 153 229
0.688452 -0.545313 0.476959 0.645718 -0.575046 0.502365 51 153 230
0.878502 -0.0574489 0.474103 0.867976 -0.0744416 0.490996 51 153 230
-0.68427 0.548297 0.479256 -0.644627 0.578055 0.500308 51 153 230
0.867493 -0.00153209 0.497251 0.864957 0.000710323 0.501845 51 153 230
0.688843 -0.545092 0.47673 0.681584 -0.523009 0.511767 51 153 230
-0.134573 0.860634 0.486884 -0.153755 0.857914 0.490247 51 153 230
0.0597443 -0.875281 0.478232 0.0799226 -0.866331 0.493034 51 153 230
-0.871223 0.00423402 0.489698 -0.866927 0.0195211 0.498053 51 153 230
-0.880037 0.0674156 0.4677 -0.868132 0.0863997 0.488756 51 153 230
-0.617958 0.61855 0.482966 -0.648822 0.611941 0.45228 51 153 230
-0.852954 0.149132 0.495349 -0.855452 0.144471 0.497323 51 153 230
0.148159 -0.854753 0.492584 0.15346 -0.853078 0.498707 51 153 230
0.723943 -0.481935 0.490366 0.724015 -0.481027 0.494384 51 153 230
-0.61796 0.618547 0.482966 -0.590877 0.646788 0.482213 51 153 230
0.54707 0.688949 0.475308 0.58561 0.641762 0.495179 51 153 230
-0.0598548 0.871282 0.486187 -0.0643682 0.869507 0.489708 51 153 230
-0.544676 -0.688031 0.478864 -0.585777 -0.649613 0.484632 51 153 230
0.545425 0.690327 0.475295 0.511011 0.68227 0.522853 51 153 230
0.0052424 0.88152 0.472072 0.0206536 0.869669 0.493203 51 153 230
0.756581 -0.438139 0.484294 0.748825 -0.449302 0.487225 51 153 230
-0.68627 -0.54666 0.478339 -0.688608 -0.515901 0.509574 51 153 230
0.220816 -0.855544 0.464503 0.205658 -0.850926 0.483352 51 153 230
-0.717858 -0.489261 0.490562 -0.725356 -0.486553 0.486954 51 153 230
-0.853502 0.212101 0.473752 -0.851914 0.183379 0.490524 51 153 230
0.27437 -0.833124 0.479956 0.255575 -0.856187 0.449028 51 153 230
0.784122 -0.402439 0.471117 0.79237 -0.379192 0.477873 51 153 230
0.344046 0.797797 0.495122 0.353507 0.78722 0.50529 51 153 230
0.87898 0.0654426 0.471809 0.867309 0.0812111 0.491101 51 153 230
-0.834067 0.277564 0.479863 -0.860631 0.257032 0.439601 51 153 230
0.296734 -0.822563 0.484179 0.315044 -0.818708 0.480068 51 153 230
0.855661 0.148935 0.491826 0.855171 0.150229 0.496098 51 153 230
-0.548112 0.685713 0.478598 -0.580581 0.637812 0.506085 51 153 230
-0.686272 -0.546656 0.47834 -0.654708 -0.587941 0.475061 51 153 230
0.795535 -0.342599 0.496608 0.790392 -0.350363 0.502521 51 153 230
0.295402 0.823981 0.487236 0.324286 0.820615 0.470563 51 153 230
-0.824128 0.295971 0.485613 -0.815026 0.32896 0.476987 51 153 230
0.860522 0.209813 0.461051 0.851439 0.213209 0.479159 51 153 230
0.82773 -0.291623 0.481596 0.818718 -0.333753 0.467235 51 153 230
-0.275452 -0.830519 0.486242 -0.241033 -0.849244 0.469774 51 153 230
0.831627 0.269713 0.485576 0.85428 0.235493 0.46341 51 153 229
0.349347 -0.789328 0.502448 0.340351 -0.793334 0.504759 51 153 230
0.833788 -0.274846 0.481342 0.853426 -0.230527 0.467463 51 153 230
0.404442 0.784988 0.470255 0.386772 0.792585 0.471398 51 153 230
-0.545403 0.688209 0.478214 -0.518561 0.679897 0.518493 51 153 230
0.411697 -0.782167 0.467972 0.389569 -0.794371 0.466058 51 153 230
0.824066 0.295915 0.482193 0.821403 0.314345 0.475904 51 153 230
-0.755046 -0.440147 0.484329 -0.740772 -0.459052 0.490437 51 153 230
0.48766 0.720736 0.489293 0.492011 0.719564 0.490054 51 153 230
0.789732 0.349156 0.502425 0.798023 0.335979 0.500278 51 153 230
0.788178 0.399612 0.468014 0.797993 0.379404 0.468252 51 153 230
0.688339 0.544036 0.478514 0.683813 0.52227 0.509543 51 153 229
0.684823 0.547939 0.478959 0.645394 0.582662 0.493935 51 153 229
0.441938 0.755343 0.484235 0.458682 0.739231 0.4931 51 153 230
0.755915 0.440512 0.484593 0.743224 0.456314 0.48928 51 153 230
0.724286 0.492314 0.479663 0.72209 0.497706 0.480495 51 153 230
0.0854963 0.862373 0.494884 0.104315 0.867475 0.486421 51 153 230
-0.788688 -0.399946 0.466089 -0.792712 -0.384243 0.47325 51 153 230
0.138676 0.870039 0.469111 0.139869 0.85788 0.494448 51 153 230
0.213877 0.853444 0.473669 0.177978 0.85413 0.488657 51 153 230
0.853805 -0.189504 0.479785 0.84939 -0.17351 0.498428 51 153 230
0.27493 0.834247 0.481894 0.253789 0.862247 0.438316 51 153 230
-0.790843 -0.348798 0.500078 -0.789634 -0.339441 0.511133 51 153 230
-0.856246 -0.221766 0.462929 -0.85479 -0.201797 0.478134 51 153 230
0.618297 0.618057 0.482763 0.651112 0.58804 0.479856 51 153 230
-0.86058 -0.135243 0.486287 -0.856203 -0.150148 0.49434 51 153 230
0.446635 -0.753868 0.482581 0.459172 -0.734819 0.499201 51 153 230
-0.874185 -0.0517517 0.48199 -0.869129 -0.0636003 0.490479 51 153 230
0.618327 0.618025 0.482767 0.611947 0.646211 0.455996 51 153 230
0.487823 -0.72084 0.488833 0.495829 -0.711453 0.497985 51 153 230
-0.791617 0.346063 0.502118 -0.79079 0.3513 0.501239 51 153 230
-0.488531 0.721123 0.487449 -0.484503 0.726959 0.486607 51 153 230
0.543952 -0.688349 0.477654 0.516806 -0.686986 0.510844 51 153 230
-0.789417 0.399567 0.465501 -0.793356 0.385403 0.471223 51 153 230
-0.439355 0.756421 0.483119 -0.450735 0.745203 0.491436 51 153 230
-0.756432 0.442983 0.480506 -0.746474 0.452723 0.487667 51 153 230
-0.292377 -0.828568 0.478899 -0.323929 -0.834367 0.445983 51 153 230
-0.394909 0.784402 0.475821 -0.371307 0.795222 0.479326 51 153 230
-0.189371 -0.855665 0.477868 -0.180747 -0.842395 0.507643 51 153 230
-0.727115 0.478693 0.488588 -0.719804 0.487132 0.494555 51 153 230
-0.327031 0.798646 0.501818 -0.332167 0.7969 0.504594 51 153 230
-0.129667 -0.864334 0.482692 -0.137469 -0.85574 0.498811 51 153 230
-0.687832 0.544111 0.478937 -0.695437 0.512921 0.503269 51 153 230
-0.297907 0.825934 0.477113 -0.319436 0.833286 0.451215 51 153 230
-0.063266 -0.868419 0.491076 -0.0684842 -0.867861 0.492065 51 153 230
0.548977 -0.683983 0.4781 0.577705 -0.654185 0.488159 51 153 230
-0.404075 -0.780334 0.475857 -0.383309 -0.78681 0.48374 51 153 230
-0.271304 0.832375 0.483081 -0.255605 0.865334 0.431118 51 153 230
-0.445009 -0.748957 0.488682 -0.44479 -0.741755 0.501957 51 153 229
-0.487255 -0.734721 0.469853 -0.500093 -0.72187 0.478341 51 153 229
-0.217321 0.856151 0.46424 -0.210678 0.856835 0.470584 51 153 230
-0.543935 -0.688746 0.478696 -0.514442 -0.70072 0.494309 51 153 230
-0.331074 -0.805066 0.489261 -0.339029 -0.798066 0.498147 51 153 230
0.619245 -0.618041 0.482771 0.587479 -0.655447 0.474613 51 153 230
0.619166 -0.618118 0.482771 0.657312 -0.608042 0.445226 51 153 230
-0.545241 -0.688574 0.47737 -0.585034 -0.677249 0.446171 51 153 230
-0.687952 -0.546247 0.47604 -0.72392 -0.531039 0.440384 51 153 230
0.00350983 -0.892241 0.452371 0.00434732 -0.900234 0.435385 51 153 230
0.688841 -0.545084 0.476745 0.700636 -0.558988 0.443443 51 153 230
0.0614292 -0.89678 0.438768 0.0569221 -0.896368 0.439642 51 153 230
-0.822202 -0.343658 0.451823 -0.824698 -0.339778 0.452133 51 153 230
-0.331332 -0.83223 0.442545 -0.331331 -0.8332 0.442716 51 153 230
0.13545 -0.893117 0.430919 0.125984 -0.868628 0.47918 51 153 230
0.894111 -0.137257 0.4269 0.866781 -0.141317 0.478247 51 153 230
0.752517 -0.485997 0.442579 0.74124 -0.500254 0.447558 51 153 230
-0.687 0.547588 0.476288 -0.677957 0.582708 0.448136 51 153 230
-0.131681 -0.894664 0.429776 -0.110938 -0.882536 0.456971 51 153 230
-0.0693247 -0.891901 0.446557 -0.065669 -0.894868 0.441472 51 153 230
0.891644 -0.0825229 0.444759 0.891295 -0.0847199 0.44544 51 153 230
-0.481272 -0.757757 0.440297 -0.482 -0.751514 0.450448 51 153 229
0.893627 -0.00527935 0.448875 0.900239 -0.00299516 0.435387 51 153 230
-0.890241 -0.00392588 0.455282 -0.892017 0.0019729 0.451998 51 153 230
-0.897317 0.0616098 0.437106 -0.895432 0.0516986 0.442186 51 153 230
-0.893477 0.135474 0.429831 -0.869112 0.122586 0.479183 51 153 230
-0.754693 -0.482998 0.441057 -0.745296 -0.491338 0.450689 51 153 230
-0.823787 0.340387 0.451935 -0.825458 0.345428 0.446429 51 153 230
-0.547794 0.689223 0.47382 -0.562999 0.696524 0.444845 51 153 230
-0.757129 0.483246 0.438071 -0.749554 0.489232 0.445892 51 153 230
-0.481416 0.756404 0.441495 -0.489458 0.745567 0.452284 51 153 230
0.826808 -0.338674 0.446839 0.824621 -0.343052 0.449794 51 153 230
-0.893251 -0.131355 0.431104 -0.878432 -0.123387 0.461663 51 153 230
-0.341735 0.824292 0.447763 -0.338624 0.825253 0.451986 51 153 230
-0.133023 0.894204 0.428467 -0.126065 0.875726 0.46606 51 153 230
0.546661 0.690757 0.473145 0.562463 0.698608 0.442246 51 153 230
-0.0629675 0.892507 0.446282 -0.0740794 0.890685 0.448545 51 153 230
-0.892488 -0.0682702 0.445608 -0.893673 -0.0703198 0.443174 51 153 230
-0.000378611 0.895604 0.447179 0.000187692 0.905267 0.424843 51 153 230
0.342892 0.822822 0.453277 0.346399 0.826257 0.444193 51 153 230
0.341671 -0.822466 0.452526 0.336687 -0.827044 0.450155 51 153 230
0.482829 0.755504 0.442034 0.500266 0.740392 0.448947 51 153 230
0.894931 0.0740703 0.44049 0.900927 0.0625953 0.429432 51 153 230
0.892281 0.136989 0.431612 0.866944 0.132933 0.48035 51 153 230
0.0563604 0.892012 0.447284 0.0728375 0.888457 0.453144 51 153 230
0.825023 0.340213 0.44912 0.827704 0.33163 0.45269 51 153 230
0.131017 0.894372 0.428752 0.112137 0.87897 0.463505 51 153 230
0.689655 0.547677 0.472203 0.694802 0.562773 0.447814 51 153 229
0.487132 -0.753708 0.442055 0.511548 -0.724887 0.461366 51 153 230
0.757778 0.477691 0.444338 0.757974 0.478228 0.443591 51 153 230
0.548464 -0.690126 0.469744 0.558838 -0.693021 0.455436 51 153 230
0.619203 -0.552905 0.557372 0.662332 -0.531939 0.527596 51 153 230
-0.125664 0.823839 0.55127 -0.148024 0.807666 0.570758 51 153 230
0.00902547 -0.836533 0.551036 0.00993757 -0.862469 0.506012 51 153 230
-0.555776 -0.619044 0.557815 -0.519869 -0.677679 0.520084 51 153 230
0.823243 -0.133921 0.550169 0.811553 -0.125621 0.570615 51 153 230
0.688666 -0.47824 0.545259 0.633496 -0.49606 0.593808 51 153 230
-0.0762074 0.832767 0.551537 -0.0922375 0.85828 0.504824 51 153 230
-0.556139 -0.618692 0.55787 -0.598761 -0.628679 0.496233 51 153 230
0.835406 -0.0726243 0.544724 0.853819 -0.0807867 0.514263 51 153 230
-0.619364 0.555529 0.554264 -0.656811 0.549684 0.516184 51 153 230
0.0699848 -0.83254 0.551072 0.103593 -0.856548 0.505563 51 153 230
-0.615757 -0.558608 0.557123 -0.632517 -0.591083 0.500543 51 153 230
0.688611 -0.477371 0.545992 0.673161 -0.448588 0.587897 51 153 230
-0.61945 0.555467 0.554226 -0.58672 0.590904 0.553707 51 153 230
-0.136654 -0.822973 0.549343 -0.1436 -0.84503 0.515076 51 153 230
0.130499 -0.823252 0.550214 0.138 -0.821054 0.553918 51 153 230
0.137269 0.823183 0.548705 0.171869 0.79551 0.581056 51 153 230
0.723977 -0.430401 0.535667 0.727123 -0.415449 0.546529 51 153 230
-0.6178 -0.554184 0.559777 -0.673012 -0.527771 0.518182 51 153 230
0.831461 -0.000195881 0.557705 0.849353 -0.00475738 0.527804 51 153 230
0.137216 -0.822942 0.549114 0.193376 -0.796988 0.572202 51 153 230
-0.136676 -0.822965 0.54935 -0.164356 -0.793046 0.586571 51 153 230
0.13643 0.823099 0.549072 0.156535 0.810433 0.564531 51 153 230
0.752481 -0.354454 0.55404 0.718377 -0.400966 0.568473 51 153 230
0.759525 -0.343216 0.55174 0.782982 -0.319582 0.533672 51 153 230
0.798473 -0.290597 0.524146 0.780678 -0.281192 0.558098 51 153 230
0.79152 -0.216187 0.565778 0.792663 -0.213962 0.570881 51 153 230
0.823456 -0.136119 0.549286 0.78828 -0.19374 0.58402 51 153 230
-0.00331834 0.836492 0.549059 -0.00733354 0.859941 0.51034 51 153 230
0.208856 -0.79025 0.570112 0.218636 -0.796227 0.56411 51 153 230
0.823441 0.138943 0.549798 0.784373 0.199587 0.587302 51 153 230
0.286283 -0.79691 0.527747 0.263497 -0.79035 0.553097 51 153 230
0.209372 0.800219 0.557646 0.219312 0.791533 0.570418 51 153 230
0.296495 0.794435 0.529203 0.275473 0.779097 0.563136 51 153 230
0.34516 -0.758897 0.551635 0.312837 -0.792444 0.523609 51 153 230
-0.554048 0.617523 0.557008 -0.589162 0.622128 0.515602 51 153 230
0.477667 0.683923 0.549384 0.495294 0.65306 0.572885 51 153 230
0.46927 0.690488 0.548511 0.458252 0.692428 0.557269 51 153 230
-0.552657 0.617263 0.559129 -0.531844 0.659742 0.530926 51 153 230
-0.688673 -0.474763 0.547583 -0.700644 -0.447255 0.555933 51 153 230
0.356772 -0.75341 0.551465 0.380314 -0.742298 0.551684 51 153 230
0.555775 0.617454 0.557352 0.517217 0.669095 0.533665 51 153 230
-0.475435 0.68869 0.547288 -0.49961 0.638586 0.585319 51 153 230
0.411877 -0.724503 0.549967 0.423336 -0.716837 0.554013 51 153 230
0.417493 0.722946 0.548221 0.426117 0.718729 0.549412 51 153 230
-0.722423 -0.415364 0.549614 -0.726699 -0.420995 0.542836 51 153 230
-0.473882 0.689739 0.547247 -0.44591 0.696298 0.562434 51 153 230
0.471186 -0.688466 0.549167 0.451208 -0.692979 0.562309 51 153 230
0.35642 0.750845 0.55639 0.395163 0.723477 0.566062 51 153 230
0.791267 0.204713 0.570385 0.789488 0.214616 0.575021 51 153 230
-0.411845 0.723356 0.551451 -0.423254 0.722619 0.546514 51 153 230
0.347362 0.759727 0.55021 0.347926 0.778054 0.523049 51 153 230
-0.0653353 -0.832074 0.554296 -0.0903737 -0.856154 0.508756 51 153 230
-0.361614 0.753846 0.54809 -0.380049 0.757375 0.530986 51 153 229
0.47884 -0.683644 0.548983 0.486136 -0.65081 0.583197 51 153 230
-0.346053 0.75849 0.552545 -0.30413 0.796002 0.523341 51 153 229
0.801537 0.276911 0.526004 0.79097 0.261312 0.553248 51 153 230
0.0773697 0.827945 0.559866 0.0740471 0.869075 0.489107 51 153 230
-0.278938 0.790823 0.539895 -0.254743 0.791085 0.55614 51 153 230
-0.401035 -0.722404 0.559771 -0.414167 -0.717167 0.560479 51 153 230
-0.194996 0.794907 0.568839 -0.217046 0.7976 0.562783 51 153 230
0.619952 0.552796 0.557239 0.626104 0.592357 0.507057 51 153 230
0.836246 0.0680977 0.544641 0.853902 0.079472 0.514331 51 153 230
0.556896 0.616474 0.557355 0.596523 0.622569 0.506525 51 153 230
-0.687743 -0.47601 0.547719 -0.650563 -0.492149 0.578409 51 153 230
-0.478564 -0.6858 0.547894 -0.428606 -0.71449 0.552993 51 153 229
0.824181 0.13749 0.54927 0.850308 0.144494 0.506062 51 153 230
-0.135668 0.824163 0.548024 -0.183654 0.792917 0.580994 51 153 230
0.619967 0.552655 0.557434 0.667847 0.53142 0.521126 51 153 230
-0.351203 -0.758139 0.552204 -0.2873 -0.808538 0.513542 51 153 230
-0.753615 -0.357199 0.550348 -0.744221 -0.384837 0.545927 51 153 230
0.761139 0.341541 0.552579 0.79344 0.284886 0.537859 51 153 230
-0.358644 -0.75646 0.548368 -0.39402 -0.75043 0.530663 51 153 230
-0.759432 -0.343884 0.551363 -0.794354 -0.310067 0.52236 51 153 230
0.75382 0.360018 0.550748 0.737481 0.387692 0.553007 51 153 230
-0.286381 -0.781791 0.548913 -0.264164 -0.788465 0.555464 51 153 230
0.723481 0.417192 0.548318 0.72037 0.422061 0.550392 51 153 230
-0.793014 -0.275298 0.539049 -0.790597 -0.264343 0.55234 51 153 230
0.554612 -0.621861 0.553952 0.506847 -0.663425 0.55043 51 153 230
-0.478858 -0.685667 0.547827 -0.47251 -0.652143 0.592827 51 153 229
0.690653 0.473721 0.54687 0.696351 0.449288 0.559675 51 153 229
0.68926 0.475437 0.547131 0.640435 0.495249 0.587002 51 153 229
-0.822561 -0.137194 0.549319 -0.834999 -0.178342 0.520549 51 153 230
-0.822549 -0.13711 0.549362 -0.848515 -0.151111 0.507137 51 153 230
-0.830194 -0.0672915 0.557377 -0.862733 -0.0968858 0.49629 51 153 230
-0.83484 -0.00731732 0.550971 -0.855316 -0.000590568 0.518106 51 153 230
-0.213939 -0.804503 0.548652 -0.223173 -0.794964 0.564115 51 153 230
-0.800899 -0.189102 0.563568 -0.800589 -0.20305 0.563762 51 153 230
0.554585 -0.621881 0.553955 0.593672 -0.623832 0.508318 51 153 230
-0.830832 0.0735903 0.554341 -0.862175 0.0834423 0.499691 51 153 230
0.617748 -0.554651 0.557289 0.627818 -0.585517 0.512849 51 153 230
-0.822525 0.134887 0.549811 -0.808042 0.145301 0.570926 51 153 230
-0.822822 0.136622 0.548868 -0.806479 0.164007 0.568061 51 153 230
-0.805132 0.208 0.551446 -0.803687 0.214131 0.555189 51 153 230
-0.790704 0.289715 0.537192 -0.787959 0.270185 0.553282 51 153 230
-0.759697 0.346672 0.551769 -0.795119 0.317746 0.516549 51 153 230
-0.754776 0.357594 0.550742 -0.739029 0.397389 0.543983 51 153 230
-0.723051 0.414726 0.549508 -0.717407 0.426905 0.550526 51 153 230
-0.688824 0.471682 0.548536 -0.692658 0.451549 0.562432 51 153 230
-0.684072 0.478259 0.548804 -0.648313 0.498181 0.575766 51 153 230
-0.617697 -0.617225 0.485386 -0.616504 -0.612432 0.494823 51 153 229
0.82346 -0.136119 0.549281 0.847628 -0.171038 0.502267 51 153 230
0.688659 -0.478242 0.545266 0.694378 -0.506677 0.510997 51 153 230
0.136944 -0.823412 0.548516 0.178114 -0.84242 0.508532 51 153 230
-0.278378 -0.826251 0.491625 -0.269652 -0.785795 0.55661 51 153 230
0.137269 0.823183 0.548705 0.151621 0.842471 0.516965 51 153 230
-0.617958 0.618538 0.482974 -0.621131 0.593218 0.512141 51 153 230
0.759993 -0.402737 0.508188 0.760916 -0.389176 0.519181 51 153 230
0.201523 -0.824634 0.523048 0.205687 -0.820622 0.533171 51 153 230
-0.203701 -0.823686 0.524675 -0.195842 -0.825443 0.529424 51 153 230
-0.822823 0.136622 0.548868 -0.831411 0.170285 0.528923 51 153 230
0.268673 -0.825512 0.495324 0.226148 -0.8158 0.532286 51 153 230
-0.1367 0.825402 0.545832 -0.187167 0.831551 0.522965 51 153 230
0.826556 -0.276935 0.492535 0.795168 -0.235962 0.558596 51 153 230
-0.47546 0.689364 0.546463 -0.517802 0.679359 0.519954 51 153 230
-0.136676 -0.822965 0.54935 -0.171916 -0.841733 0.511792 51 153 230
-0.829377 0.199425 0.518297 -0.83258 0.181369 0.52337 51 153 230
0.196982 0.827616 0.522374 0.17531 0.834296 0.522702 51 153 230
-0.412562 0.755029 0.508679 -0.406972 0.75318 0.516812 51 153 230
-0.824045 0.269641 0.500146 -0.811709 0.225103 0.53894 51 153 230
0.82506 -0.205085 0.521787 0.823245 -0.196612 0.532552 51 153 230
-0.414681 -0.757615 0.502811 -0.426376 -0.737098 0.5243 51 153 230
0.267431 0.823626 0.502818 0.221678 0.808578 0.545032 51 153 230
-0.478857 -0.685664 0.547831 -0.501406 -0.698708 0.510294 51 153 229
0.477036 0.688784 0.543954 0.508785 0.682855 0.524259 51 153 230
-0.270505 0.825029 0.49529 -0.244945 0.810109 0.532659 51 153 230
0.824906 0.201729 0.523667 0.822059 0.207116 0.530399 51 153 230
0.410145 -0.760705 0.503442 0.39144 -0.757726 0.522136 51 153 230
0.40481 0.760162 0.508179 0.395585 0.755622 0.522061 51 153 230
0.82512 0.273304 0.494954 0.797632 0.249011 0.549343 51 153 229
-0.761142 0.407138 0.504053 -0.757715 0.402223 0.513892 51 153 230
-0.825496 -0.265495 0.497722 -0.816676 -0.230805 0.528933 51 153 230
-0.203395 0.825341 0.521439 -0.203244 0.824596 0.527952 51 153 230
0.480749 -0.686524 0.543586 0.512208 -0.68744 0.514848 51 153 230
-0.687387 0.477818 0.545127 -0.683791 0.512088 0.519803 51 153 230
-0.688366 -0.476035 0.546928 -0.688164 -0.515574 0.510504 51 153 230
-0.760012 -0.408419 0.504157 -0.757812 -0.394863 0.519427 51 153 230
0.7594 0.409298 0.506412 0.761477 0.395557 0.513505 51 153 230
0.690279 0.475532 0.545823 0.683329 0.520883 0.511608 51 153 229
0.619182 -0.617449 0.483399 0.62902 -0.58587 0.510969 51 153 230
0.618158 0.618042 0.482905 0.597146 0.623398 0.504768 51 153 230
-0.82326 -0.205703 0.524721 -0.828389 -0.195462 0.524944 51 153 230
-0.548304 -0.559838 0.620583 -0.509086 -0.57932 0.636568 51 153 230
-0.550931 0.554674 0.622133 -0.583877 0.549813 0.597322 51 153 230
-0.781051 -0.00566658 0.623029 -0.786789 -0.00860175 0.617163 51 153 230
0.561123 -0.548317 0.617088 0.582113 -0.53075 0.615994 51 153 230
-0.558428 -0.555168 0.615928 -0.577361 -0.541622 0.610983 51 153 230
-0.133847 -0.769666 0.620761 -0.142248 -0.782932 0.605626 51 153 230
-0.546505 0.557335 0.623697 -0.510522 0.589934 0.625576 51 153 230
-0.0169959 -0.78553 0.618108 -0.0223389 -0.778858 0.626802 51 153 230
-0.785622 0.0819622 0.611053 -0.784521 0.0861052 0.614095 51 153 230
0.618449 -0.481336 0.618008 0.606129 -0.507354 0.612535 51 153 230
-0.34314 -0.712055 0.610573 -0.338096 -0.723452 0.601921 51 153 230
0.0641192 -0.780876 0.619971 0.0783444 -0.780799 0.619851 51 153 230
-0.775554 0.145502 0.611482 -0.790564 0.129518 0.598526 51 153 230
-0.0849693 -0.781808 0.615057 -0.108687 -0.777446 0.619487 51 153 230
0.145372 -0.786182 0.596026 0.151409 -0.788414 0.59622 51 153 230
-0.482429 0.617235 0.619208 -0.50612 0.608756 0.610949 51 153 230
-0.380068 -0.681918 0.623911 -0.389857 -0.678227 0.622912 51 153 230
-0.270085 -0.730536 0.624094 -0.271701 -0.744067 0.610363 51 153 230
0.206871 -0.75642 0.618743 0.187006 -0.801904 0.567432 51 153 230
-0.755983 0.210511 0.622478 -0.805817 0.171242 0.566864 51 153 230
-0.480839 -0.620313 0.618151 -0.472651 -0.651242 0.593705 51 153 230
-0.482147 0.617365 0.619357 -0.462459 0.652382 0.60044 51 153 230
0.618625 -0.481124 0.618003 0.639721 -0.458211 0.617089 51 153 230
0.785405 0.00907719 0.618386 0.789227 0.0138973 0.613945 51 153 230
-0.618358 -0.483622 0.619226 -0.619164 -0.506553 0.600033 51 153 230
0.00261075 0.783182 0.620531 0.00180452 0.783887 0.620901 51 153 230
-0.753537 0.218024 0.621932 -0.762452 0.267125 0.589331 51 153 230
0.215537 -0.753505 0.619082 0.258884 -0.774319 0.577416 51 153 230
0.778487 0.0657088 0.622292 0.779963 0.0911824 0.619147 51 153 230
-0.618404 -0.483493 0.619327 -0.659312 -0.459013 0.595495 51 153 230
0.777537 0.132276 0.610533 0.781868 0.149267 0.605312 51 153 230
-0.726968 0.279472 0.625338 -0.726819 0.291105 0.622087 51 153 230
0.671828 -0.408672 0.616629 0.643326 -0.444086 0.623634 51 153 229
0.262277 -0.72064 0.640593 0.288238 -0.749323 0.596182 51 153 230
0.75656 0.207527 0.617587 0.790916 0.167292 0.588613 51 153 230
0.0905528 0.780244 0.616299 0.108267 0.78109 0.614961 51 153 230
-0.482757 -0.617193 0.619762 -0.503231 -0.586317 0.634815 51 153 230
0.682559 -0.376453 0.626408 0.674487 -0.371867 0.637795 51 153 229
-0.710682 0.354295 0.607364 -0.718892 0.35666 0.596647 51 153 230
0.342228 -0.716554 0.606669 0.327645 -0.735074 0.593561 51 153 229
0.75554 0.209584 0.617988 0.751936 0.253626 0.608496 51 153 230
-0.411477 0.668816 0.618068 -0.435519 0.640456 0.632566 51 153 230
0.377065 -0.688167 0.61986 0.396393 -0.683094 0.613396 51 153 229
0.712661 -0.348732 0.605737 0.731064 -0.330584 0.596875 51 153 229
0.725978 0.261782 0.632228 0.738559 0.260896 0.621662 51 153 230
-0.68366 0.376427 0.624941 -0.673653 0.391827 0.626629 51 153 230
0.729674 -0.259309 0.628968 0.734973 -0.283805 0.615848 51 153 230
-0.420254 -0.668961 0.610905 -0.440126 -0.649835 0.61968 51 153 230
0.413947 -0.667457 0.61697 0.43616 -0.645332 0.627145 51 153 229
-0.67001 0.40995 0.617606 -0.641054 0.42979 0.63587 51 153 230
0.755344 -0.212325 0.618667 0.754523 -0.27846 0.594269 51 153 230
0.688647 0.38071 0.617452 0.699611 0.371789 0.610178 51 153 230
0.758379 -0.205535 0.617601 0.801318 -0.157682 0.577083 51 153 230
0.775733 -0.131483 0.612886 0.787353 -0.145241 0.59915 51 153 230
0.782262 -0.0629994 0.617521 0.78384 -0.081352 0.61561 51 153 230
-0.207898 -0.755995 0.619554 -0.17322 -0.790297 0.587729 51 153 230
-0.209309 -0.755647 0.619384 -0.254518 -0.765017 0.591582 51 153 230
-0.664167 -0.409298 0.625174 -0.645545 -0.416671 0.640044 51 153 230
0.481839 -0.617432 0.61978 0.473314 -0.653833 0.590319 51 153 230
-0.617129 0.481477 0.621135 -0.65394 0.479044 0.585559 51 153 229
-0.689863 -0.380729 0.616227 -0.690988 -0.372172 0.619696 51 153 230
0.482142 -0.617283 0.619628 0.515814 -0.582885 0.627838 51 153 230
-0.61713 0.481476 0.621135 -0.593809 0.528761 0.606468 51 153 229
-0.717698 -0.347547 0.601989 -0.728505 -0.342701 0.593158 51 153 230
0.546197 -0.559135 0.621034 0.521096 -0.580309 0.62586 51 153 230
-0.376523 0.688019 0.620544 -0.382636 0.680272 0.625156 51 153 230
-0.727465 -0.271164 0.628931 -0.725982 -0.287399 0.624782 51 153 230
0.66587 0.40418 0.62676 0.643385 0.431854 0.632106 51 153 230
-0.347082 0.715804 0.605333 -0.333956 0.730336 0.595888 51 153 230
-0.274174 0.724045 0.630105 -0.27319 0.733773 0.622049 51 153 230
0.149803 0.775529 0.60907 0.144951 0.785366 0.601821 51 153 230
-0.212077 0.755032 0.618977 -0.26423 0.754621 0.600607 51 153 230
0.716643 0.340469 0.606877 0.726115 0.322704 0.60714 51 153 230
-0.209371 0.756567 0.618216 -0.181363 0.800834 0.570765 51 153 230
-0.152516 0.781989 0.60008 -0.160479 0.789926 0.59183 51 153 230
-0.0880619 0.780512 0.617339 -0.0987826 0.78301 0.614115 51 153 230
0.27229 0.724539 0.631425 0.268053 0.735073 0.622748 51 153 230
0.213315 0.754255 0.619781 0.251016 0.750103 0.611831 51 153 230
0.20938 0.756215 0.619075 0.175379 0.795201 0.580429 51 153 230
0.618378 0.482663 0.618293 0.642832 0.457402 0.614451 51 153 230
0.410186 0.662678 0.626064 0.421931 0.642584 0.639578 51 153 230
-0.753867 -0.219212 0.618806 -0.771447 -0.254516 0.583173 51 153 230
0.379351 0.690208 0.61708 0.378261 0.688838 0.618401 51 153 230
0.618313 0.482788 0.618217 0.604753 0.509582 0.612046 51 153 230
-0.757893 -0.207997 0.61825 -0.800454 -0.169947 0.574797 51 153 230
0.559609 0.545943 0.62082 0.581063 0.5219 0.624489 51 153 230
0.549344 0.560179 0.617111 0.537499 0.570244 0.621222 51 153 230
0.483746 0.618307 0.61875 0.523378 0.572271 0.631333 51 153 230
-0.774715 -0.15311 0.609318 -0.788053 -0.14203 0.599 51 153 230
0.483526 0.618546 0.61877 0.479707 0.656148 0.582538 51 153 230
-0.781105 -0.0868221 0.615076 -0.780818 -0.10797 0.615359 51 153 230
0.345883 0.717546 0.603918 0.33418 0.730219 0.595906 51 153 230
-0.0672719 -0.827128 0.561127 -0.0904902 -0.784799 0.613109 51 153 230
0.00206536 -0.82468 0.569266 0.00802522 -0.793033 0.609126 51 153 230
-0.555872 -0.618432 0.558383 -0.52137 -0.605702 0.601081 51 153 230
0.0629214 -0.821202 0.569115 0.102686 -0.794684 0.598275 51 153 230
0.824719 -0.0791471 0.560631 0.799239 -0.0859327 0.594838 51 153 230
-0.617039 -0.55426 0.560555 -0.609169 -0.524618 0.594718 51 153 230
-0.683813 -0.412633 0.601542 -0.682748 -0.440503 0.582934 51 153 230
-0.0662302 0.824013 0.565698 -0.0640746 0.792195 0.606896 51 153 230
0.615072 -0.553559 0.560801 0.60221 -0.523888 0.602399 51 153 230
0.821291 -0.00387867 0.571579 0.802142 -0.0112848 0.597026 51 153 230
0.00093287 0.827026 0.563833 0.00232253 0.801666 0.597768 51 153 230
0.276522 -0.756326 0.588214 0.266508 -0.770775 0.578688 51 153 230
-0.619399 0.555104 0.554525 -0.621001 0.514924 0.59094 51 153 230
0.690803 -0.401942 0.600475 0.720584 -0.399859 0.566454 51 153 229
-0.405558 -0.684151 0.605108 -0.417529 -0.702081 0.576846 51 153 230
-0.820241 0.00482985 0.572427 -0.792963 0.0160484 0.609058 51 153 230
0.821917 0.0761114 0.5649 0.799018 0.0737114 0.596772 51 153 230
-0.552649 0.617461 0.558919 -0.531467 0.606325 0.591534 51 153 230
0.824181 0.13749 0.549271 0.782585 0.123248 0.610222 51 153 230
-0.411939 0.685206 0.599739 -0.440796 0.678492 0.587663 51 153 230
0.758599 0.279816 0.583735 0.766826 0.258115 0.587669 51 153 230
-0.343206 0.754611 0.559397 -0.288545 0.758642 0.584126 51 153 229
0.684666 0.416811 0.597293 0.674139 0.442372 0.591476 51 153 230
-0.82581 0.071114 0.562687 -0.793885 0.0797079 0.602821 51 153 230
0.754755 0.344789 0.559772 0.736315 0.294441 0.609217 51 153 230
0.619996 0.552656 0.557402 0.60066 0.527437 0.600847 51 153 230
0.755929 -0.343488 0.556765 0.735662 -0.298618 0.607971 51 153 230
0.342041 -0.755633 0.557807 0.286566 -0.762338 0.580277 51 153 230
-0.753669 0.27018 0.597502 -0.762026 0.280551 0.583615 51 153 230
0.758437 -0.276894 0.584928 0.762964 -0.272661 0.586124 51 153 230
0.413604 -0.686012 0.596748 0.444508 -0.678776 0.584531 51 153 229
-0.755901 -0.341368 0.557624 -0.760985 -0.300794 0.574826 51 153 230
-0.756576 0.343405 0.557692 -0.747842 0.300445 0.592001 51 153 230
-0.34994 -0.75705 0.554305 -0.288987 -0.747908 0.597595 51 153 230
0.554582 -0.621816 0.554003 0.547187 -0.576165 0.607141 51 153 230
-0.68532 0.411809 0.599324 -0.68241 0.440847 0.58307 51 153 230
0.077369 0.827937 0.559878 0.0730123 0.78408 0.61635 51 153 230
-0.269266 -0.754341 0.594783 -0.261535 -0.770165 0.581761 51 153 230
-0.27091 0.755514 0.592134 -0.262803 0.770692 0.58049 51 153 230
0.270573 0.755135 0.593848 0.26516 0.766812 0.584542 51 153 230
0.414551 0.683888 0.600114 0.447145 0.679459 0.581719 51 153 230
-0.746831 -0.274618 0.603705 -0.763595 -0.282844 0.58045 51 153 230
0.555519 0.615153 0.5598 0.530326 0.6033 0.595637 51 153 230
0.341312 0.755654 0.559359 0.29066 0.755177 0.587558 51 153 230
-0.822549 -0.13711 0.549362 -0.786602 -0.149091 0.59919 51 153 230
-0.830222 -0.0673233 0.557332 -0.784977 -0.0726737 0.615248 51 153 230
-0.137123 -0.704645 0.694456 -0.125113 -0.718184 0.684513 51 153 230
0.475281 -0.546904 0.688727 0.445563 -0.569592 0.690679 51 153 230
0.277437 0.672951 0.685961 0.294437 0.640799 0.709002 51 153 230
-0.476653 0.546724 0.687485 -0.449671 0.587866 0.672465 51 153 230
-0.404786 -0.603941 0.686 -0.431562 -0.577489 0.693009 51 153 230
-0.722356 0.0123265 0.691529 -0.721349 0.00421674 0.692559 51 153 230
-0.40574 0.601269 0.6874 -0.421776 0.574993 0.701062 51 153 230
0.231524 0.683197 0.692733 0.248621 0.677488 0.692241 51 153 230
-0.724321 0.0855692 0.683416 -0.72559 0.0900488 0.68221 51 153 230
-0.476451 -0.546661 0.68757 -0.445967 -0.550844 0.705467 51 153 230
-0.709405 0.147696 0.688326 -0.728806 0.133232 0.671633 51 153 230
0.00238797 0.716652 0.697918 0.0125046 0.715088 0.698922 51 153 230
-0.346776 -0.64845 0.677364 -0.364415 -0.648555 0.668265 51 153 230
-0.689018 0.221777 0.694697 -0.736527 0.164972 0.655982 51 153 230
-0.379278 0.618364 0.687312 -0.386256 0.612176 0.689961 51 153 230
-0.379042 -0.612223 0.693597 -0.385826 -0.594633 0.705372 51 153 230
0.548801 0.474387 0.688058 0.588237 0.441764 0.677364 51 153 230
-0.348311 0.63656 0.687219 -0.327938 0.65204 0.683594 51 153 229
0.475267 -0.546916 0.688725 0.496045 -0.49977 0.710049 51 153 230
-0.00559177 -0.722516 0.690685 -0.0121757 -0.719683 0.694196 51 153 230
0.547367 0.476168 0.688312 0.497021 0.472783 0.727631 51 153 230
-0.0730453 -0.727932 0.680602 -0.088572 -0.730204 0.677464 51 153 230
-0.278026 0.672329 0.68441 -0.294115 0.647474 0.703046 51 153 229
-0.258612 -0.685845 0.685523 -0.278642 -0.615686 0.737082 51 153 230
0.0607382 -0.727889 0.682713 0.0577499 -0.723631 0.687766 51 153 229
0.476011 0.545386 0.688975 0.469071 0.508663 0.721966 51 153 230
0.547546 -0.475347 0.688608 0.49588 -0.497766 0.71157 51 153 230
0.474092 0.547183 0.688571 0.447104 0.581452 0.679715 51 153 230
-0.229754 0.688372 0.688565 -0.277557 0.676017 0.682614 51 153 230
-0.234876 -0.687297 0.689477 -0.233027 -0.715396 0.658716 51 153 230
-0.213227 0.69147 0.694429 -0.19659 0.750272 0.631224 51 153 230
-0.145997 0.7194 0.677503 -0.136782 0.73827 0.660491 51 153 230
-0.0652955 0.723918 0.686885 -0.0787269 0.727259 0.681834 51 153 230
-0.549325 -0.471881 0.687446 -0.554077 -0.454976 0.697134 51 153 230
-0.601189 -0.413548 0.682681 -0.575009 -0.440053 0.689723 51 153 230
0.134766 -0.709044 0.692773 0.0938997 -0.724352 0.683006 51 153 230
-0.618822 -0.379287 0.686898 -0.616515 -0.381321 0.688843 51 153 230
-0.634911 -0.351478 0.687368 -0.649797 -0.332735 0.683412 51 153 230
0.548064 -0.474391 0.688729 0.567689 -0.44567 0.692176 51 153 230
-0.670502 -0.280859 0.685682 -0.644569 -0.306564 0.700392 51 153 230
0.0759321 0.726386 0.682309 0.0890055 0.72339 0.684679 51 153 230
0.215325 -0.688577 0.704976 0.189827 -0.768093 0.611554 51 153 230
-0.687931 -0.232467 0.690822 -0.669902 -0.297982 0.680028 51 153 230
-0.689622 -0.223594 0.695572 -0.752238 -0.16779 0.63717 51 153 230
0.153367 0.713266 0.682173 0.146057 0.73151 0.666003 51 153 230
0.599358 -0.408223 0.687558 0.579219 -0.420302 0.698464 51 153 229
-0.216824 -0.691308 0.692747 -0.164334 -0.7446 0.646966 51 153 230
-0.707906 -0.146782 0.690393 -0.735831 -0.119085 0.666612 51 153 230
0.242333 -0.685728 0.691383 0.349029 -0.633523 0.690527 51 153 230
0.734186 -0.00175022 0.679204 0.736061 -0.00447249 0.6769 51 153 230
0.211635 0.69479 0.688422 0.19643 0.733192 0.651033 51 153 230
0.622603 -0.37777 0.685057 0.615988 -0.395284 0.681403 51 153 229
0.716132 0.0617088 0.695609 0.715029 0.0615238 0.696383 51 153 229
0.635691 -0.346068 0.689828 0.650241 -0.322866 0.68771 51 153 229
0.413055 0.599959 0.683702 0.438267 0.580482 0.686267 51 153 230
0.718064 0.123051 0.683129 0.727312 0.141295 0.671604 51 153 230
0.673367 -0.274564 0.685503 0.660599 -0.298932 0.688657 51 153 229
0.378534 0.621899 0.684691 0.386249 0.612071 0.690059 51 153 230
0.269796 -0.675546 0.688066 0.309919 -0.636535 0.706239 51 153 230
-0.726791 -0.0723271 0.681571 -0.729468 -0.0774024 0.679621 51 153 230
0.685124 0.229159 0.690474 0.681642 0.250363 0.687519 51 153 230
0.350425 0.634584 0.688832 0.336014 0.64841 0.683124 51 153 230
0.675945 0.274789 0.683156 0.653624 0.285944 0.700722 51 153 230
-0.687285 0.229157 0.691962 -0.675085 0.287326 0.679488 51 153 230
0.688572 -0.230498 0.68884 0.678875 -0.28567 0.676403 51 153 230
0.696016 0.207209 0.688349 0.733627 0.175829 0.65641 51 153 230
-0.476715 -0.546597 0.687479 -0.518903 -0.511857 0.684647 51 153 230
-0.669279 0.27758 0.68885 -0.644059 0.302442 0.70265 51 153 230
0.629404 0.343697 0.696867 0.637903 0.31112 0.704474 51 153 230
-0.543712 -0.479061 0.687187 -0.508474 -0.493831 0.705397 51 153 230
-0.645639 0.347767 0.679832 -0.651261 0.336786 0.680025 51 153 229
0.69413 -0.214414 0.692724 0.737065 -0.159072 0.656834 51 153 230
-0.620949 0.376192 0.687288 -0.608422 0.391093 0.690557 51 153 229
0.629109 0.376604 0.680236 0.639246 0.377045 0.670225 51 153 230
-0.600113 0.407898 0.686866 -0.577247 0.423859 0.697947 51 153 229
0.602532 0.405432 0.68653 0.581078 0.428427 0.691953 51 153 230
-0.547562 0.477899 0.686217 -0.575422 0.440488 0.6891 51 153 230
-0.545474 0.479633 0.686664 -0.506461 0.475395 0.719373 51 153 230
-0.476905 0.546491 0.687541 -0.479866 0.505739 0.716908 51 153 230
0.714289 -0.11821 0.688088 0.722791 -0.117105 0.681072 51 153 230
0.715679 -0.0600263 0.695472 0.723084 -0.0649615 0.687698 51 153 230
0.341802 -0.637661 0.689934 0.331199 -0.633018 0.699711 51 153 230
0.378725 -0.625886 0.681081 0.386102 -0.614082 0.688352 51 153 230
0.411614 -0.597699 0.686716 0.417709 -0.578485 0.700624 51 153 230
-0.132744 -0.750221 0.644315 -0.132396 -0.750024 0.648024 51 153 230
-0.55269 -0.54579 0.628328 -0.5467 -0.513539 0.66136 51 153 230
0.266984 0.689972 0.674046 0.275065 0.711274 0.646861 51 153 230
0.547267 0.476132 0.688417 0.554131 0.523524 0.647195 51 153 230
0.475418 -0.546945 0.688562 0.52007 -0.555653 0.648673 51 153 230
0.475892 0.545342 0.689094 0.519529 0.55409 0.650441 51 153 230
0.00309958 0.748774 0.663424 0.00163439 0.752159 0.65898 51 153 230
0.0582293 0.759944 0.647049 0.0688478 0.769406 0.635039 51 153 230
0.549726 0.549511 0.626671 0.529058 0.541347 0.653484 51 153 230
-0.548596 0.553686 0.625168 -0.550511 0.520421 0.652763 51 153 230
0.118311 0.753361 0.644401 0.135465 0.755648 0.640817 51 153 230
-0.7527 -0.00514253 0.65876 -0.752059 -0.0164938 0.658889 51 153 230
-0.343644 -0.68609 0.641085 -0.34546 -0.688902 0.637237 51 153 230
0.0219304 -0.756327 0.653411 0.0193955 -0.75917 0.650603 51 153 230
0.759878 -0.00160716 0.650026 0.766337 -0.00303967 0.642432 51 153 230
0.20938 0.756215 0.619075 0.160095 0.749883 0.641907 51 153 230
-0.258563 -0.68574 0.68565 -0.300561 -0.723143 0.621874 51 153 230
0.747932 0.0747765 0.658479 0.757917 0.0875177 0.646453 51 153 230
-0.476897 0.546466 0.687567 -0.512679 0.555821 0.654387 51 153 230
-0.47869 -0.618817 0.621254 -0.446005 -0.613474 0.651713 51 153 230
-0.755783 0.0547913 0.652264 -0.764263 0.0632836 0.641793 51 153 230
-0.482148 0.617373 0.619348 -0.452441 0.610747 0.649835 51 153 230
0.0817595 -0.750656 0.654838 0.0949368 -0.757127 0.646332 51 153 229
0.403699 0.617563 0.674435 0.430831 0.621243 0.654554 51 153 230
0.75452 0.140699 0.637711 0.75588 0.147354 0.637912 51 153 230
-0.406103 0.619787 0.669992 -0.437334 0.619431 0.651954 51 153 230
-0.750877 0.12648 0.646155 -0.75154 0.127986 0.647154 51 153 230
0.336225 0.689042 0.641783 0.331359 0.685698 0.648089 51 153 230
-0.40628 -0.618897 0.670575 -0.429896 -0.626596 0.650051 51 153 230
-0.754939 0.210288 0.623884 -0.746106 0.146648 0.649477 51 153 230
-0.338638 0.690363 0.638662 -0.324228 0.683642 0.653843 51 153 230
-0.476728 -0.546568 0.687493 -0.4794 -0.58223 0.656646 51 153 230
0.691121 0.274636 0.667713 0.720531 0.277744 0.635368 51 153 230
-0.266303 0.690621 0.671606 -0.285163 0.704121 0.650304 51 153 229
-0.207913 -0.755977 0.619572 -0.156352 -0.749477 0.643302 51 153 230
0.75631 0.207579 0.617882 0.744799 0.163926 0.646841 51 153 230
0.483531 0.618596 0.618716 0.450982 0.603881 0.657223 51 153 230
-0.208633 0.755793 0.619386 -0.158475 0.758294 0.632357 51 153 230
-0.0455232 -0.756619 0.651327 -0.0626702 -0.757249 0.650113 51 153 230
-0.687958 0.264787 0.676111 -0.703833 0.291149 0.647959 51 153 230
-0.123827 0.758843 0.637189 -0.142972 0.761726 0.631928 51 153 230
0.679931 0.339962 0.649115 0.681984 0.327259 0.654064 51 153 230
0.135152 -0.75285 0.641701 0.13084 -0.77436 0.61907 51 153 230
0.617992 0.410312 0.669816 0.620453 0.441381 0.648245 51 153 230
-0.0679146 0.753663 0.653403 -0.0763247 0.761739 0.643372 51 153 230
0.55001 -0.54898 0.626961 0.535948 -0.535202 0.652931 51 153 230
-0.692334 0.332302 0.640131 -0.693817 0.317967 0.646155 51 153 230
0.205597 -0.755018 0.620976 0.160169 -0.782593 0.601576 51 153 230
0.618391 0.482659 0.618283 0.598249 0.457663 0.657756 51 153 230
0.547546 -0.475347 0.688608 0.560093 -0.520588 0.644425 51 153 230
-0.615321 0.414472 0.66822 -0.619586 0.436174 0.652584 51 153 229
0.275537 -0.691337 0.669766 0.303421 -0.718552 0.625795 51 153 230
-0.616326 0.481354 0.621835 -0.597121 0.470115 0.649953 51 153 229
0.345941 -0.685621 0.641246 0.344074 -0.674787 0.652898 51 153 229
-0.546544 0.481353 0.684377 -0.565325 0.499315 0.656576 51 153 230
-0.61843 -0.483501 0.619297 -0.590368 -0.46904 0.656862 51 153 230
0.618361 -0.481135 0.618255 0.605427 -0.46211 0.648006 51 153 230
0.409561 -0.621067 0.666388 0.438778 -0.622012 0.648518 51 153 230
0.613249 -0.419886 0.666765 0.618607 -0.448199 0.645325 51 153 229
0.686766 -0.342862 0.639828 0.693304 -0.316424 0.647461 51 153 229
0.690048 -0.274001 0.668454 0.721554 -0.291391 0.628054 51 153 229
-0.547554 -0.480912 0.682701 -0.548283 -0.509419 0.663233 51 153 230
0.757136 -0.206539 0.618942 0.759304 -0.161999 0.630248 51 153 230
0.748313 -0.14799 0.643674 0.757555 -0.134313 0.638803 51 153 230
0.750435 -0.077523 0.654684 0.757314 -0.0896278 0.646871 51 153 230
-0.617793 -0.405244 0.673537 -0.625497 -0.426259 0.653496 51 153 230
0.481849 -0.61746 0.619743 0.44964 -0.614291 0.648437 51 153 230
-0.687226 -0.33844 0.641603 -0.684634 -0.330835 0.64948 51 153 230
-0.690051 -0.268218 0.672359 -0.697616 -0.305613 0.648022 51 153 229
-0.755448 -0.206459 0.621729 -0.759664 -0.149981 0.632784 51 153 230
-0.749418 -0.123419 0.647297 -0.757655 -0.127902 0.64 51 153 230
-0.760385 -0.0556035 0.645927 -0.76793 -0.0771551 0.63587 51 153 230
-0.208163 -0.617986 0.757709 -0.171122 -0.638215 0.750599 51 153 230
0.356974 -0.548201 0.755553 0.388798 -0.550981 0.738415 51 153 230
0.0054833 0.654775 0.755326 0.000637872 0.642835 0.766004 51 153 230
-0.359187 0.551603 0.754228 -0.402582 0.55598 0.727196 51 153 229
-0.21045 -0.618303 0.75661 -0.246655 -0.599926 0.761085 51 153 230
0.0810785 0.648827 0.755793 0.0912561 0.642491 0.76084 51 153 230
0.000140998 -0.656434 0.753911 0.0143705 -0.654137 0.75624 51 153 229
0.136809 0.64485 0.749899 0.13503 0.645145 0.752034 51 153 230
-0.34711 -0.55511 0.757204 -0.295216 -0.601927 0.741978 51 153 230
-0.131858 -0.642035 0.753419 -0.131093 -0.648655 0.749707 51 153 230
-0.346788 0.556114 0.757632 -0.2903 0.612582 0.735166 51 153 229
0.270465 0.580381 0.764731 0.262118 0.57323 0.776338 51 153 230
-0.357697 -0.55159 0.754382 -0.392576 -0.55532 0.733146 51 153 230
0.0769591 -0.649744 0.754192 0.08373 -0.646068 0.758673 51 153 230
-0.269508 -0.581583 0.764479 -0.259689 -0.576277 0.774898 51 153 230
-0.270426 0.578612 0.766525 -0.252091 0.57811 0.77604 51 153 229
0.552147 0.353182 0.754118 0.543878 0.388077 0.744038 51 153 230
0.214321 0.616577 0.756891 0.263918 0.599288 0.755779 51 153 230
0.138672 -0.640872 0.75293 0.117701 -0.627204 0.76991 51 153 230
0.410698 -0.50206 0.760672 0.395604 -0.523765 0.754432 51 153 230
-0.215034 0.618644 0.754487 -0.271493 0.602136 0.750815 51 153 230
-0.0688346 -0.649879 0.755945 -0.0808688 -0.651352 0.754454 51 153 230
0.212545 -0.619148 0.758389 0.110558 -0.617411 0.778833 51 153 230
0.507628 0.40595 0.758525 0.523786 0.390446 0.7571 51 153 230
0.442869 -0.482914 0.755199 0.455928 -0.495142 0.739571 51 153 230
0.214875 -0.619001 0.757729 0.288788 -0.578332 0.762977 51 153 230
-0.654988 0.00949603 0.75575 -0.641773 0.00812812 0.766852 51 153 229
0.280361 -0.596556 0.750414 0.294204 -0.576787 0.762076 51 153 230
0.413609 0.503523 0.757608 0.41489 0.524409 0.743546 51 153 230
-0.649423 0.0763049 0.756259 -0.637819 0.090362 0.764867 51 153 229
-0.553055 -0.351861 0.757623 -0.541158 -0.413908 0.732003 51 153 230
0.356743 0.550775 0.754705 0.399791 0.55575 0.72891 51 153 230
0.483051 -0.442194 0.755387 0.497034 -0.452994 0.740104 51 153 230
-0.55444 -0.350348 0.757343 -0.617443 -0.308321 0.723673 51 153 230
0.344727 -0.556128 0.755868 0.325604 -0.594065 0.735573 51 153 230
0.503612 -0.40905 0.760332 0.521345 -0.395592 0.756113 51 153 230
-0.584821 -0.279622 0.758436 -0.591113 -0.269675 0.760171 51 153 230
-0.206495 0.619244 0.757154 -0.173982 0.636 0.751821 51 153 230
0.208271 0.618059 0.757995 0.1771 0.652553 0.736757 51 153 230
-0.61798 -0.214354 0.756395 -0.589497 -0.288406 0.75453 51 153 230
-0.649154 0.140774 0.746008 -0.655564 0.12826 0.744167 51 153 230
-0.617361 -0.208962 0.759063 -0.633373 -0.160931 0.756928 51 153 230
-0.148572 0.644144 0.748297 -0.13976 0.63955 0.755939 51 153 230
-0.64727 -0.144501 0.746737 -0.649058 -0.130443 0.749472 51 153 230
-0.653337 -0.0689629 0.753502 -0.648833 -0.0803469 0.756677 51 153 229
-0.41567 -0.502646 0.757841 -0.420095 -0.521227 0.742861 51 153 230
-0.445497 -0.471507 0.761269 -0.454593 -0.47017 0.756496 51 153 229
-0.486746 -0.444352 0.751501 -0.511054 -0.458371 0.727131 51 153 229
-0.507823 -0.403803 0.760215 -0.508964 -0.408624 0.757616 51 153 230
0.551589 -0.355938 0.753775 0.548833 -0.388919 0.739949 51 153 230
0.348078 0.552412 0.75825 0.293851 0.599921 0.744141 51 153 230
0.558301 -0.340053 0.756517 0.587842 -0.294286 0.75355 51 153 230
0.591886 -0.2696 0.756825 0.585421 -0.271279 0.763996 51 153 230
0.619274 -0.212045 0.755525 0.602932 -0.271308 0.750243 51 153 230
-0.618808 0.20651 0.760278 -0.654059 0.162458 0.738792 51 153 230
0.6188 -0.208504 0.757187 0.633558 -0.149463 0.759121 51 153 230
0.634286 -0.127898 0.760408 0.637685 -0.135232 0.758334 51 153 229
-0.620066 0.217968 0.754785 -0.603102 0.284748 0.745108 51 153 230
0.654304 -0.0613458 0.752863 0.656763 -0.0742882 0.750429 51 153 229
0.484565 0.437379 0.756589 0.494601 0.449938 0.74359 51 153 230
0.659156 0.00927397 0.752394 0.662166 0.00460629 0.749343 51 153 229
-0.0792793 0.655064 0.750324 -0.0855679 0.639461 0.764047 51 153 230
0.441944 0.475821 0.760288 0.452103 0.472846 0.75632 51 153 230
-0.589795 0.276334 0.756935 -0.580393 0.281872 0.763998 51 153 230
0.645358 0.0606686 0.761765 0.644371 0.0657671 0.76188 51 153 229
0.642379 0.119952 0.755422 0.641072 0.14408 0.753835 51 153 229
0.618306 0.206786 0.756308 0.634699 0.185292 0.750216 51 153 230
0.617505 0.211502 0.755321 0.604813 0.24819 0.756705 51 153 230
0.590075 0.271021 0.756563 0.582117 0.265426 0.768563 51 153 230
-0.555635 0.345043 0.756864 -0.602212 0.311631 0.735001 51 153 230
-0.547499 0.356945 0.757057 -0.552656 0.396742 0.732917 51 153 230
0.557649 0.340596 0.756053 0.585065 0.286673 0.758628 51 153 230
-0.503712 0.408182 0.76083 -0.516592 0.404896 0.754448 51 153 229
-0.47827 0.442476 0.75791 -0.479533 0.451547 0.752432 51 153 229
-0.440306 0.487966 0.753268 -0.455267 0.494396 0.740476 51 153 230
-0.405143 0.504498 0.762153 -0.402286 0.509359 0.760736 51 153 230
-0.147231 -0.67618 0.720014 -0.138955 -0.662413 0.736139 51 153 230
-0.0776247 -0.691235 0.716883 -0.0859847 -0.689602 0.719066 51 153 230
-0.417987 -0.547619 0.72268 -0.43109 -0.547266 0.717399 51 153 230
-0.429323 0.538757 0.722481 -0.43308 0.547052 0.716363 51 153 230
-0.682545 -0.00631283 0.731786 -0.686111 -0.0134927 0.727372 51 153 229
-0.339338 -0.622003 0.704786 -0.31893 -0.610151 0.725258 51 153 230
0.419142 -0.547106 0.721744 0.417685 -0.551983 0.721702 51 153 230
-0.341359 0.613929 0.710262 -0.312639 0.621924 0.71796 51 153 229
-0.0124709 -0.683919 0.72933 -0.018436 -0.688578 0.724928 51 153 229
-0.273044 -0.614179 0.737801 -0.282674 -0.601544 0.747155 51 153 230
-0.271198 0.620079 0.732795 -0.276162 0.622885 0.731948 51 153 229
-0.0116665 0.682051 0.731831 -0.0079218 0.67218 0.740346 51 153 230
0.0633131 0.685919 0.724238 0.0757807 0.683046 0.726433 51 153 230
0.489341 -0.489227 0.719461 0.489741 -0.488197 0.722369 51 153 230
-0.21679 -0.690403 0.693716 -0.166387 -0.653145 0.738726 51 153 230
-0.213433 0.691902 0.693966 -0.169109 0.65915 0.73275 51 153 230
0.541191 0.42675 0.721783 0.541907 0.422342 0.726611 51 153 230
0.0618174 -0.694239 0.716079 0.0593223 -0.684529 0.726568 51 153 229
0.54941 -0.414588 0.722894 0.548708 -0.419647 0.72306 51 153 230
0.135325 0.686846 0.712367 0.135236 0.6768 0.723639 51 153 230
-0.118988 0.687886 0.71504 -0.1222 0.684003 0.719171 51 153 230
0.138351 -0.680395 0.719425 0.0952973 -0.64768 0.75593 51 153 230
0.42562 0.549288 0.716101 0.423127 0.550658 0.719541 51 153 230
0.270314 0.620403 0.733282 0.277126 0.613505 0.739468 51 153 230
0.207482 0.687387 0.697161 0.168787 0.666227 0.726397 51 153 230
-0.0591236 0.695217 0.716807 -0.0669646 0.690034 0.720672 51 153 230
0.341927 0.613807 0.710391 0.315838 0.608274 0.728182 51 153 230
-0.685496 0.0587631 0.725567 -0.686092 0.0754896 0.723587 51 153 229
-0.695711 0.126083 0.706076 -0.682598 0.119881 0.720894 51 153 230
-0.542092 -0.420204 0.72521 -0.547816 -0.437674 0.712979 51 153 230
-0.689411 0.221893 0.694276 -0.663685 0.159212 0.730871 51 153 230
-0.617226 -0.330724 0.711916 -0.618704 -0.303093 0.724803 51 153 230
0.471546 0.486869 0.733002 0.48267 0.493165 0.723753 51 153 230
-0.622055 0.269294 0.733397 -0.618817 0.293998 0.728444 51 153 230
0.69139 -0.0086972 0.722289 0.691577 -0.00756706 0.722263 51 153 229
-0.609881 0.345469 0.711741 -0.601995 0.342958 0.721097 51 153 230
0.681924 0.0771163 0.726892 0.683439 0.088382 0.724637 51 153 229
0.215627 -0.689685 0.70371 0.153399 -0.619107 0.770179 51 153 230
0.678989 0.156011 0.71573 0.668083 0.149635 0.728885 51 153 229
-0.546084 0.422152 0.72082 -0.550373 0.421126 0.720932 51 153 229
-0.626828 -0.262114 0.731088 -0.616181 -0.287845 0.733121 51 153 230
0.690588 0.20967 0.693431 0.644279 0.200765 0.737969 51 153 230
0.607537 -0.346594 0.713767 0.5941 -0.33915 0.729399 51 153 229
0.629596 0.273841 0.724118 0.618856 0.268921 0.738037 51 153 230
-0.690047 -0.223748 0.695096 -0.649684 -0.160741 0.743016 51 153 230
0.274182 -0.62358 0.731408 0.301672 -0.613846 0.729512 51 153 230
-0.693845 -0.126578 0.708062 -0.683528 -0.112436 0.721213 51 153 230
-0.483865 0.479587 0.729883 -0.494326 0.486088 0.720667 51 153 230
0.602025 0.353918 0.714559 0.583891 0.344994 0.734881 51 153 230
0.631614 -0.27094 0.724343 0.623847 -0.279658 0.729799 51 153 230
-0.687108 -0.0679655 0.722828 -0.694598 -0.0775275 0.715208 51 153 229
-0.47817 -0.49175 0.725128 -0.491618 -0.496218 0.715597 51 153 230
0.346921 -0.605197 0.714645 0.357391 -0.589811 0.724151 51 153 230
0.694585 -0.214207 0.692298 0.629762 -0.19339 0.75233 51 153 230
0.676021 -0.14873 0.720044 0.660403 -0.128396 0.739852 51 153 230
0.692616 -0.0782273 0.716264 0.68249 -0.0907937 0.725234 51 153 229
0.549053 0.137696 0.823786 0.517505 0.197537 0.832567 51 153 230
-0.0753963 -0.562548 0.826732 -0.109626 -0.612764 0.782625 51 153 230
-0.00681798 -0.566418 0.827781 -0.00249288 -0.620712 0.784035 51 153 229
0.136964 -0.548626 0.823758 0.154899 -0.543465 0.825017 51 153 230
0.523082 0.204779 0.824008 0.525704 0.204461 0.825731 51 153 230
0.496239 0.267633 0.825394 0.530189 0.226778 0.81699 51 153 230
0.137488 -0.54858 0.823716 0.173453 -0.498672 0.849259 51 153 230
0.0704782 -0.555665 0.831631 0.0964059 -0.617335 0.780771 51 153 229
0.137023 0.548959 0.823482 0.172932 0.501145 0.847908 51 153 230
0.206744 -0.531496 0.81937 0.199156 -0.525603 0.82709 51 153 230
0.134059 0.54917 0.823756 0.15031 0.548354 0.822627 51 153 230
-0.276736 0.493393 0.825139 -0.238694 0.539067 0.807732 51 153 230
-0.135923 -0.548639 0.823719 -0.168024 -0.547142 0.820002 51 153 230
0.268571 -0.494347 0.827496 0.226594 -0.523321 0.821456 51 153 230
0.202628 0.522094 0.82561 0.195817 0.52845 0.826073 51 153 230
-0.00411427 0.569824 0.821875 -0.00456861 0.605363 0.795937 51 153 229
-0.210134 0.519923 0.824873 -0.203683 0.529996 0.823175 51 153 230
-0.570818 0.00268183 0.822014 -0.597105 0.0240347 0.801803 51 153 230
0.0741536 0.554593 0.831214 0.083753 0.610249 0.78777 51 153 229
0.298732 -0.480667 0.824944 0.319989 -0.482977 0.815071 51 153 230
-0.548534 -0.1459 0.824285 -0.562029 -0.189095 0.805212 51 153 230
0.341406 -0.450357 0.82446 0.335281 -0.451089 0.827107 51 153 230
-0.561336 0.0765775 0.824423 -0.604181 0.0887 0.791895 51 153 230
-0.548379 -0.139922 0.826117 -0.617272 -0.130261 0.775891 51 153 230
0.391003 -0.410329 0.824874 0.364246 -0.417147 0.832655 51 153 230
0.411274 -0.390045 0.824713 0.420105 -0.362372 0.831984 51 153 230
0.449578 -0.340074 0.825276 0.451931 -0.34621 0.82213 51 153 230
0.485765 -0.291848 0.825926 0.471339 -0.334333 0.816125 51 153 230
0.498732 -0.26857 0.825756 0.544719 -0.219778 0.809308 51 153 230
0.518926 -0.192903 0.830491 0.529373 -0.186943 0.827536 51 153 230
-0.13729 0.54884 0.823706 -0.190637 0.556152 0.808921 51 153 229
0.548965 -0.136694 0.823825 0.505258 -0.166861 0.846683 51 153 230
0.549959 -0.133073 0.823763 0.545772 -0.170584 0.820386 51 153 230
0.565127 -0.0648433 0.827913 0.621799 -0.0878109 0.778239 51 153 230
0.560068 -0.000248924 0.832285 0.607811 0.019134 0.793851 51 153 230
-0.54845 0.137977 0.823924 -0.604482 0.119608 0.787588 51 153 230
-0.56235 -0.0722856 0.827255 -0.616621 -0.0710691 0.784046 51 153 230
-0.136896 0.548869 0.823791 -0.136419 0.618897 0.773535 51 153 229
-0.0733629 0.560606 0.828122 -0.0895656 0.637471 0.765251 51 153 229
-0.548298 0.138867 0.823799 -0.549106 0.179827 0.816177 51 153 230
-0.272477 -0.495461 0.82663 -0.236181 -0.549099 0.801691 51 153 230
0.272712 0.495726 0.825305 0.239094 0.552647 0.798383 51 153 230
-0.295427 -0.480939 0.827154 -0.323215 -0.468029 0.822485 51 153 230
0.41297 0.388468 0.825183 0.444055 0.351225 0.824291 51 153 230
-0.339755 -0.45179 0.824803 -0.345757 -0.449852 0.823459 51 153 230
0.390694 0.409456 0.826482 0.360593 0.41775 0.833941 51 153 230
-0.515662 0.206212 0.829717 -0.512517 0.1837 0.838797 51 153 230
-0.390718 -0.405054 0.827801 -0.359434 -0.406474 0.839992 51 153 230
0.483547 0.294041 0.823715 0.481839 0.315185 0.817612 51 153 230
0.442877 0.333075 0.83134 0.455495 0.319837 0.8308 51 153 230
-0.495158 0.277268 0.825544 -0.54891 0.238434 0.801153 51 153 230
-0.419356 -0.387117 0.822586 -0.45054 -0.370827 0.812096 51 153 230
0.339074 0.450057 0.825987 0.333602 0.456176 0.824993 51 153 230
-0.481068 0.298945 0.825999 -0.493046 0.332841 0.803817 51 153 230
-0.44652 -0.330093 0.832128 -0.440628 -0.333768 0.833334 51 153 230
0.29723 0.479415 0.826435 0.316524 0.473478 0.821968 51 153 230
-0.483092 -0.298799 0.82486 -0.488279 -0.326206 0.809428 51 153 230
-0.449371 0.340394 0.825464 -0.443547 0.357927 0.821678 51 153 230
-0.488942 -0.279582 0.829749 -0.558877 -0.240765 0.793529 51 153 230
0.566886 0.0591934 0.823577 0.602046 0.0901404 0.793357 51 153 230
-0.407281 0.394618 0.823473 -0.416719 0.373857 0.828599 51 153 230
0.549281 0.137255 0.823744 0.593106 0.152815 0.790489 51 153 230
-0.199857 -0.525006 0.825273 -0.190425 -0.530736 0.825868 51 153 230
-0.38672 0.419723 0.821221 -0.369354 0.43799 0.819599 51 153 230
-0.13647 -0.548552 0.823668 -0.16505 -0.511816 0.843091 51 153 230
-0.336816 0.450914 0.825595 -0.338737 0.44598 0.828468 51 153 230
-0.295571 0.481881 0.825013 -0.312905 0.471704 0.82437 51 153 230
-0.515031 -0.201307 0.832067 -0.523518 -0.196193 0.829118 51 153 230
-0.347009 -0.550531 0.760666 -0.293581 -0.547307 0.783751 51 153 230
-0.208149 -0.618032 0.757674 -0.177589 -0.576357 0.797669 51 153 230
-0.290934 -0.519818 0.802549 -0.277651 -0.555315 0.783923 51 153 230
-0.134121 -0.610812 0.777987 -0.138343 -0.61064 0.779731 51 153 230
-0.614197 -0.0111643 0.788892 -0.620926 -0.00500621 0.783853 51 153 229
-0.219093 -0.557655 0.797666 -0.221421 -0.566909 0.793465 51 153 230
-0.616849 0.0577186 0.783544 -0.609662 0.0776596 0.788848 51 153 229
-0.276639 0.525642 0.802367 -0.258138 0.546912 0.7964 51 153 230
0.56953 0.194931 0.794628 0.567181 0.221658 0.793205 51 153 230
0.0194911 -0.620869 0.782955 0.0304552 -0.633174 0.77341 51 153 229
0.137488 -0.548581 0.823715 0.17377 -0.576291 0.798557 51 153 230
-0.205262 0.570652 0.79143 -0.2063 0.566598 0.797751 51 153 230
0.00940079 0.615477 0.787019 0.00579729 0.615401 0.788193 51 153 230
-0.612178 0.133771 0.77676 -0.592798 0.133065 0.794282 51 153 230
-0.13647 -0.548552 0.823668 -0.178734 -0.574446 0.79879 51 153 230
-0.346333 0.551297 0.761391 -0.285696 0.532173 0.796975 51 153 229
0.530461 0.284336 0.795464 0.552555 0.267937 0.789235 51 153 230
-0.618111 0.206338 0.76082 -0.56824 0.179206 0.803112 51 153 230
-0.0495488 -0.619817 0.782769 -0.0589558 -0.633221 0.771722 51 153 230
-0.549993 0.208627 0.806249 -0.560687 0.194664 0.804821 51 153 230
0.137024 0.548968 0.823476 0.190798 0.580948 0.791262 51 153 230
0.201325 -0.563422 0.799094 0.18959 -0.561621 0.805381 51 153 230
-0.545832 0.272485 0.790205 -0.553834 0.27606 0.785531 51 153 230
0.0596196 0.629606 0.773546 0.0765702 0.621165 0.77993 51 153 230
-0.205119 0.617547 0.758791 -0.161626 0.583286 0.796024 51 153 230
-0.552316 -0.348226 0.759693 -0.540334 -0.29815 0.786858 51 153 230
0.0682851 -0.621103 0.779125 0.09788 -0.628441 0.771675 51 153 229
0.266682 -0.534745 0.799728 0.273395 -0.548594 0.790126 51 153 230
-0.549455 0.344843 0.76149 -0.539071 0.293824 0.789347 51 153 230
-0.532216 -0.28128 0.797226 -0.568035 -0.266995 0.778493 51 153 230
0.140032 -0.601897 0.783116 0.136025 -0.602712 0.786279 51 153 230
0.130788 0.603437 0.783387 0.145867 0.598554 0.78769 51 153 230
0.34109 -0.550133 0.761697 0.297997 -0.540851 0.786561 51 153 230
0.214469 0.566308 0.79192 0.21219 0.566648 0.796169 51 153 230
-0.617288 -0.208896 0.759136 -0.593325 -0.176235 0.785434 51 153 230
0.347516 -0.499839 0.792024 0.339504 -0.511736 0.789217 51 153 230
0.212815 -0.61869 0.758695 0.146755 -0.564016 0.812618 51 153 230
-0.557634 -0.220651 0.797779 -0.563511 -0.234104 0.792244 51 153 230
0.292718 0.521363 0.799895 0.276315 0.551692 0.786947 51 153 230
-0.616151 -0.129094 0.775236 -0.616914 -0.131569 0.775956 51 153 230
0.402056 -0.466556 0.787911 0.382537 -0.47557 0.792148 51 153 230
0.208271 0.618059 0.757995 0.158156 0.578482 0.800216 51 153 230
-0.130766 0.609686 0.778743 -0.138419 0.599763 0.788115 51 153 230
-0.621077 -0.06636 0.780172 -0.626885 -0.0858453 0.774368 51 153 229
0.415693 0.415812 0.810865 0.446101 0.437206 0.780925 51 153 230
0.423471 -0.422699 0.802338 0.441455 -0.437173 0.78358 51 153 230
0.494344 0.351058 0.792812 0.501251 0.343339 0.79427 51 153 230
-0.398737 -0.47244 0.786347 -0.382828 -0.473415 0.793297 51 153 230
-0.0609844 0.613782 0.785212 -0.0747133 0.62283 0.778781 51 153 230
0.552469 0.343101 0.758823 0.514917 0.316295 0.796754 51 153 230
0.467018 -0.400909 0.787921 0.476452 -0.380885 0.792414 51 153 230
0.472691 0.405814 0.781687 0.486926 0.38042 0.786246 51 153 230
-0.46567 -0.418264 0.779679 -0.474988 -0.408976 0.779183 51 153 229
0.348052 0.550162 0.759923 0.294421 0.542372 0.78686 51 153 230
0.349032 0.502534 0.789992 0.351133 0.50482 0.788583 51 153 230
-0.411734 -0.415095 0.813149 -0.430069 -0.438326 0.789247 51 153 230
0.502782 -0.345512 0.791152 0.502923 -0.356537 0.787369 51 153 230
0.396214 0.46896 0.789479 0.382004 0.482049 0.788481 51 153 230
0.551338 -0.343266 0.760347 0.522246 -0.334594 0.784414 51 153 230
-0.348211 -0.504133 0.789989 -0.354063 -0.501922 0.789122 51 153 230
-0.501229 0.346886 0.791746 -0.508139 0.344492 0.78938 51 153 230
0.526441 -0.294496 0.796726 0.56008 -0.279733 0.779782 51 153 230
0.616461 -0.00154563 0.787265 0.630542 0.00180379 0.776153 51 153 229
-0.485801 -0.354093 0.798693 -0.483096 -0.371138 0.793016 51 153 230
-0.470001 0.400673 0.785916 -0.466597 0.387598 0.795019 51 153 230
0.623017 0.0807475 0.777665 0.612421 0.0926987 0.785078 51 153 229
0.602875 0.148112 0.781033 0.597813 0.155456 0.786418 51 153 230
0.561962 -0.21709 0.79498 0.567364 -0.216484 0.794501 51 153 230
-0.420162 0.419895 0.804522 -0.436224 0.433118 0.788744 51 153 230
0.618306 0.206786 0.756308 0.577924 0.188672 0.793982 51 153 230
0.549324 -0.136897 0.823538 0.569678 -0.193454 0.798776 51 153 230
-0.406576 0.468186 0.783834 -0.398526 0.465542 0.79022 51 153 230
-0.344311 0.502249 0.792288 -0.344614 0.492882 0.798942 51 153 230
0.618726 -0.208553 0.757236 0.563368 -0.185192 0.805184 51 153 230
0.595854 -0.147613 0.786731 0.595965 -0.164546 0.785971 51 153 230
0.62363 -0.0800597 0.77691 0.636527 -0.092747 0.765657 51 153 229
-0.00823396 -0.449896 0.893502 -0.012949 -0.44245 0.8967 51 153 230
-0.182496 0.410718 0.894513 -0.153815 0.418673 0.895016 51 153 230
-0.13362 0.431418 0.893076 -0.137145 0.485938 0.863166 51 153 230
-0.0761887 0.437892 0.896298 -0.0661182 0.439306 0.895901 51 153 230
0.453399 0.0005381 0.891599 0.453314 0.00145282 0.89135 51 153 230
0.00367769 0.448896 0.894528 0.00153985 0.445071 0.895494 51 153 230
0.441802 0.0676351 0.894258 0.454245 0.074612 0.887747 51 153 230
0.427189 0.132217 0.895438 0.467659 0.118311 0.875955 51 153 230
0.0660712 -0.44564 0.891964 0.0711851 -0.443206 0.893589 51 153 230
0.414161 0.170245 0.894173 0.423983 0.179478 0.887708 51 153 230
-0.447535 0.011849 0.895582 -0.43857 0.019021 0.898496 51 153 230
0.399561 0.204454 0.893631 0.389302 0.227549 0.892561 51 153 230
0.135996 -0.426845 0.894836 0.111145 -0.459336 0.881281 51 153 230
-0.447348 0.0785119 0.891158 -0.458855 0.0938075 0.883545 51 153 230
0.35346 0.269007 0.896786 0.391383 0.243759 0.887356 51 153 230
-0.427049 0.136398 0.894479 -0.479696 0.146007 0.865201 51 153 230
-0.270428 -0.355082 0.896068 -0.253793 -0.373254 0.89234 51 153 230
0.179102 -0.412545 0.893777 0.168465 -0.410256 0.896275 51 153 230
-0.411007 0.18078 0.894048 -0.417211 0.148748 0.896554 51 153 230
-0.287993 -0.342493 0.895543 -0.320685 -0.338623 0.884588 51 153 230
0.200262 0.407608 0.894492 0.232803 0.361772 0.902731 51 153 229
0.205844 -0.401808 0.893594 0.230816 -0.364159 0.902282 51 153 229
-0.408095 0.199298 0.893635 -0.326984 0.186104 0.926524 51 153 230
-0.340032 -0.288903 0.895712 -0.337488 -0.316835 0.886407 51 153 229
0.270332 -0.353436 0.895718 0.25246 -0.36937 0.894332 51 153 230
0.186362 0.410753 0.894681 0.1543 0.419257 0.894659 51 153 230
-0.356107 -0.272607 0.894958 -0.392638 -0.288599 0.873239 51 153 229
-0.352351 0.28009 0.894571 -0.400223 0.298813 0.866333 51 153 230
0.275509 0.355222 0.894973 0.294866 0.403124 0.86634 51 153 230
0.28854 -0.342305 0.89425 0.313145 -0.363118 0.877545 51 153 230
0.343548 -0.284081 0.89754 0.340578 -0.340895 0.87624 51 153 229
-0.144991 -0.427768 0.894359 -0.130946 -0.475096 0.870136 51 153 230
0.0870478 0.445486 0.891192 0.0829671 0.453562 0.887354 51 153 230
-0.18425 -0.412402 0.89401 -0.167405 -0.400567 0.900845 51 153 230
0.139532 0.427288 0.89443 0.1382 0.48207 0.865165 51 153 230
-0.0831033 -0.441166 0.893527 -0.0719439 -0.447481 0.891395 51 153 230
0.348357 -0.276365 0.898147 0.397879 -0.247425 0.883444 51 153 229
0.346309 0.288361 0.893774 0.382915 0.327922 0.863622 51 153 230
-0.338991 0.288168 0.897191 -0.297913 0.317083 0.900392 51 153 230
0.403209 -0.198268 0.894671 0.357895 -0.195896 0.912982 51 153 230
-0.201355 -0.404949 0.894461 -0.199027 -0.33232 0.921928 51 153 230
0.293248 0.33912 0.894712 0.319932 0.345967 0.882015 51 153 230
-0.286483 0.343588 0.894365 -0.308087 0.346795 0.885898 51 153 230
0.414759 -0.175123 0.89384 0.427022 -0.175432 0.88706 51 153 230
-0.278302 0.35181 0.893988 -0.286549 0.392261 0.874083 51 153 230
-0.411909 -0.190178 0.894359 -0.39737 -0.157289 0.904078 51 153 230
0.430087 -0.134673 0.89428 0.474883 -0.116252 0.872337 51 153 230
-0.425694 -0.143993 0.895647 -0.471079 -0.134808 0.871729 51 153 230
-0.198443 0.408233 0.894216 -0.244036 0.361147 0.900011 51 153 230
0.43333 -0.0605756 0.899571 0.43533 -0.0554094 0.898564 51 153 230
-0.410564 -0.19793 0.894073 -0.314402 -0.203089 0.927311 51 153 230
-0.448321 -0.0762741 0.892297 -0.45918 -0.0816944 0.884579 51 153 230
-0.0728188 -0.555208 0.83188 -0.0983939 -0.497289 0.861988 51 153 230
-0.00536181 -0.559387 0.832572 0.003332 -0.49321 0.869904 51 153 229
0.0704801 -0.55567 0.831627 0.0969069 -0.492175 0.865086 51 153 229
-0.287909 0.407953 0.864359 -0.304965 0.40828 0.860409 51 153 230
-0.547944 -0.139868 0.826436 -0.4977 -0.131673 0.857296 51 153 230
-0.198443 0.408233 0.894216 -0.241532 0.459654 0.854623 51 153 230
-0.556188 -0.0699936 0.831581 -0.510826 -0.068969 0.856913 51 153 230
-0.271086 0.481535 0.833445 -0.243914 0.466309 0.85033 51 153 230
0.0055667 0.54884 0.836286 0.0117776 0.52524 0.850873 51 153 229
-0.194631 0.468612 0.859681 -0.185739 0.500074 0.845829 51 153 230
0.478305 0.00112223 0.878422 0.483031 -0.0132254 0.875503 51 153 230
-0.547045 0.00489685 0.838286 -0.52253 0.0195444 0.852397 51 153 230
-0.154515 0.491873 0.854157 -0.156182 0.499576 0.852075 51 153 230
0.485151 0.0453754 0.872849 0.484044 0.0755789 0.871774 51 153 230
0.549139 9.59911e-05 0.83877 0.492437 0.00408566 0.870338 51 153 230
-0.136896 0.548869 0.823791 -0.138665 0.489486 0.860916 51 153 229
0.550238 0.0701418 0.83366 0.501768 0.0988655 0.859334 51 153 230
0.0741541 0.554596 0.831213 0.0853497 0.506414 0.858056 51 153 229
0.487275 0.1332 0.860402 0.491318 0.147767 0.858354 51 153 230
-0.073152 0.475804 0.875572 -0.100901 0.488441 0.866744 51 153 230
0.54927 0.137255 0.823751 0.497823 0.133972 0.856869 51 153 230
-0.00390975 0.484065 0.875693 -0.0176109 0.498138 0.866919 51 153 230
-0.0728461 0.560224 0.828439 -0.0665612 0.503738 0.861288 51 153 229
-0.268522 -0.479219 0.837283 -0.234398 -0.46287 0.854874 51 153 230
-0.337865 -0.408918 0.847394 -0.330639 -0.395525 0.856877 51 153 230
-0.297951 -0.406917 0.862736 -0.300525 -0.40777 0.862211 51 153 230
-0.404044 -0.350935 0.84491 -0.382914 -0.336645 0.86026 51 153 230
-0.48457 -0.278866 0.832516 -0.452991 -0.249221 0.855972 51 153 230
-0.404721 -0.297975 0.86376 -0.399546 -0.305587 0.86428 51 153 230
0.0120285 -0.471719 0.88167 0.0158697 -0.482798 0.875588 51 153 230
-0.347059 -0.350394 0.868788 -0.352105 -0.353667 0.866569 51 153 230
-0.188035 -0.477222 0.856875 -0.177124 -0.4977 0.849071 51 153 230
0.0647618 -0.489209 0.868855 0.0696469 -0.48234 0.873211 51 153 230
-0.131021 -0.484177 0.863539 -0.137674 -0.494428 0.858246 51 153 230
-0.206748 -0.41299 0.889103 -0.246286 -0.439768 0.863682 51 153 230
0.129388 -0.479808 0.865538 0.145985 -0.489234 0.859848 51 153 230
-0.0542667 -0.484152 0.872848 -0.0610285 -0.482521 0.873755 51 153 230
0.212832 -0.470464 0.854175 0.19673 -0.480322 0.854744 51 153 230
-0.467903 -0.196137 0.861519 -0.496431 -0.182498 0.848676 51 153 230
-0.41159 -0.198204 0.893514 -0.432012 -0.259509 0.863725 51 153 230
0.276795 -0.479082 0.834112 0.244174 -0.431838 0.868271 51 153 230
-0.492828 -0.141696 0.857704 -0.493211 -0.147086 0.857385 51 153 230
0.412903 0.198673 0.888976 0.451677 0.239055 0.859558 51 153 230
0.201669 -0.411648 0.890331 0.243829 -0.46411 0.851557 51 153 229
-0.476158 -0.0721117 0.877775 -0.492497 -0.0900129 0.865647 51 153 230
0.280518 -0.410811 0.865683 0.285323 -0.416169 0.863362 51 153 230
-0.480942 -0.0132053 0.877828 -0.495679 -0.00687347 0.868478 51 153 230
0.411751 0.278149 0.865429 0.423007 0.279921 0.861806 51 153 230
0.463883 0.216957 0.856355 0.475891 0.205404 0.855182 51 153 230
0.338809 -0.405987 0.848102 0.319491 -0.397305 0.860276 51 153 230
0.48195 0.273501 0.832252 0.439821 0.25271 0.861797 51 153 230
0.355905 -0.354878 0.863171 0.348237 -0.362706 0.864393 51 153 230
0.406062 -0.337126 0.848775 0.398367 -0.333347 0.854508 51 153 230
0.199013 0.409872 0.893813 0.246937 0.49693 0.831915 51 153 229
0.405043 -0.298549 0.863311 0.41118 -0.29953 0.860937 51 153 230
0.28045 0.413591 0.865057 0.286005 0.425901 0.858376 51 153 230
0.480488 -0.274688 0.835131 0.437463 -0.251126 0.863459 51 153 230
0.412545 -0.205179 0.888415 0.431706 -0.245647 0.867921 51 153 230
0.0529394 0.482553 0.874284 0.0646705 0.492917 0.867669 51 153 230
0.473677 -0.213003 0.853556 0.48751 -0.183305 0.853659 51 153 230
0.491675 -0.147406 0.855869 0.49244 -0.148268 0.857624 51 153 230
0.127436 0.484565 0.863238 0.145574 0.496368 0.855819 51 153 230
0.474725 -0.0622334 0.876976 0.481381 -0.0766428 0.873154 51 153 230
0.564145 -0.0653439 0.828615 0.481288 -0.10111 0.870711 51 153 230
0.201299 0.467845 0.858202 0.198133 0.488086 0.850009 51 153 230
0.27056 0.481784 0.834363 0.220187 0.46168 0.859284 51 153 230
-0.553431 0.0647604 0.831141 -0.522684 0.0803394 0.848732 51 153 230
0.355612 0.357976 0.862401 0.356977 0.349195 0.866389 51 153 230
-0.54845 0.137977 0.823924 -0.50279 0.120441 0.855977 51 153 230
0.405881 0.342229 0.846864 0.3962 0.310808 0.863959 51 153 230
0.337988 0.407755 0.848249 0.316316 0.397448 0.861382 51 153 230
-0.487717 0.056218 0.870862 -0.499956 0.0833014 0.862035 51 153 230
-0.48499 0.142902 0.860183 -0.494705 0.14541 0.856809 51 153 230
-0.46711 0.197109 0.860252 -0.49083 0.174442 0.853614 51 153 230
-0.408391 0.199356 0.893479 -0.43877 0.248151 0.863656 51 153 230
-0.480889 0.276375 0.83408 -0.457993 0.23659 0.856894 51 153 230
-0.418767 0.303712 0.854954 -0.408335 0.304015 0.860719 51 153 230
-0.396359 0.349911 0.847663 -0.386267 0.348808 0.853892 51 153 230
-0.345375 0.331669 0.876743 -0.349935 0.36293 0.863613 51 153 230
-0.357396 0.398432 0.843476 -0.336829 0.38673 0.858479 51 153 230
0.274531 6.76355e-05 0.960923 0.213369 0.000398679 0.976972 51 153 230
0.000995833 -0.273481 0.960827 -0.0192974 -0.211952 0.97709 51 153 230
0.268975 0.0712941 0.962193 0.208038 0.0573762 0.976436 51 153 230
-0.137158 -0.244702 0.959237 -0.143879 -0.263417 0.953892 51 153 230
-0.27574 -0.0104087 0.960123 -0.32117 -0.00593647 0.947003 51 153 230
-0.274095 8.74685e-05 0.961024 -0.336437 0.013565 0.941608 51 153 230
0.239951 0.136274 0.960547 0.250314 0.141074 0.957831 51 153 230
-0.0655469 -0.27078 0.961708 -0.0527948 -0.201275 0.978111 51 153 230
0.0723872 -0.267132 0.965015 0.070359 -0.19629 0.978018 51 153 230
-0.180515 -0.205506 0.962563 -0.153803 -0.205345 0.966529 51 153 230
-0.000125597 0.279543 0.963277 0.00289153 0.187374 0.982284 51 153 230
-0.206051 -0.182019 0.962162 -0.20196 -0.155603 0.966954 51 153 230
0.137561 -0.239266 0.960391 0.154669 -0.234439 0.959748 51 153 230
-0.242593 -0.145066 0.958895 -0.260431 -0.146885 0.954254 51 153 230
0.0688799 0.263429 0.962618 0.0923705 0.227902 0.969293 51 153 230
0.178672 -0.209382 0.961352 0.163053 -0.212236 0.963519 51 153 229
0.138915 0.230347 0.962776 0.138712 0.264468 0.954367 51 153 230
0.208551 -0.17831 0.961902 0.211186 -0.166437 0.963171 51 153 229
-0.266322 -0.0638909 0.963627 -0.214603 -0.0661385 0.97446 51 153 229
-0.272615 0.0218238 0.960776 -0.283942 0.000291236 0.958842 51 153 230
0.240144 -0.133483 0.96105 0.252216 -0.147473 0.956367 51 153 229
0.208085 0.179185 0.961879 0.2019 0.162864 0.96577 51 153 230
0.175664 0.213423 0.960955 0.159857 0.223288 0.961555 51 153 230
0.270894 -0.0712961 0.961832 0.199619 -0.0373503 0.979161 51 153 230
-0.27187 0.0646406 0.963279 -0.212376 0.0798217 0.973922 51 153 229
-0.236713 0.149858 0.959736 -0.262748 0.154094 0.95248 51 153 230
-0.204914 0.177395 0.963442 -0.218458 0.164764 0.961836 51 153 230
-0.179966 0.202866 0.963271 -0.16968 0.230417 0.958184 51 153 230
-0.14068 0.240004 0.960044 -0.158553 0.271858 0.949186 51 153 230
-0.0659463 0.272906 0.96182 -0.0732307 0.195661 0.977934 51 153 230
-0.151182 -0.285303 0.94461 -0.158447 -0.309929 0.937464 51 153 230
-0.0655469 -0.27078 0.961708 -0.0895781 -0.335814 0.937659 51 153 230
-0.133096 0.282854 0.947996 -0.148031 0.322107 0.935058 51 153 230
0.000995833 -0.273481 0.960827 -0.0185597 -0.344437 0.938626 51 153 230
-0.28183 -0.138191 0.947936 -0.308667 -0.157015 0.938121 51 153 229
-0.266322 -0.0638909 0.963627 -0.343439 -0.0777889 0.935948 51 153 229
-0.00291572 -0.421897 0.905906 0.00860572 -0.383636 0.923444 51 153 230
0.0827649 -0.399837 0.91108 0.0608255 -0.375019 0.925019 51 153 230
0.142659 -0.414363 0.899811 0.119486 -0.356127 0.926767 51 153 230
-0.27847 -0.342646 0.898777 -0.222491 -0.278129 0.934421 51 153 230
0.0100103 -0.349111 0.933898 -0.00123036 -0.354611 0.935013 51 153 230
0.0694336 -0.339924 0.935791 0.0650117 -0.371019 0.926347 51 153 230
0.130151 -0.349505 0.925308 0.141274 -0.343938 0.928304 51 153 230
0.0725378 -0.266626 0.965151 0.0627725 -0.354518 0.93294 51 153 230
-0.342746 -0.27348 0.899716 -0.293951 -0.220334 0.930078 51 153 229
-0.0658795 0.273248 0.961721 -0.114324 0.344829 0.931677 51 153 230
0.137698 -0.283734 0.947481 0.17901 -0.30906 0.934044 51 153 230
-0.281525 -0.28103 0.915467 -0.260817 -0.259346 0.9299 51 153 230
-0.150157 0.348684 0.922547 -0.130814 0.333001 0.933808 51 153 230
0.212581 -0.339021 0.913866 0.192838 -0.313846 0.929685 51 153 230
-0.135218 -0.411265 0.902718 -0.10159 -0.355823 0.929015 51 153 230
-0.0693387 0.320195 0.942621 -0.0853853 0.355674 0.930701 51 153 230
-0.406262 -0.00607636 0.91362 -0.356524 0.00203697 0.934284 51 153 230
0.275876 -0.342085 0.898602 0.227121 -0.293445 0.928604 51 153 230
-0.0632088 -0.401453 0.912519 -0.0449137 -0.367264 0.929032 51 153 230
-0.000325379 0.279073 0.963418 0.00451772 0.361426 0.93239 51 153 230
0.201471 -0.2527 0.944332 0.220189 -0.281625 0.933919 51 153 229
-0.4078 0.0571237 0.910197 -0.358692 0.0703121 0.930804 51 153 230
0.274542 5.65548e-05 0.96092 0.340896 0.00220819 0.940098 51 153 230
0.000602806 0.365372 0.92921 -0.000657995 0.357745 0.933819 51 153 230
0.283077 -0.298876 0.909843 0.241588 -0.272291 0.931393 51 153 229
-0.133844 0.415231 0.900745 -0.108204 0.356862 0.927869 51 153 230
-0.213626 -0.338982 0.914295 -0.197149 -0.306341 0.931283 51 153 230
0.268975 0.0712942 0.962193 0.351379 0.0474878 0.935028 51 153 230
-0.0566262 0.404229 0.912017 -0.0714992 0.362115 0.929387 51 153 230
0.00324923 0.414688 0.910736 0.00129518 0.383443 0.923564 51 153 230
0.342573 -0.278404 0.899819 0.27596 -0.22346 0.934832 51 153 229
0.283877 0.120179 0.949935 0.316399 0.150845 0.936556 51 153 230
-0.139962 -0.341857 0.926924 -0.136235 -0.332523 0.933203 51 153 230
0.0669011 0.273768 0.960149 0.102762 0.326898 0.939456 51 153 230
-0.189624 -0.25359 0.947386 -0.209012 -0.289609 0.934045 51 153 230
0.136956 0.280488 0.947909 0.151453 0.304398 0.940427 51 153 230
-0.417582 0.132151 0.899371 -0.358926 0.106411 0.92728 51 153 230
0.211617 -0.208715 0.95518 0.246757 -0.244938 0.937612 51 153 229
-0.0684383 -0.341691 0.934374 -0.0542614 -0.34657 0.936453 51 153 230
0.209416 0.207189 0.956359 0.245109 0.233983 0.940837 51 153 230
-0.33341 0.00936779 0.939677 -0.339519 0.0162593 0.940459 51 153 230
0.26685 -0.202688 0.939895 0.28282 -0.210449 0.935801 51 153 229
0.263988 0.192848 0.943061 0.294403 0.202226 0.93404 51 153 230
-0.322142 0.0709345 0.941047 -0.35651 0.0737461 0.931377 51 153 230
0.214282 0.253746 0.941722 0.219837 0.277216 0.93532 51 153 230
0.283574 -0.133388 0.948099 0.314862 -0.155603 0.936296 51 153 229
-0.271881 0.064636 0.963277 -0.397566 0.0590211 0.915673 51 153 229
0.276975 0.285542 0.915808 0.261126 0.253941 0.931304 51 153 230
-0.409326 -0.131229 0.904447 -0.35317 -0.102401 0.929938 51 153 230
-0.351576 0.147997 0.921332 -0.337229 0.127587 0.932737 51 153 230
0.346601 0.00017649 0.934789 0.351881 0.00279689 0.936041 51 153 230
-0.335713 -0.202594 0.9179 -0.302461 -0.197259 0.932527 51 153 230
-0.284697 0.12331 0.948989 -0.33164 0.148325 0.931673 51 153 230
0.270894 -0.0712961 0.961832 0.341498 -0.0667944 0.937506 51 153 230
0.334579 0.0866457 0.935897 0.351527 0.0763975 0.933055 51 153 230
0.420315 0.000851796 0.907053 0.375947 0.00734419 0.926612 51 153 230
0.402086 0.0806926 0.910888 0.36209 0.0630851 0.930006 51 153 230
0.355076 0.145337 0.921104 0.332464 0.149683 0.931162 51 153 230
0.415422 0.14027 0.899904 0.352846 0.125498 0.927227 51 153 230
-0.254648 -0.190771 0.946881 -0.291562 -0.209026 0.933434 51 153 230
0.347465 0.218328 0.91022 0.31304 0.19598 0.9293 51 153 230
0.337899 0.279177 0.899955 0.280747 0.245603 0.927825 51 153 230
-0.344529 -0.139732 0.92631 -0.330608 -0.128447 0.934987 51 153 230
-0.358321 0.197103 0.911003 -0.318019 0.17294 0.932178 51 153 230
0.357509 -0.213022 0.908307 0.318646 -0.177997 0.931011 51 153 230
-0.271958 0.192809 0.940664 -0.29665 0.196133 0.934629 51 153 230
-0.342469 0.273674 0.900216 -0.299293 0.214406 0.92976 51 153 230
-0.281436 0.281088 0.915629 -0.255197 0.266064 0.929561 51 153 230
0.354616 -0.148353 0.921015 0.328471 -0.14837 0.932788 51 153 230
-0.213885 0.210119 0.954256 -0.248976 0.250091 0.935663 51 153 230
0.417249 -0.144875 0.899242 0.351299 -0.124546 0.927943 51 153 230
-0.193867 0.270115 0.940778 -0.201737 0.295124 0.933918 51 153 230
0.0700949 0.323288 0.941656 0.0834233 0.346924 0.934176 51 153 230
0.139173 0.361697 0.920086 0.125115 0.334151 0.934179 51 153 230
0.0608663 0.40467 0.911668 0.0686065 0.37184 0.925758 51 153 230
0.333251 -0.0850188 0.936736 0.348891 -0.0804981 0.9337 51 153 230
0.135165 0.415628 0.900415 0.101949 0.371945 0.922639 51 153 230
0.400951 -0.078599 0.912022 0.355881 -0.0625214 0.932438 51 153 230
-0.270407 0.34251 0.899465 -0.224739 0.300864 0.926808 51 153 230
0.203852 0.33573 0.917898 0.188004 0.30415 0.933888 51 153 230
0.271846 0.346199 0.899344 0.221922 0.296488 0.928895 51 153 230
-0.423239 -0.0604213 0.905317 -0.379524 -0.0519572 0.923722 51 153 230
-0.197845 0.357047 0.911425 -0.187456 0.311983 0.931411 51 153 230
-0.356123 -0.0595793 0.930049 -0.342759 -0.0533587 0.937907 51 153 230
-0.212606 -0.213455 0.954033 -0.248977 -0.25069 0.935503 51 153 230
-0.128155 -0.210637 0.968508 -0.0997922 -0.185235 0.977614 51 153 230
-0.273813 4.98401e-05 0.961105 -0.217283 0.0013131 0.976108 51 153 230
0.00308746 -0.00186978 1.0001 -2.85786e-05 0.00471055 0.999989 51 153 230
-0.233382 -0.00690983 0.970096 -0.199333 0.00133833 0.979931 51 153 230
-0.0585997 -0.19442 0.976996 -0.0471903 -0.189232 0.980798 51 153 230
0.0586185 0.00853357 0.998373 0.0669639 0.00896862 0.997715 51 153 230
-0.211388 -0.127822 0.968463 -0.182043 -0.106395 0.977518 51 153 230
-0.198483 0.0492287 0.976796 -0.180664 0.0295762 0.9831 51 153 230
0.0140997 -0.214024 0.974748 -0.00578748 -0.190871 0.981598 51 153 230
-0.14218 -0.143941 0.977761 -0.130464 -0.133322 0.982448 51 153 230
0.0216149 0.0684626 0.996572 0.0212726 0.0870252 0.995979 51 153 230
-0.142628 -0.00438953 0.987813 -0.15198 -0.00151392 0.988382 51 153 230
-0.0664649 -0.137252 0.987491 -0.071525 -0.146477 0.986625 51 153 230
-0.127763 0.0774309 0.987396 -0.134113 0.0669534 0.988702 51 153 230
-0.000273585 -0.134561 0.989442 8.23214e-05 -0.14498 0.989435 51 153 230
0.0778323 -0.192414 0.976721 0.0682685 -0.174342 0.982316 51 153 230
-0.183907 -0.0633473 0.978968 -0.177275 -0.0550925 0.982618 51 153 230
0.135678 -0.206098 0.968535 0.116711 -0.189435 0.974932 51 153 230
-0.134639 -0.0650885 0.987632 -0.13939 -0.0715875 0.987647 51 153 230
-0.1957 0.126125 0.97206 -0.176938 0.0975559 0.979375 51 153 230
0.066318 -0.135385 0.987885 0.0690208 -0.136113 0.988286 51 153 230
-0.0763216 -0.0767542 0.99318 -0.0856673 -0.0775911 0.993298 51 153 230
0.13549 -0.152664 0.977467 0.127671 -0.131693 0.983035 51 153 230
-0.149228 0.161172 0.975041 -0.121121 0.145287 0.981948 51 153 230
0.19709 -0.132011 0.971093 0.169987 -0.115595 0.978643 51 153 229
-0.0133847 -0.0577009 0.998322 -0.0149527 -0.0713548 0.997339 51 153 230
-0.068457 0.00333227 0.997025 -0.0874787 0.00289924 0.996162 51 153 230
0.0890244 0.0654754 0.992742 0.0988356 0.0908479 0.990948 51 153 230
-0.052053 0.0697139 0.995466 -0.0499243 0.0724408 0.996122 51 153 230
-0.0824235 0.125266 0.987576 -0.0820517 0.136238 0.987272 51 153 230
0.0653286 -0.0693683 0.994541 0.0774874 -0.0773743 0.993986 51 153 230
-0.0199457 0.136968 0.988725 -0.013802 0.140897 0.989928 51 153 230
0.152693 -0.0684337 0.984165 0.147919 -0.0680621 0.986655 51 153 230
-0.134865 0.210577 0.968004 -0.100567 0.190957 0.976433 51 153 230
0.118637 -0.00325093 0.992033 0.137277 -0.0102923 0.990479 51 153 230
0.211346 -0.0868012 0.972468 0.18999 -0.0605231 0.979919 51 153 229
-0.0605 0.197292 0.97649 -0.0566221 0.177922 0.982414 51 153 230
0.201149 -0.00100366 0.976949 0.191997 -0.000284925 0.981395 51 153 230
0.0120709 0.193393 0.979306 0.00746405 0.175926 0.984375 51 153 230
0.149543 0.055193 0.985725 0.158839 0.0625224 0.985323 51 153 230
0.050543 0.139345 0.986854 0.0653362 0.140555 0.987915 51 153 230
0.145089 0.143708 0.97664 0.121787 0.134672 0.983378 51 153 230
0.200177 0.089291 0.974069 0.180588 0.0725919 0.980876 51 153 230
0.20497 0.138844 0.968531 0.175014 0.117165 0.97757 51 153 230
0.0668002 0.205916 0.974413 0.0722124 0.175609 0.981808 51 153 230
0.130658 0.212665 0.967619 0.104085 0.17446 0.979148 51 153 230
3 23 38 0
3 3 37 27
3 29 42 18
3 24 47 31
3 29 49 42
3 29 31 49
3 31 47 49
3 160 154 98
3 98 103 160
3 104 160 103
3 167 160 104
3 172 154 160
3 160 180 172
3 180 4 172
3 4 3 172
3 180 184 4
3 187 160 167
3 180 160 187
3 184 180 187
3 187 190 184
3 106 167 104
3 106 187 167
3 106 204 187
3 106 107 204
3 190 187 204
3 204 209 190
3 212 204 107
3 107 111 212
3 214 204 212
3 209 204 214
3 6 4 184
3 7 184 190
3 6 184 7
3 209 7 190
3 209 9 7
3 209 218 9
3 11 9 218
3 218 209 214
3 214 220 218
3 220 11 218
3 220 12 11
3 220 138 12
3 13 12 138
3 138 211 13
3 5 13 211
3 120 212 111
3 120 214 212
3 120 125 214
3 125 223 214
3 128 223 125
3 224 214 223
3 220 214 224
3 217 220 224
3 138 220 217
3 224 223 128
3 128 130 224
3 130 122 224
3 122 217 224
3 122 221 217
3 306 301 305
3 303 301 306
3 306 122 303
3 306 127 122
3 306 308 127
3 240 305 236
3 306 305 240
3 240 308 306
3 240 246 308
3 246 313 308
3 322 127 308
3 134 127 322
3 112 134 322
3 322 324 112
3 326 308 313
3 322 308 326
3 312 322 326
3 324 322 312
3 255 313 246
3 326 313 255
3 255 271 326
3 312 326 271
3 271 242 312
3 414 453 410
3 453 455 415
3 415 410 453
3 379 465 378
3 469 465 379
3 230 465 469
3 228 465 230
3 472 469 379
3 379 381 472
3 232 469 472
3 230 469 232
3 384 472 381
3 475 472 384
3 475 480 472
3 480 235 472
3 235 232 472
3 387 475 384
3 387 480 475
3 387 485 480
3 387 390 485
3 395 485 390
3 489 485 395
3 397 489 395
3 247 235 480
3 253 480 485
3 247 480 253
3 489 258 485
3 258 253 485
3 489 496 258
3 260 258 496
3 397 496 489
3 397 405 496
3 405 499 496
3 499 260 496
3 499 263 260
3 499 502 263
3 270 263 502
3 409 499 405
3 409 411 499
3 411 506 499
3 506 502 499
3 413 506 411
3 506 270 502
3 506 274 270
3 506 509 274
3 277 274 509
3 413 509 506
3 413 382 509
3 382 482 509
3 482 477 509
3 477 277 509
3 477 236 277
3 613 615 527
3 527 526 613
3 615 617 528
3 528 527 615
3 617 618 531
3 531 528 617
3 531 618 592
3 615 377 380
3 613 377 615
3 617 380 383
3 615 380 617
3 618 383 385
3 617 383 618
3 593 592 622
3 592 388 622
3 592 618 388
3 618 385 388
3 622 388 392
3 622 626 594
3 594 593 622
3 594 626 597
3 626 392 396
3 622 392 626
3 599 597 619
3 597 399 619
3 597 626 399
3 626 396 399
3 599 619 529
3 633 632 533
3 533 534 633
3 635 633 534
3 534 538 635
3 379 632 633
3 378 632 379
3 381 633 635
3 379 633 381
3 638 635 538
3 538 542 638
3 546 638 542
3 384 635 638
3 381 635 384
3 546 387 638
3 387 384 638
3 546 641 387
3 546 552 641
3 390 387 641
3 558 641 552
3 643 641 558
3 395 641 643
3 390 641 395
3 561 643 558
3 561 645 643
3 645 395 643
3 645 397 395
3 561 564 645
3 569 645 564
3 405 397 645
3 569 573 645
3 573 647 645
3 647 409 645
3 409 405 645
3 411 409 647
3 577 647 573
3 577 536 647
3 536 642 647
3 642 411 647
3 642 413 411
3 382 413 642
3 791 565 567
3 570 568 793
3 793 794 570
3 572 570 794
3 794 796 572
3 721 793 718
3 794 793 721
3 726 794 721
3 796 794 726
3 798 572 796
3 575 572 798
3 730 575 798
3 730 567 575
3 730 728 567
3 728 791 567
3 798 796 726
3 726 732 798
3 730 798 732
3 800 580 582
3 802 565 791
3 583 565 802
3 735 582 802
3 582 583 802
3 735 734 582
3 734 800 582
3 800 805 580
3 805 548 580
3 805 795 548
3 739 795 805
3 739 737 795
3 737 797 795
3 741 800 734
3 805 800 741
3 739 805 741
3 802 791 728
3 728 744 802
3 735 802 744
3 733 797 737
3 934 695 697
3 842 697 699
3 842 830 697
3 830 934 697
3 854 842 937
3 842 699 937
3 699 701 937
3 854 937 870
3 937 701 750
3 880 751 940
3 880 870 751
3 870 750 751
3 870 937 750
3 880 940 883
3 940 751 752
3 752 942 940
3 883 942 886
3 940 942 883
3 942 752 753
3 891 753 754
3 891 886 753
3 886 942 753
3 898 755 931
3 898 891 755
3 891 754 755
3 931 755 756
3 756 932 931
3 932 756 707
3 707 935 932
3 898 931 829
3 986 1081 982
3 998 1083 996
3 1048 1091 1002
3 998 832 1083
3 998 837 832
3 998 1002 837
3 1002 1091 837
3 994 1083 852
3 1083 864 852
3 994 996 1083
3 832 864 1083
3 1048 1056 1091
3 1056 869 1091
3 1056 871 869
3 869 837 1091
3 1056 982 871
3 982 884 871
3 982 1081 884
3 1100 1081 986
3 986 1060 1100
3 1060 901 1100
3 1060 1065 901
3 1065 903 901
3 909 903 1065
3 1065 1066 909
3 1006 909 1066
3 845 909 1006
3 884 1081 1100
3 1100 918 884
3 901 918 1100
3 1139 1227 1122
3 1150 1234 1146
3 1159 980 1156
3 989 980 1159
3 1139 980 1227
3 980 992 1227
3 1139 1156 980
3 1159 1146 989
3 1146 994 989
3 1146 1234 994
3 1173 1254 1170
3 1180 1018 1014
3 1180 1254 1018
3 1180 1170 1254
3 1185 1259 1183
3 1014 1023 1187
3 1187 1180 1014
3 1185 1032 1259
3 1185 1023 1032
3 1185 1187 1023
3 1183 1263 1194
3 1259 1263 1183
3 1263 1225 1121
3 1121 1194 1263
3 1259 1032 1035
3 1035 1263 1259
3 1263 1035 981
3 981 1225 1263
3 1201 1266 1198
3 1205 1040 1038
3 1205 1266 1040
3 1205 1198 1266
3 1201 1122 1266
3 1122 1042 1266
3 1122 1227 1042
3 1227 1044 1042
3 1042 1040 1266
3 1173 1038 1254
3 1038 1049 1254
3 1173 1205 1038
3 1049 1018 1254
3 992 1044 1227
3 1277 1144 1283
3 1138 1144 1277
3 1144 1130 1287
3 1287 1283 1144
3 1177 1168 1306
3 1306 1316 1177
3 1319 1177 1316
3 1192 1177 1319
3 1319 1197 1192
3 1319 1323 1197
3 1323 1388 1197
3 1202 1197 1388
3 1330 1388 1323
3 1392 1388 1330
3 1211 1388 1392
3 1202 1388 1211
3 1335 1392 1330
3 1335 1216 1392
3 1216 1211 1392
3 1335 1338 1216
3 1338 1345 1216
3 1345 1220 1216
3 1345 1400 1220
3 1348 1400 1345
3 1222 1220 1400
3 1348 1223 1400
3 1223 1222 1400
3 1348 1366 1223
3 1366 1224 1223
3 1366 1389 1224
3 1366 1269 1389
3 1117 1224 1389
3 1439 1525 1432
3 1439 1442 1525
3 1442 1270 1525
3 1442 1291 1270
3 1453 1526 1449
3 1442 1526 1291
3 1526 1318 1291
3 1442 1449 1526
3 1453 1456 1526
3 1456 1320 1526
3 1456 1322 1320
3 1320 1318 1526
3 1448 1332 1327
3 1448 1525 1332
3 1448 1432 1525
3 1270 1332 1525
3 1465 1322 1456
3 1336 1322 1465
3 1339 1336 1465
3 1465 1473 1339
3 1343 1339 1473
3 1473 1474 1343
3 1475 1343 1474
3 1306 1343 1475
3 1557 1657 1547
3 1566 1660 1562
3 1570 1660 1417
3 1660 1420 1417
3 1570 1562 1660
3 1566 1547 1660
3 1547 1657 1660
3 1657 1423 1660
3 1657 1425 1423
3 1423 1420 1660
3 1587 1669 1577
3 1557 1669 1657
3 1669 1436 1657
3 1436 1430 1657
3 1557 1577 1669
3 1587 1571 1669
3 1571 1448 1669
3 1448 1446 1669
3 1446 1436 1669
3 1430 1425 1657
3 1593 1457 1592
3 1461 1457 1593
3 1457 1495 1597
3 1597 1592 1457
3 1610 1498 1601
3 1499 1498 1610
3 1601 1501 1615
3 1498 1501 1601
3 1495 1499 1610
3 1610 1597 1495
3 1630 1678 1622
3 1622 1680 1634
3 1678 1680 1622
3 1634 1658 1558
3 1680 1658 1634
3 1615 1505 1643
3 1501 1505 1615
3 1630 1643 1678
3 1643 1505 1678
3 1505 1507 1678
3 1678 1507 1508
3 1508 1680 1678
3 1680 1508 1424
3 1424 1658 1680
3 1417 1461 1593
3 1593 1570 1417
3 1541 1546 1734
3 1734 1707 1541
3 1734 1565 1742
3 1546 1565 1734
3 1745 1742 1815
3 1742 1565 1815
3 1565 1602 1815
3 1745 1815 1749
3 1815 1602 1611
3 1751 1611 1616
3 1751 1815 1611
3 1751 1749 1815
3 1616 1621 1752
3 1752 1751 1616
3 1708 1621 1811
3 1621 1626 1811
3 1708 1752 1621
3 1811 1626 1544
3 1834 1689 1828
3 1699 1689 1834
3 1832 1705 1839
3 1691 1705 1832
3 1848 1709 1844
3 1711 1709 1848
3 1861 1713 1856
3 1714 1713 1861
3 1713 1699 1834
3 1834 1856 1713
3 1709 1714 1861
3 1861 1844 1709
3 1885 1719 1881
3 1725 1719 1885
3 1719 1711 1848
3 1848 1881 1719
3 1705 1725 1885
3 1885 1839 1705
3 1898 1743 1891
3 1747 1743 1898
3 1689 1760 1902
3 1902 1828 1689
3 1760 1747 1898
3 1898 1902 1760
3 1891 1764 1909
3 1743 1764 1891
3 1909 1766 1917
3 1764 1766 1909
3 1921 1770 1920
3 1773 1770 1921
3 1920 1775 1923
3 1770 1775 1920
3 1775 1798 1941
3 1941 1923 1775
3 1798 1690 1829
3 1829 1941 1798
3 1766 1773 1921
3 1921 1917 1766
3 1840 1832 1949
3 1949 1953 1840
3 1974 1845 1957
3 1847 1845 1974
3 1845 1840 1953
3 1953 1957 1845
3 1850 1847 1974
3 1974 1979 1850
3 1854 1850 1979
3 1979 1985 1854
3 1994 1863 1990
3 1864 1863 1994
3 1865 1864 1994
3 1994 1996 1865
3 1863 1854 1985
3 1985 1990 1863
3 2000 1865 1996
3 1867 1865 2000
3 1868 1867 2000
3 2000 2008 1868
3 1952 1948 2064
3 2064 2071 1952
3 1949 1999 2078
3 2078 2063 1949
3 2010 2007 2085
3 2085 2089 2010
3 2018 2015 2092
3 2092 2095 2018
3 2092 1952 2071
3 2015 1952 2092
3 2085 2018 2095
3 2007 2018 2085
3 2029 2024 2099
3 2099 2118 2029
3 2099 2010 2089
3 2024 2010 2099
3 2078 2029 2118
3 1999 2029 2078
3 2035 2034 2126
3 2126 2128 2035
3 2064 2038 2134
3 1948 2038 2064
3 2134 2035 2128
3 2038 2035 2134
3 2126 2040 2146
3 2034 2040 2126
3 2146 2043 2153
3 2040 2043 2146
3 2047 2046 2155
3 2155 2156 2047
3 2046 2055 2158
3 2158 2155 2046
3 2055 2056 2160
3 2160 2158 2055
3 2160 1965 2104
3 2056 1965 2160
3 2153 2047 2156
3 2043 2047 2153
3 2188 2063 2182
3 2070 2063 2188
3 2076 2073 2197
3 2197 2200 2076
3 2197 2070 2188
3 2073 2070 2197
3 2082 2076 2200
3 2200 2206 2082
3 2096 2082 2206
3 2206 2213 2096
3 2127 2103 2236
3 2236 2241 2127
3 2135 2127 2241
3 2241 2244 2135
3 2236 2096 2213
3 2103 2096 2236
3 2145 2135 2244
3 2244 2251 2145
3 2107 2145 2251
3 2251 2219 2107
3 2182 2189 2416
3 2215 2205 2300
3 2300 2320 2215
3 2230 2226 2328
3 2328 2331 2230
3 2328 2234 2360
3 2226 2234 2328
3 2300 2230 2331
3 2205 2230 2300
3 2240 2238 2370
3 2370 2372 2240
3 2370 2215 2320
3 2238 2215 2370
3 2372 2341 2240
3 2341 2416 2240
3 2416 2189 2240
3 2261 2248 2430
3 2268 2264 2379
3 2379 2385 2268
3 2388 2379 2430
3 2379 2264 2430
3 2264 2261 2430
3 2397 2430 2270
3 2430 2248 2270
3 2397 2400 2430
3 2397 2272 2402
3 2270 2272 2397
3 2388 2430 2400
3 2282 2279 2434
3 2406 2409 2283
3 2409 2434 2283
3 2434 2279 2283
3 2406 2285 2412
3 2283 2285 2406
3 2412 2192 2304
3 2285 2192 2412
3 2414 2402 2434
3 2402 2282 2434
3 2402 2272 2282
3 2414 2434 2409
3 2360 2268 2385
3 2234 2268 2360
3 2320 2300 2543
3 2331 2328 2545
3 2472 2478 2360
3 2478 2545 2360
3 2545 2328 2360
3 2480 2543 2545
3 2543 2300 2545
3 2300 2331 2545
3 2480 2483 2543
3 2480 2545 2478
3 2372 2370 2548
3 2490 2493 2543
3 2493 2320 2543
3 2493 2548 2320
3 2548 2370 2320
3 2500 2341 2548
3 2341 2372 2548
3 2500 2504 2341
3 2500 2548 2493
3 2490 2543 2483
3 2385 2379 2507
3 2507 2509 2385
3 2507 2388 2511
3 2379 2388 2507
3 2400 2397 2514
3 2514 2516 2400
3 2397 2402 2519
3 2519 2514 2397
3 2511 2400 2516
3 2388 2400 2511
3 2409 2406 2557
3 2406 2412 2566
3 2566 2557 2406
3 2412 2304 2546
3 2546 2566 2412
3 2402 2414 2521
3 2521 2519 2402
3 2531 2521 2557
3 2521 2409 2557
3 2521 2414 2409
3 2557 2566 2534
3 2534 2531 2557
3 2566 2546 2436
3 2436 2534 2566
3 2472 2385 2509
3 2360 2385 2472
3 2460 2437 2577
3 2577 2580 2460
3 2584 2460 2580
3 2475 2460 2584
3 2484 2475 2584
3 2584 2601 2484
3 2605 2484 2601
3 2489 2484 2605
3 2494 2489 2605
3 2605 2607 2494
3 2609 2494 2607
3 2502 2494 2609
3 2503 2502 2609
3 2609 2611 2503
3 2611 2619 2503
3 2619 2688 2503
3 2688 2505 2503
3 2623 2688 2619
3 2506 2505 2688
3 2623 2508 2688
3 2508 2506 2688
3 2623 2628 2508
3 2628 2635 2508
3 2635 2695 2508
3 2695 2510 2508
3 2642 2695 2635
3 2513 2510 2695
3 2642 2515 2695
3 2515 2513 2695
3 2642 2645 2515
3 2517 2515 2645
3 2645 2649 2517
3 2613 2517 2649
3 2458 2517 2613
3 2703 2596 2707
3 2591 2596 2703
3 2596 2598 2711
3 2711 2707 2596
3 2747 2600 2807
3 2747 2598 2600
3 2747 2711 2598
3 2600 2604 2810
3 2810 2807 2600
3 2747 2807 2758
3 2807 2810 2763
3 2763 2758 2807
3 2810 2604 2610
3 2767 2610 2614
3 2767 2763 2610
3 2763 2810 2610
3 2770 2616 2817
3 2770 2614 2616
3 2770 2767 2614
3 2817 2616 2618
3 2770 2817 2775
3 2779 2618 2620
3 2779 2817 2618
3 2779 2775 2817
3 2783 2620 2822
3 2620 2624 2822
3 2783 2779 2620
3 2783 2822 2787
3 2822 2624 2640
3 2789 2787 2831
3 2787 2646 2831
3 2787 2822 2646
3 2822 2640 2646
3 2831 2646 2651
3 2789 2831 2790
3 2791 2790 2834
3 2790 2831 2834
3 2831 2657 2834
3 2831 2651 2657
3 2791 2834 2792
3 2834 2657 2660
3 2705 2660 2812
3 2660 2663 2812
3 2705 2834 2660
3 2705 2792 2834
3 2812 2663 2576
3 2853 2950 2857
3 2865 2950 2956
3 2950 2705 2956
3 2705 2716 2956
3 2865 2857 2950
3 2956 2716 2722
3 2865 2956 2872
3 2878 2872 2750
3 2872 2956 2750
3 2956 2722 2750
3 2886 2878 2971
3 2878 2755 2971
3 2878 2750 2755
3 2886 2971 2890
3 2971 2755 2761
3 2894 2890 2764
3 2890 2971 2764
3 2971 2761 2764
3 2894 2768 2912
3 2764 2768 2894
3 2850 2772 2955
3 2850 2912 2772
3 2912 2768 2772
3 2955 2772 2724
3 3000 3097 2855
3 3097 2862 2855
3 3000 3004 3097
3 3026 3097 3004
3 2866 2862 3097
3 3026 2866 3097
3 3026 2884 2866
3 3026 3029 2884
3 3029 2896 2884
3 3029 3105 2896
3 3029 3033 3105
3 3037 3105 3033
3 2923 2896 3105
3 3037 2923 3105
3 3037 3041 2923
3 3041 2926 2923
3 3041 3109 2926
3 2929 2926 3109
3 3044 3109 3041
3 3044 2929 3109
3 3044 2932 2929
3 3044 3046 2932
3 3046 3049 2932
3 3049 3116 2932
3 3116 2935 2932
3 3123 3116 3049
3 3049 3051 3123
3 3103 3123 3051
3 3051 3058 3103
3 2992 3103 3058
3 2939 2935 3116
3 2942 3116 3123
3 2939 3116 2942
3 2858 3123 3103
3 2942 3123 2858
3 3136 3233 3142
3 3155 3142 2996
3 3142 3233 2996
3 3233 2991 2996
3 3165 3003 3238
3 3165 3155 3003
3 3155 2996 3003
3 3238 3003 3008
3 3165 3238 3170
3 3176 3014 3251
3 3176 3008 3014
3 3176 3238 3008
3 3176 3170 3238
3 3251 3014 3015
3 3176 3254 3179
3 3251 3254 3176
3 3254 3015 3016
3 3251 3015 3254
3 3179 3254 3183
3 3185 3183 3017
3 3183 3254 3017
3 3254 3016 3017
3 3017 3018 3186
3 3186 3185 3017
3 3187 2995 3229
3 3187 3186 2995
3 3186 3018 2995
3 3187 3234 3156
3 3229 3234 3187
3 3368 3144 3377
3 3140 3144 3368
3 3144 3147 3397
3 3397 3377 3144
3 3368 3377 3295
3 3295 3290 3368
3 3377 3397 3306
3 3306 3295 3377
3 3147 3151 3402
3 3402 3397 3147
3 3402 3151 3160
3 3397 3402 3312
3 3312 3306 3397
3 3319 3166 3406
3 3319 3312 3166
3 3312 3160 3166
3 3312 3402 3160
3 3319 3406 3329
3 3406 3172 3408
3 3166 3172 3406
3 3408 3172 3175
3 3329 3408 3352
3 3406 3408 3329
3 3353 3175 3412
3 3175 3181 3412
3 3353 3408 3175
3 3353 3352 3408
3 3353 3412 3354
3 3181 3191 3421
3 3421 3412 3181
3 3421 3191 3194
3 3272 3421 3359
3 3272 3412 3421
3 3272 3354 3412
3 3400 3359 3197
3 3359 3194 3197
3 3359 3421 3194
3 3400 3197 3136
3 3271 3292 3504
3 3504 3503 3271
3 3504 3290 3511
3 3292 3290 3504
3 3427 3300 3517
3 3427 3431 3300
3 3431 3294 3300
3 3431 3512 3294
3 3427 3503 3436
3 3517 3503 3427
3 3441 3512 3431
3 3436 3504 3448
3 3503 3504 3436
3 3448 3511 3433
3 3504 3511 3448
3 3305 3304 3532
3 3308 3307 3534
3 3457 3307 3532
3 3307 3305 3532
3 3457 3460 3307
3 3460 3534 3307
3 3310 3534 3543
3 3308 3534 3310
3 3463 3534 3460
3 3543 3534 3463
3 3314 3313 3547
3 3318 3547 3549
3 3314 3547 3318
3 3466 3313 3543
3 3313 3310 3543
3 3466 3547 3313
3 3466 3468 3547
3 3466 3543 3463
3 3470 3547 3468
3 3549 3547 3470
3 3330 3549 3553
3 3318 3549 3330
3 3276 3553 3507
3 3330 3553 3276
3 3553 3549 3470
3 3470 3471 3553
3 3507 3553 3471
3 3471 3453 3507
3 3340 3337 3554
3 3472 3554 3505
3 3554 3280 3505
3 3554 3337 3280
3 3472 3473 3554
3 3474 3532 3554
3 3532 3304 3554
3 3304 3340 3554
3 3474 3475 3532
3 3474 3554 3473
3 3472 3505 3439
3 3457 3532 3475
3 3439 3435 3627
3 3627 3441 3629
3 3435 3441 3627
3 3762 3760 3764
3 3758 3760 3762
3 3704 3764 3760
3 3704 3767 3764
3 3704 3705 3767
3 3575 3762 3764
3 3570 3762 3575
3 3770 3589 3767
3 3589 3575 3767
3 3575 3764 3767
3 3774 3767 3705
3 3705 3706 3774
3 3708 3774 3706
3 3776 3774 3708
3 3770 3774 3777
3 3767 3774 3770
3 3777 3776 3763
3 3774 3776 3777
3 3596 3589 3770
3 3597 3770 3777
3 3596 3770 3597
3 3574 3777 3763
3 3597 3777 3574
3 3722 3719 3874
3 3729 3726 3879
3 3882 3722 3874
3 3882 3726 3722
3 3882 3879 3726
3 3736 3734 3885
3 3885 3738 3889
3 3734 3738 3885
3 3738 3703 3871
3 3871 3889 3738
3 3719 3743 3897
3 3897 3874 3719
3 3903 3736 3885
3 3903 3897 3736
3 3897 3743 3736
3 3882 3897 3905
3 3874 3897 3882
3 3897 3903 3865
3 3865 3905 3897
3 3885 3889 3909
3 3909 3903 3885
3 3889 3871 3875
3 3875 3909 3889
3 3903 3909 3866
3 3866 3865 3903
3 3909 3875 3868
3 3868 3866 3909
3 3750 3748 3919
3 3753 3879 3922
3 3729 3879 3753
3 3922 3882 3930
3 3879 3882 3922
3 3933 3748 3922
3 3748 3753 3922
3 3933 3919 3748
3 3922 3930 3869
3 3869 3933 3922
3 3754 3919 3952
3 3750 3919 3754
3 3713 3952 3887
3 3754 3952 3713
3 3919 3933 3954
3 3954 3952 3919
3 3933 3869 3870
3 3870 3954 3933
3 3887 3954 3911
3 3952 3954 3887
3 3839 3954 3870
3 3839 3911 3954
3 3839 3840 3911
3 3882 3905 3955
3 3955 3930 3882
3 3838 3905 3865
3 3838 3844 3905
3 3844 3955 3905
3 3846 3930 3955
3 3846 3848 3930
3 3848 3869 3930
3 3846 3955 3844
3 8 36 5
3 88 137 85
3 93 141 90
3 88 141 137
3 141 143 137
3 88 90 141
3 100 145 96
3 96 146 101
3 145 146 96
3 101 147 91
3 146 147 101
3 85 148 109
3 137 148 85
3 100 149 145
3 100 148 149
3 100 109 148
3 150 137 143
3 148 137 150
3 149 148 150
3 150 139 149
3 146 145 149
3 149 151 146
3 156 146 151
3 147 146 156
3 151 149 139
3 139 140 151
3 140 23 151
3 23 156 151
3 23 0 156
3 116 159 113
3 119 141 93
3 162 141 119
3 164 141 162
3 143 141 164
3 119 113 162
3 113 165 162
3 113 159 165
3 164 162 165
3 165 142 164
3 168 159 116
3 116 124 168
3 154 168 124
3 124 98 154
3 165 159 168
3 168 173 165
3 144 165 173
3 142 165 144
3 172 168 154
3 173 168 172
3 172 27 173
3 27 144 173
3 172 3 27
3 150 143 164
3 164 177 150
3 177 29 150
3 29 18 150
3 18 139 150
3 142 24 164
3 24 31 164
3 31 177 164
3 31 29 177
3 459 226 227
3 462 227 229
3 459 227 462
3 233 462 229
3 233 468 462
3 468 464 462
3 404 468 471
3 404 399 468
3 399 464 468
3 468 233 248
3 251 471 248
3 471 468 248
3 251 473 471
3 404 471 406
3 407 473 476
3 407 406 473
3 406 471 473
3 407 476 408
3 473 251 254
3 262 479 254
3 479 476 254
3 476 473 254
3 412 479 481
3 412 476 479
3 412 408 476
3 479 262 264
3 268 483 264
3 483 479 264
3 483 481 479
3 483 268 272
3 272 488 483
3 488 272 276
3 412 481 417
3 481 483 419
3 419 417 481
3 421 488 495
3 421 483 488
3 421 419 483
3 421 495 423
3 281 500 276
3 500 488 276
3 500 495 488
3 423 500 424
3 495 500 423
3 500 281 284
3 284 503 500
3 500 503 426
3 426 424 500
3 503 284 286
3 286 504 503
3 426 504 428
3 503 504 426
3 507 238 243
3 508 243 250
3 507 243 508
3 511 256 252
3 257 256 511
3 511 514 257
3 515 259 261
3 516 266 267
3 516 508 266
3 508 250 266
3 516 517 508
3 515 267 259
3 515 518 267
3 518 516 267
3 391 516 518
3 391 386 516
3 386 517 516
3 519 279 282
3 519 520 279
3 520 261 279
3 520 515 261
3 514 282 257
3 514 519 282
3 514 521 519
3 432 519 521
3 432 394 519
3 394 520 519
3 438 515 520
3 438 436 515
3 436 518 515
3 391 518 436
3 438 520 394
3 522 286 291
3 504 286 522
3 504 522 444
3 444 428 504
3 523 291 292
3 522 291 523
3 444 523 447
3 522 523 444
3 507 523 238
3 523 292 238
3 507 524 523
3 447 524 449
3 523 524 447
3 451 507 508
3 451 450 507
3 450 524 507
3 449 524 450
3 508 517 452
3 452 451 508
3 452 517 386
3 555 611 587
3 609 611 555
3 587 613 526
3 611 613 587
3 551 416 616
3 551 418 416
3 551 614 418
3 551 544 614
3 616 416 420
3 420 609 616
3 415 418 614
3 609 420 422
3 422 611 609
3 611 422 377
3 377 613 611
3 596 620 595
3 600 623 598
3 596 598 620
3 598 623 620
3 623 425 620
3 623 427 425
3 601 623 600
3 625 623 601
3 427 623 625
3 625 429 427
3 604 627 602
3 628 627 604
3 604 605 628
3 601 602 625
3 602 430 625
3 602 627 430
3 627 431 430
3 430 429 625
3 431 627 628
3 628 433 431
3 606 628 605
3 631 628 606
3 632 631 606
3 606 533 632
3 433 628 631
3 631 435 433
3 435 631 632
3 632 378 435
3 608 636 607
3 532 607 610
3 607 636 610
3 636 441 610
3 441 439 610
3 608 595 636
3 595 443 636
3 595 620 443
3 620 446 443
3 443 441 636
3 439 414 610
3 425 446 620
3 646 386 391
3 648 394 432
3 650 436 438
3 543 646 650
3 646 436 650
3 646 391 436
3 543 540 646
3 548 547 648
3 547 650 648
3 650 438 648
3 438 394 648
3 543 650 547
3 654 428 444
3 640 428 654
3 656 444 447
3 654 444 656
3 553 654 556
3 640 654 553
3 556 656 559
3 654 656 556
3 658 447 449
3 656 447 658
3 659 450 451
3 566 563 659
3 563 450 659
3 563 658 450
3 658 449 450
3 656 658 571
3 571 559 656
3 571 658 563
3 660 451 452
3 659 451 660
3 659 660 576
3 576 566 659
3 603 579 646
3 579 660 646
3 660 386 646
3 660 452 386
3 576 660 579
3 603 646 540
3 931 932 836
3 836 829 931
3 932 935 840
3 840 836 932
3 941 939 845
3 845 847 941
3 943 941 847
3 847 849 943
3 853 943 849
3 736 939 941
3 704 939 736
3 738 941 943
3 736 941 738
3 853 738 943
3 853 857 738
3 857 740 738
3 857 742 740
3 857 949 742
3 857 867 949
3 743 742 949
3 953 949 867
3 867 872 953
3 745 949 953
3 743 949 745
3 887 953 872
3 887 745 953
3 887 890 745
3 890 746 745
3 890 960 746
3 747 746 960
3 893 960 890
3 893 896 960
3 896 748 960
3 748 747 960
3 896 749 748
3 896 950 749
3 896 859 950
3 703 749 950
3 989 1080 980
3 992 841 833
3 992 980 841
3 980 1080 841
3 989 848 1080
3 989 994 848
3 994 852 848
3 848 841 1080
3 1018 1086 1014
3 1014 1090 1023
3 1086 1090 1014
3 1032 873 862
3 1032 1090 873
3 1032 1023 1090
3 862 874 1035
3 1035 1032 862
3 1035 834 981
3 874 834 1035
3 1040 1096 1038
3 1044 1099 1042
3 1040 876 1096
3 1040 1042 876
3 1042 1099 876
3 1099 877 876
3 1049 899 881
3 1049 1096 899
3 1049 1038 1096
3 1018 905 1086
3 1018 1049 905
3 1049 881 905
3 876 899 1096
3 1044 833 1099
3 833 910 1099
3 1044 992 833
3 910 877 1099
3 1086 905 916
3 916 1090 1086
3 916 873 1090
3 1276 1387 1282
3 1396 1119 1124
3 1402 1126 1127
3 1308 1119 1396
3 1308 1128 1119
3 1308 1292 1128
3 1292 1127 1128
3 1292 1402 1127
3 1292 1314 1402
3 1324 1125 1285
3 1131 1125 1324
3 1133 1131 1324
3 1324 1328 1133
3 1407 1136 1143
3 1412 1136 1407
3 1148 1136 1412
3 1328 1143 1133
3 1328 1334 1143
3 1334 1407 1143
3 1341 1407 1334
3 1412 1407 1341
3 1347 1148 1412
3 1347 1346 1148
3 1346 1153 1148
3 1346 1349 1153
3 1349 1396 1153
3 1396 1124 1153
3 1347 1412 1341
3 1308 1396 1349
3 1414 1162 1165
3 1416 1178 1195
3 1372 1414 1416
3 1414 1165 1416
3 1165 1178 1416
3 1372 1370 1414
3 1374 1199 1414
3 1199 1162 1414
3 1374 1405 1199
3 1374 1373 1405
3 1311 1405 1373
3 1374 1414 1370
3 1376 1375 1402
3 1375 1126 1402
3 1375 1416 1126
3 1416 1195 1126
3 1372 1416 1375
3 1376 1402 1314
3 1271 1279 1427
3 1427 1424 1271
3 1279 1286 1429
3 1429 1427 1279
3 1286 1289 1431
3 1431 1429 1286
3 1431 1296 1434
3 1289 1296 1431
3 1438 1434 1528
3 1434 1299 1528
3 1434 1296 1299
3 1438 1528 1441
3 1528 1299 1301
3 1443 1301 1302
3 1443 1528 1301
3 1443 1441 1528
3 1447 1443 1530
3 1443 1304 1530
3 1443 1302 1304
3 1447 1530 1450
3 1530 1304 1307
3 1466 1307 1310
3 1466 1530 1307
3 1466 1450 1530
3 1466 1313 1467
3 1310 1313 1466
3 1313 1317 1468
3 1468 1467 1313
3 1468 1321 1469
3 1317 1321 1468
3 1321 1326 1470
3 1470 1469 1321
3 1470 1329 1471
3 1326 1329 1470
3 1329 1331 1472
3 1472 1471 1329
3 1472 1288 1426
3 1331 1288 1472
3 1558 1661 1564
3 1658 1661 1558
3 1564 1663 1574
3 1661 1663 1564
3 1574 1663 1581
3 1661 1424 1427
3 1658 1424 1661
3 1663 1427 1429
3 1661 1427 1663
3 1585 1581 1431
3 1581 1663 1431
3 1663 1429 1431
3 1431 1434 1588
3 1588 1585 1431
3 1588 1438 1590
3 1434 1438 1588
3 1590 1441 1594
3 1438 1441 1590
3 1441 1443 1600
3 1600 1594 1441
3 1443 1447 1606
3 1606 1600 1443
3 1606 1450 1612
3 1447 1450 1606
3 1450 1466 1625
3 1625 1612 1450
3 1633 1625 1676
3 1625 1467 1676
3 1625 1466 1467
3 1633 1676 1641
3 1676 1467 1468
3 1642 1468 1681
3 1468 1469 1681
3 1642 1676 1468
3 1642 1641 1676
3 1642 1681 1644
3 1681 1469 1470
3 1645 1644 1684
3 1644 1681 1684
3 1681 1471 1684
3 1681 1470 1471
3 1645 1684 1646
3 1684 1471 1472
3 1541 1472 1426
3 1541 1684 1472
3 1541 1646 1684
3 1950 1826 1947
3 1831 1826 1950
3 1837 1831 1950
3 1950 1956 1837
3 1961 1837 1956
3 1843 1837 1961
3 1855 1843 1961
3 1961 1963 1855
3 1968 1855 1963
3 1859 1855 1968
3 1862 1859 1968
3 1968 1972 1862
3 1976 1862 1972
3 1869 1862 1976
3 1872 1869 1976
3 1976 1992 1872
3 2004 1872 1992
3 1873 1872 2004
3 2011 1873 2004
3 1875 1873 2011
3 1876 1875 2011
3 2011 2014 1876
3 2017 1876 2014
3 1877 1876 2017
3 1878 1877 2017
3 2017 2019 1878
3 2021 1878 2019
3 1880 1878 2021
3 1830 1880 2021
3 2021 1958 1830
3 2187 2184 2418
3 2302 2196 2418
3 2196 2187 2418
3 2302 2307 2196
3 2311 2196 2307
3 2203 2196 2311
3 2209 2203 2311
3 2311 2314 2209
3 2323 2253 2332
3 2217 2253 2323
3 2253 2259 2333
3 2333 2332 2253
3 2334 2426 2335
3 2336 2266 2274
3 2336 2426 2266
3 2336 2335 2426
3 2334 2259 2426
3 2259 2275 2426
3 2334 2333 2259
3 2426 2275 2266
3 2316 2424 2338
3 2336 2277 2339
3 2274 2277 2336
3 2340 2420 2310
3 2340 2339 2420
3 2339 2277 2420
3 2277 2210 2420
3 2555 2553 2458
3 2458 2464 2555
3 2559 2555 2464
3 2464 2457 2559
3 2307 2302 2553
3 2311 2553 2555
3 2307 2553 2311
3 2314 2555 2559
3 2311 2555 2314
3 2550 2567 2477
3 2477 2470 2550
3 2567 2571 2482
3 2482 2477 2567
3 2550 2323 2332
3 2332 2567 2550
3 2567 2332 2333
3 2333 2571 2567
3 2488 2334 2335
3 2488 2571 2334
3 2488 2482 2571
3 2335 2336 2526
3 2526 2488 2335
3 2571 2333 2334
3 2449 2338 2524
3 2316 2338 2449
3 2336 2339 2536
3 2536 2526 2336
3 2537 2310 2438
3 2340 2310 2537
3 2339 2340 2537
3 2537 2536 2339
3 2444 2439 2683
3 2575 2465 2683
3 2465 2444 2683
3 2575 2579 2465
3 2473 2471 2689
3 2579 2689 2465
3 2689 2471 2465
3 2579 2589 2689
3 2593 2499 2689
3 2499 2473 2689
3 2593 2597 2499
3 2593 2689 2589
3 2606 2683 2504
3 2683 2439 2504
3 2606 2608 2683
3 2575 2683 2608
3 2540 2499 2597
3 2597 2630 2540
3 2541 2540 2630
3 2630 2637 2541
3 2656 2541 2637
3 2542 2541 2656
3 2626 2542 2656
3 2485 2542 2626
3 2705 2812 2716
3 2722 2716 2581
3 2716 2812 2581
3 2812 2576 2581
3 2750 2722 2815
3 2722 2587 2815
3 2722 2581 2587
3 2750 2815 2755
3 2815 2587 2595
3 2761 2815 2599
3 2815 2595 2599
3 2761 2755 2815
3 2764 2602 2821
3 2764 2599 2602
3 2764 2761 2599
3 2821 2602 2615
3 2764 2827 2768
3 2821 2827 2764
3 2827 2615 2633
3 2821 2615 2827
3 2768 2827 2772
3 2724 2772 2582
3 2772 2633 2582
3 2772 2827 2633
3 2702 2700 2952
3 2847 2706 2952
3 2706 2702 2952
3 2847 2851 2706
3 2714 2709 2966
3 2873 2875 2948
3 2875 2708 2948
3 2875 2966 2708
3 2966 2709 2708
3 2899 2719 2966
3 2719 2714 2966
3 2899 2909 2719
3 2899 2966 2875
3 2873 2948 2885
3 2909 2700 2719
3 2909 2952 2700
3 2909 2914 2952
3 2847 2952 2914
3 2915 2706 2851
3 2727 2706 2915
3 2732 2730 2972
3 2915 2730 2727
3 2915 2917 2730
3 2917 2972 2730
3 2735 2972 2977
3 2732 2972 2735
3 2977 2972 2917
3 2917 2919 2977
3 2740 2977 2963
3 2735 2977 2740
3 2963 2977 2919
3 2919 2860 2963
3 3273 3357 3278
3 3311 3361 3282
3 3362 3361 3311
3 3365 3362 3311
3 3311 3315 3365
3 3158 3361 3362
3 3362 3168 3158
3 3168 3362 3365
3 3365 3203 3168
3 3370 3365 3315
3 3315 3321 3370
3 3321 3210 3370
3 3321 3278 3210
3 3278 3209 3210
3 3278 3357 3209
3 3203 3365 3370
3 3370 3211 3203
3 3370 3210 3211
3 3325 3378 3328
3 3382 3357 3273
3 3273 3332 3382
3 3332 3328 3382
3 3328 3215 3382
3 3328 3213 3215
3 3328 3378 3213
3 3325 3391 3378
3 3325 3298 3391
3 3298 3360 3391
3 3220 3360 3219
3 3360 3363 3219
3 3220 3391 3360
3 3213 3378 3391
3 3391 3222 3213
3 3391 3220 3222
3 3209 3357 3382
3 3382 3224 3209
3 3382 3215 3224
3 3363 3218 3219
3 3277 3274 3506
3 3430 3285 3506
3 3285 3277 3506
3 3430 3510 3285
3 3430 3437 3510
3 3513 3510 3437
3 3437 3442 3513
3 3288 3285 3510
3 3293 3510 3513
3 3288 3510 3293
3 3447 3513 3442
3 3447 3299 3513
3 3299 3293 3513
3 3447 3518 3299
3 3447 3464 3518
3 3469 3518 3464
3 3523 3518 3469
3 3488 3523 3469
3 3528 3523 3488
3 3514 3528 3488
3 3488 3429 3514
3 3301 3299 3518
3 3302 3518 3523
3 3301 3518 3302
3 3303 3523 3528
3 3302 3523 3303
3 3282 3528 3514
3 3303 3528 3282
3 3636 3440 3653
3 3433 3440 3636
3 3440 3445 3657
3 3657 3653 3440
3 3636 3653 3566
3 3566 3561 3636
3 3562 3657 3637
3 3562 3566 3657
3 3566 3653 3657
3 3657 3449 3663
3 3445 3449 3657
3 3663 3449 3452
3 3657 3663 3648
3 3648 3637 3657
3 3654 3452 3454
3 3654 3648 3452
3 3648 3663 3452
3 3454 3461 3659
3 3659 3654 3454
3 3659 3461 3428
3 3571 3560 3755
3 3755 3561 3756
3 3560 3561 3755
3 3582 3579 3759
3 3595 3759 3761
3 3582 3759 3595
3 3576 3761 3766
3 3595 3761 3576
3 3601 3599 3778
3 3606 3603 3779
3 3780 3601 3778
3 3780 3603 3601
3 3780 3779 3603
3 3613 3610 3781
3 3617 3615 3782
3 3783 3613 3781
3 3783 3615 3613
3 3783 3782 3615
3 3785 3606 3779
3 3785 3781 3606
3 3781 3610 3606
3 3719 3722 3780
3 3722 3785 3780
3 3785 3779 3780
3 3726 3783 3785
3 3783 3781 3785
3 3726 3729 3783
3 3726 3785 3722
3 3778 3621 3786
3 3599 3621 3778
3 3786 3623 3788
3 3621 3623 3786
3 3778 3786 3789
3 3789 3780 3778
3 3734 3736 3788
3 3736 3786 3788
3 3736 3789 3786
3 3791 3788 3755
3 3788 3571 3755
3 3788 3623 3571
3 3791 3756 3784
3 3755 3756 3791
3 3788 3791 3738
3 3738 3734 3788
3 3791 3784 3703
3 3703 3738 3791
3 3719 3789 3743
3 3780 3789 3719
3 3743 3789 3736
3 3626 3782 3793
3 3617 3782 3626
3 3782 3783 3794
3 3794 3793 3782
3 3796 3626 3793
3 3796 3579 3626
3 3796 3759 3579
3 3748 3793 3794
3 3748 3796 3793
3 3748 3750 3796
3 3794 3783 3729
3 3729 3753 3794
3 3748 3794 3753
3 3761 3796 3799
3 3759 3796 3761
3 3754 3796 3750
3 3799 3796 3754
3 3761 3799 3801
3 3801 3766 3761
3 3801 3799 3754
3 3754 3713 3801
3 3838 3866 3842
3 3865 3866 3838
3 3842 3868 3836
3 3866 3868 3842
3 3853 3869 3848
3 3870 3869 3853
3 3839 3870 3853
3 668 760 670
3 759 760 668
3 670 761 671
3 760 761 670
3 760 526 527
3 759 526 760
3 761 527 528
3 760 527 761
3 761 763 674
3 674 671 761
3 674 763 676
3 763 528 531
3 761 528 763
3 680 592 765
3 680 676 592
3 676 531 592
3 676 763 531
3 765 592 593
3 680 769 683
3 765 769 680
3 683 769 685
3 769 593 594
3 765 593 769
3 689 597 771
3 689 685 597
3 685 769 597
3 769 594 597
3 771 597 599
3 689 773 691
3 771 773 689
3 691 773 693
3 529 773 599
3 773 771 599
3 529 762 773
3 694 762 764
3 694 693 762
3 693 773 762
3 694 764 695
3 948 718 946
3 721 718 948
3 951 721 948
3 726 721 951
3 956 728 730
3 835 726 951
3 835 831 726
3 831 732 726
3 831 730 732
3 831 956 730
3 831 839 956
3 967 734 735
3 972 737 739
3 851 741 967
3 741 734 967
3 851 844 741
3 844 739 741
3 844 972 739
3 844 856 972
3 744 728 956
3 956 976 744
3 865 744 976
3 865 860 744
3 860 735 744
3 860 967 735
3 976 956 839
3 839 888 976
3 865 976 888
3 851 967 860
3 895 946 855
3 948 946 895
3 951 948 895
3 895 900 951
3 835 951 900
3 911 737 972
3 911 907 737
3 907 733 737
3 907 974 733
3 914 974 907
3 911 972 856
3 850 843 983
3 983 988 850
3 855 850 988
3 988 1007 855
3 1094 889 913
3 1102 913 919
3 1094 913 1102
3 1000 922 1015
3 840 922 1000
3 1015 923 1020
3 922 923 1015
3 1039 1020 1094
3 1020 889 1094
3 1020 923 889
3 1094 1102 1041
3 1041 1039 1094
3 1047 919 924
3 1047 1045 919
3 1045 1102 919
3 1111 925 926
3 1051 1047 1111
3 1047 925 1111
3 1047 924 925
3 1113 927 928
3 1052 1053 914
3 1053 1113 914
3 1113 928 914
3 1061 927 1113
3 1061 926 927
3 1061 1059 926
3 1059 1111 926
3 1051 1111 1059
3 1061 1113 1053
3 1041 1102 1045
3 1291 1377 1270
3 1291 1118 1377
3 1291 1154 1118
3 1291 1318 1154
3 1322 1380 1320
3 1318 1163 1154
3 1318 1320 1163
3 1320 1380 1163
3 1327 1332 1385
3 1332 1171 1385
3 1332 1176 1171
3 1171 1150 1385
3 1332 1270 1176
3 1270 1377 1176
3 1377 1204 1176
3 1118 1204 1377
3 1336 1380 1322
3 1393 1380 1336
3 1163 1380 1393
3 1393 1209 1163
3 1336 1215 1393
3 1336 1339 1215
3 1339 1217 1215
3 1215 1209 1393
3 1219 1217 1339
3 1339 1343 1219
3 1168 1219 1343
3 1343 1306 1168
3 1420 1278 1417
3 1351 1278 1420
3 1425 1352 1423
3 1353 1352 1425
3 1352 1351 1420
3 1420 1423 1352
3 1436 1354 1430
3 1355 1354 1436
3 1448 1356 1446
3 1327 1356 1448
3 1356 1355 1436
3 1436 1446 1356
3 1354 1353 1425
3 1425 1430 1354
3 1461 1527 1457
3 1495 1358 1357
3 1495 1527 1358
3 1495 1457 1527
3 1499 1529 1498
3 1501 1360 1359
3 1501 1529 1360
3 1501 1498 1529
3 1499 1357 1529
3 1357 1361 1529
3 1499 1495 1357
3 1361 1360 1529
3 1359 1362 1505
3 1505 1501 1359
3 1505 1363 1507
3 1362 1363 1505
3 1363 1364 1508
3 1508 1507 1363
3 1508 1271 1424
3 1364 1271 1508
3 1461 1417 1527
3 1417 1365 1527
3 1417 1278 1365
3 1365 1358 1527
3 1718 1807 1712
3 1718 1733 1807
3 1733 1542 1807
3 1733 1545 1542
3 1738 1545 1733
3 1548 1545 1738
3 1550 1548 1738
3 1738 1748 1550
3 1769 1550 1748
3 1554 1550 1769
3 1647 1554 1769
3 1769 1780 1647
3 1784 1647 1780
3 1648 1647 1784
3 1784 1649 1648
3 1784 1810 1649
3 1784 1788 1810
3 1794 1810 1788
3 1650 1649 1810
3 1794 1800 1810
3 1800 1650 1810
3 1800 1651 1650
3 1800 1818 1651
3 1818 1652 1651
3 1800 1801 1818
3 1802 1818 1801
3 1653 1652 1818
3 1802 1654 1818
3 1654 1653 1818
3 1802 1803 1654
3 1655 1654 1803
3 1803 1804 1655
3 1804 1694 1655
3 1694 1817 1655
3 1817 1656 1655
3 1549 1656 1817
3 1841 1716 1846
3 1708 1716 1841
3 1716 1724 1851
3 1851 1846 1716
3 1851 1729 1883
3 1724 1729 1851
3 1883 1730 1887
3 1729 1730 1883
3 1889 1737 1868
3 1744 1737 1889
3 1900 1744 1889
3 1772 1744 1900
3 1777 1772 1900
3 1900 1903 1777
3 1906 1777 1903
3 1781 1777 1906
3 1785 1781 1906
3 1906 1908 1785
3 1791 1785 1908
3 1908 1911 1791
3 1795 1791 1911
3 1911 1914 1795
3 1932 1795 1914
3 1797 1795 1932
3 1799 1797 1932
3 1932 1933 1799
3 1826 1799 1933
3 1712 1799 1826
3 1833 1836 1955
3 1955 1951 1833
3 1962 1833 1951
3 1849 1833 1962
3 1836 1852 1978
3 1978 1955 1836
3 1884 1888 1984
3 1984 1982 1884
3 1894 1892 1977
3 1977 1988 1894
3 1993 1894 1988
3 1895 1894 1993
3 1998 1895 1993
3 1897 1895 1998
3 1984 1897 1998
3 1888 1897 1984
3 2002 1884 1982
3 1901 1884 2002
3 2009 1901 2002
3 1910 1901 2009
3 1913 1915 2028
3 2028 2013 1913
3 1918 1913 2013
3 2013 2031 1918
3 2028 1910 2009
3 1915 1910 2028
3 1922 1924 2048
3 2048 2036 1922
3 1925 1926 2050
3 2050 2049 1925
3 2048 1925 2049
3 1924 1925 2048
3 1928 1930 2052
3 2052 2051 1928
3 1936 1938 2054
3 2054 2053 1936
3 2052 1936 2053
3 1930 1936 2052
3 2050 1928 2051
3 1926 1928 2050
3 1978 1922 2036
3 1852 1922 1978
3 2054 1918 2031
3 1938 1918 2054
3 2192 2106 2199
3 2104 2106 2192
3 2199 2108 2202
3 2106 2108 2199
3 2202 2110 2204
3 2108 2110 2202
3 2110 2111 2208
3 2208 2204 2110
3 2208 2113 2211
3 2111 2113 2208
3 2211 2117 2220
3 2113 2117 2211
3 2220 2119 2224
3 2117 2119 2220
3 2119 2120 2228
3 2228 2224 2119
3 2228 2123 2231
3 2120 2123 2228
3 2235 2231 2299
3 2231 2125 2299
3 2231 2123 2125
3 2235 2299 2243
3 2299 2125 2131
3 2246 2131 2136
3 2246 2299 2131
3 2246 2243 2299
3 2136 2140 2247
3 2247 2246 2136
3 2247 2143 2249
3 2140 2143 2247
3 2143 2149 2252
3 2252 2249 2143
3 2252 2151 2254
3 2149 2151 2252
3 2151 2152 2260
3 2260 2254 2151
3 2179 2260 2296
3 2260 2062 2296
3 2260 2152 2062
3 2303 2301 2439
3 2439 2444 2303
3 2465 2303 2444
3 2305 2303 2465
3 2312 2308 2471
3 2471 2473 2312
3 2471 2305 2465
3 2308 2305 2471
3 2337 2312 2473
3 2473 2499 2337
3 2439 2341 2504
3 2301 2341 2439
3 2345 2343 2551
3 2540 2337 2499
3 2347 2337 2540
3 2540 2343 2347
3 2540 2551 2343
3 2540 2541 2551
3 2352 2551 2556
3 2345 2551 2352
3 2356 2556 2563
3 2352 2556 2356
3 2556 2551 2541
3 2541 2542 2556
3 2563 2556 2542
3 2542 2485 2563
3 2617 2603 2685
3 2603 2438 2685
3 2438 2442 2685
3 2685 2442 2449
3 2621 2692 2622
3 2621 2453 2692
3 2453 2455 2692
3 2621 2625 2453
3 2461 2457 2629
3 2629 2631 2461
3 2634 2461 2631
3 2462 2461 2634
3 2467 2462 2634
3 2634 2638 2467
3 2641 2467 2638
3 2469 2467 2641
3 2654 2698 2662
3 2654 2664 2698
3 2664 2474 2698
3 2474 2476 2698
3 2641 2662 2469
3 2662 2698 2469
3 2698 2481 2469
3 2698 2476 2481
3 2664 2622 2474
3 2622 2692 2474
3 2692 2487 2474
3 2692 2455 2487
3 2670 2501 2673
3 2497 2501 2670
3 2674 2522 2675
3 2520 2522 2674
3 2524 2520 2674
3 2674 2667 2524
3 2522 2497 2670
3 2670 2675 2522
3 2678 2529 2680
3 2528 2529 2678
3 2501 2528 2678
3 2678 2673 2501
3 2529 2453 2625
3 2625 2680 2529
3 2996 2991 3093
3 2991 2857 3093
3 2991 2853 2857
3 2996 3093 3003
3 3093 2857 2865
3 3008 2872 3098
3 3008 2865 2872
3 3008 3093 2865
3 3008 3003 3093
3 3098 2872 2878
3 3008 3098 3014
3 3015 3098 2886
3 3098 2878 2886
3 3015 3014 3098
3 3016 2890 3104
3 3016 2886 2890
3 3016 3015 2886
3 3104 2890 2894
3 3104 3111 3017
3 3017 3016 3104
3 3111 3092 3018
3 3018 3017 3111
3 3018 3092 2995
3 3111 2894 2912
3 3104 2894 3111
3 3092 2912 2850
3 3111 2912 3092
3 3004 3000 3237
3 3134 3004 3237
3 3134 3242 3004
3 3242 3026 3004
3 3134 3139 3242
3 3029 3026 3242
3 3148 3242 3139
3 3148 3033 3242
3 3033 3029 3242
3 3148 3154 3033
3 3154 3037 3033
3 3154 3244 3037
3 3154 3174 3244
3 3198 3244 3174
3 3041 3037 3244
3 3198 3041 3244
3 3198 3201 3041
3 3201 3044 3041
3 3201 3246 3044
3 3263 3246 3201
3 3201 3202 3263
3 3046 3044 3246
3 3049 3246 3263
3 3046 3246 3049
3 3204 3263 3202
3 3204 3051 3263
3 3051 3049 3263
3 3204 3206 3051
3 3207 3051 3206
3 3058 3051 3207
3 3207 2992 3058
3 3207 3208 2992
3 3208 3232 2992
3 3158 3232 3208
3 3235 3232 3158
3 3135 3366 3375
3 3375 3141 3135
3 3375 3366 3276
3 3276 3279 3375
3 3141 3375 3381
3 3381 3145 3141
3 3381 3375 3279
3 3279 3281 3381
3 3145 3381 3384
3 3384 3152 3145
3 3284 3381 3281
3 3384 3381 3284
3 3159 3152 3384
3 3284 3159 3384
3 3284 3334 3159
3 3334 3164 3159
3 3334 3394 3164
3 3338 3394 3334
3 3164 3394 3401
3 3401 3171 3164
3 3178 3171 3401
3 3401 3394 3338
3 3338 3341 3401
3 3341 3178 3401
3 3341 3343 3178
3 3343 3405 3178
3 3405 3182 3178
3 3345 3405 3343
3 3182 3405 3407
3 3407 3192 3182
3 3345 3347 3405
3 3347 3409 3405
3 3409 3407 3405
3 3195 3192 3407
3 3364 3407 3409
3 3364 3134 3407
3 3134 3195 3407
3 3348 3409 3347
3 3348 3349 3409
3 3349 3373 3409
3 3373 3364 3409
3 3274 3373 3349
3 3280 3275 3505
3 3286 3283 3508
3 3508 3294 3512
3 3283 3294 3508
3 3435 3439 3508
3 3439 3286 3508
3 3439 3505 3286
3 3505 3275 3286
3 3435 3512 3441
3 3508 3512 3435
3 3300 3317 3517
3 3517 3271 3503
3 3317 3271 3517
3 3867 3880 3886
3 3886 3883 3867
3 3886 3890 3894
3 3880 3890 3886
3 3883 3886 3899
3 3899 3896 3883
3 3899 3894 3900
3 3886 3894 3899
3 3705 3704 3896
3 3706 3896 3899
3 3705 3896 3706
3 3708 3899 3900
3 3706 3899 3708
3 237 295 239
3 293 295 237
3 239 300 244
3 295 300 239
3 244 300 226
3 377 460 380
3 458 460 377
3 460 463 383
3 383 380 460
3 460 237 239
3 458 237 460
3 463 239 244
3 460 239 463
3 383 466 385
3 463 466 383
3 385 466 388
3 226 463 244
3 226 466 463
3 226 459 466
3 392 459 462
3 392 388 459
3 388 466 459
3 392 464 396
3 462 464 392
3 396 464 399
3 240 236 477
3 477 478 240
3 246 240 478
3 389 482 382
3 477 482 389
3 389 393 477
3 393 398 477
3 398 478 477
3 398 487 478
3 487 491 478
3 491 246 478
3 491 255 246
3 400 487 398
3 491 487 400
3 400 401 491
3 271 255 491
3 491 493 271
3 242 271 493
3 493 498 242
3 402 491 401
3 493 491 402
3 498 493 402
3 402 403 498
3 245 242 498
3 498 510 245
3 512 245 510
3 249 245 512
3 510 498 403
3 403 434 510
3 437 510 434
3 512 510 437
3 512 252 249
3 512 511 252
3 512 513 511
3 442 511 513
3 442 440 511
3 440 514 511
3 445 512 437
3 513 512 445
3 442 513 445
3 521 514 440
3 440 448 521
3 432 521 448
3 667 757 665
3 673 818 672
3 672 814 675
3 818 814 672
3 679 825 678
3 678 827 682
3 825 827 678
3 679 826 825
3 679 665 826
3 665 757 826
3 826 827 825
3 826 525 827
3 826 532 525
3 673 535 818
3 673 537 535
3 673 827 537
3 673 682 827
3 818 535 544
3 544 814 818
3 525 537 827
3 687 828 686
3 828 758 666
3 666 686 828
3 687 549 828
3 687 551 549
3 687 675 551
3 675 814 551
3 828 549 555
3 555 758 828
3 863 950 859
3 863 868 950
3 868 703 950
3 868 705 703
3 868 957 705
3 894 957 868
3 706 705 957
3 894 902 957
3 902 709 957
3 709 706 957
3 902 966 709
3 966 710 709
3 902 904 966
3 712 710 966
3 908 966 904
3 908 712 966
3 908 714 712
3 908 912 714
3 912 971 714
3 975 714 971
3 715 714 975
3 915 971 912
3 917 971 915
3 975 971 917
3 719 715 975
3 917 719 975
3 917 920 719
3 920 720 719
3 920 921 720
3 921 938 720
3 938 723 720
3 725 723 938
3 938 944 725
3 946 725 944
3 718 725 946
3 843 938 921
3 985 863 859
3 985 1085 863
3 985 995 1085
3 868 863 1085
3 999 1085 995
3 999 1003 1085
3 1003 868 1085
3 1003 894 868
3 1003 1008 894
3 1008 1104 894
3 1104 902 894
3 904 902 1104
3 1016 1104 1008
3 1016 904 1104
3 1016 908 904
3 1016 1024 908
3 1024 1106 908
3 1025 1106 1024
3 912 908 1106
3 1025 1026 1106
3 1026 912 1106
3 1026 915 912
3 1026 917 915
3 1026 1027 917
3 1027 1110 917
3 1112 917 1110
3 920 917 1112
3 921 920 1112
3 1029 1110 1027
3 1112 1110 1029
3 1029 1031 1112
3 1031 983 1112
3 983 921 1112
3 983 843 921
3 1668 1419 1666
3 1433 1419 1668
3 1670 1433 1668
3 1437 1433 1670
3 1553 1666 1549
3 1561 1666 1553
3 1668 1666 1561
3 1670 1668 1561
3 1561 1575 1670
3 1679 1451 1455
3 1667 1451 1679
3 1682 1455 1459
3 1679 1455 1682
3 1559 1679 1598
3 1667 1679 1559
3 1598 1682 1603
3 1679 1682 1598
3 1613 1608 1480
3 1608 1682 1480
3 1682 1459 1480
3 1613 1483 1618
3 1480 1483 1613
3 1603 1682 1608
3 1452 1490 1617
3 1617 1578 1452
3 1483 1492 1627
3 1627 1618 1483
3 1493 1421 1569
3 1569 1629 1493
3 1627 1493 1629
3 1492 1493 1627
3 1690 1564 1692
3 1558 1564 1690
3 1564 1574 1696
3 1696 1692 1564
3 1702 1581 1812
3 1702 1696 1581
3 1696 1574 1581
3 1702 1812 1704
3 1812 1581 1585
3 1717 1704 1588
3 1704 1812 1588
3 1812 1585 1588
3 1588 1590 1722
3 1722 1717 1588
3 1723 1722 1821
3 1722 1590 1821
3 1590 1594 1821
3 1821 1594 1600
3 1723 1821 1728
3 1750 1821 1606
3 1821 1600 1606
3 1750 1728 1821
3 1753 1750 1823
3 1750 1612 1823
3 1750 1606 1612
3 1823 1612 1625
3 1753 1823 1755
3 1756 1625 1633
3 1756 1755 1625
3 1755 1823 1625
3 1756 1641 1758
3 1633 1641 1756
3 1641 1642 1759
3 1759 1758 1641
3 1759 1644 1761
3 1642 1644 1759
3 1644 1645 1763
3 1763 1761 1644
3 1763 1646 1767
3 1645 1646 1763
3 1646 1541 1707
3 1707 1767 1646
3 1965 1967 2106
3 2106 2104 1965
3 2106 1973 2108
3 1967 1973 2106
3 2108 1981 2110
3 1973 1981 2108
3 1981 1987 2111
3 2111 2110 1981
3 2111 2006 2113
3 1987 2006 2111
3 2006 2020 2117
3 2117 2113 2006
3 2117 2023 2119
3 2020 2023 2117
3 2023 2025 2120
3 2120 2119 2023
3 2120 2026 2123
3 2025 2026 2120
3 2123 2030 2125
3 2026 2030 2123
3 2030 2033 2131
3 2131 2125 2030
3 2131 2037 2136
3 2033 2037 2131
3 2037 2039 2140
3 2140 2136 2037
3 2140 2041 2143
3 2039 2041 2140
3 2041 2042 2149
3 2149 2143 2041
3 2149 2044 2151
3 2042 2044 2149
3 2044 2045 2152
3 2152 2151 2044
3 2152 1945 2062
3 2045 1945 2152
3 2071 2064 2295
3 2063 2078 2189
3 2189 2182 2063
3 2089 2085 2205
3 2205 2215 2089
3 2095 2092 2226
3 2226 2230 2095
3 2234 2226 2295
3 2226 2071 2295
3 2226 2092 2071
3 2205 2095 2230
3 2085 2095 2205
3 2118 2099 2238
3 2238 2240 2118
3 2238 2089 2215
3 2099 2089 2238
3 2189 2118 2240
3 2078 2118 2189
3 2128 2126 2248
3 2248 2261 2128
3 2264 2064 2134
3 2264 2295 2064
3 2264 2268 2295
3 2264 2128 2261
3 2134 2128 2264
3 2248 2146 2270
3 2126 2146 2248
3 2270 2153 2272
3 2146 2153 2270
3 2156 2155 2279
3 2279 2282 2156
3 2279 2158 2283
3 2155 2158 2279
3 2158 2160 2285
3 2285 2283 2158
3 2160 2104 2192
3 2192 2285 2160
3 2272 2156 2282
3 2153 2156 2272
3 2234 2295 2268
3 2544 2361 2365
3 2544 2547 2445
3 2445 2441 2544
3 2445 2550 2470
3 2547 2550 2445
3 2547 2365 2368
3 2544 2365 2547
3 2550 2368 2323
3 2547 2368 2550
3 2356 2563 2565
3 2565 2374 2356
3 2374 2565 2568
3 2568 2376 2374
3 2491 2563 2485
3 2565 2563 2491
3 2568 2565 2491
3 2491 2495 2568
3 2392 2376 2568
3 2495 2512 2568
3 2512 2392 2568
3 2512 2395 2392
3 2398 2395 2512
3 2512 2518 2398
3 2523 2398 2518
3 2403 2398 2523
3 2405 2403 2523
3 2523 2530 2405
3 2533 2405 2530
3 2410 2405 2533
3 2538 2410 2533
3 2413 2410 2538
3 2415 2413 2538
3 2538 2539 2415
3 2437 2415 2539
3 2317 2415 2437
3 2582 2585 2729
3 2729 2724 2582
3 2729 2590 2731
3 2585 2590 2729
3 2650 2626 2740
3 2740 2751 2650
3 2753 2650 2751
3 2665 2650 2753
3 2753 2756 2665
3 2756 2668 2665
3 2756 2818 2668
3 2759 2818 2756
3 2668 2818 2820
3 2820 2672 2668
3 2820 2818 2759
3 2759 2765 2820
3 2676 2672 2820
3 2765 2676 2820
3 2765 2677 2676
3 2765 2771 2677
3 2771 2776 2677
3 2776 2837 2677
3 2837 2679 2677
3 2681 2679 2837
3 2784 2837 2776
3 2784 2802 2837
3 2802 2681 2837
3 2802 2682 2681
3 2802 2819 2682
3 2819 2577 2682
3 2802 2806 2819
3 2726 2819 2806
3 2993 2859 3001
3 2849 2859 2993
3 3006 2864 3094
3 3006 3001 2864
3 3001 2859 2864
3 2864 2874 3099
3 3099 3094 2864
3 2874 2877 3102
3 3102 3099 2874
3 3102 2877 2882
3 3006 3094 3011
3 3011 3099 3020
3 3094 3099 3011
3 3099 3102 3022
3 3022 3020 3099
3 3025 3022 2893
3 3022 2882 2893
3 3022 3102 2882
3 3031 2893 3118
3 2893 2897 3118
3 3031 3025 2893
3 3031 3118 3034
3 3118 2897 2918
3 3038 2921 3124
3 3038 3034 2921
3 3034 2918 2921
3 3034 3118 2918
3 3124 2921 2924
3 3038 3124 3045
3 3069 2924 2937
3 3069 3124 2924
3 3069 3045 3124
3 3079 2945 3130
3 3079 2937 2945
3 3079 3069 2937
3 3130 2945 2946
3 3079 3130 3081
3 2991 3081 2853
3 3081 3130 2853
3 3130 2946 2853
3 3229 2995 2999
3 3234 2999 3010
3 3229 2999 3234
3 3076 3240 3248
3 3248 3080 3076
3 3082 3080 3248
3 3141 3240 3135
3 3248 3240 3141
3 3141 3082 3248
3 3141 3145 3082
3 3145 3083 3082
3 3152 3083 3145
3 3084 3083 3152
3 3152 3159 3084
3 3159 3085 3084
3 3159 3253 3085
3 3164 3253 3159
3 3085 3253 3257
3 3257 3086 3085
3 3257 3253 3164
3 3164 3171 3257
3 3087 3086 3257
3 3171 3087 3257
3 3171 3088 3087
3 3171 3178 3088
3 3178 3260 3088
3 3182 3260 3178
3 3089 3088 3260
3 3182 3192 3260
3 3192 3089 3260
3 3192 3090 3089
3 3192 3237 3090
3 3237 3000 3090
3 3192 3195 3237
3 3134 3237 3195
3 3515 3514 3429
3 3429 3432 3515
3 3434 3515 3432
3 3522 3515 3434
3 3438 3526 3444
3 3465 3522 3434
3 3527 3522 3465
3 3465 3278 3527
3 3465 3444 3278
3 3444 3526 3278
3 3526 3273 3278
3 3282 3514 3515
3 3515 3311 3282
3 3311 3515 3522
3 3522 3315 3311
3 3315 3522 3527
3 3527 3321 3315
3 3527 3278 3321
3 3477 3526 3438
3 3529 3526 3477
3 3477 3458 3529
3 3458 3328 3529
3 3458 3525 3328
3 3525 3325 3328
3 3273 3526 3529
3 3529 3332 3273
3 3529 3328 3332
3 3525 3298 3325
3 3756 3757 3787
3 3787 3784 3756
3 3790 3562 3565
3 3790 3757 3562
3 3790 3787 3757
3 3784 3787 3711
3 3711 3703 3784
3 3711 3790 3715
3 3787 3790 3711
3 3565 3568 3792
3 3792 3790 3565
3 3792 3572 3795
3 3568 3572 3792
3 3720 3792 3798
3 3720 3790 3792
3 3720 3715 3790
3 3792 3795 3800
3 3800 3798 3792
3 3720 3798 3724
3 3724 3800 3727
3 3798 3800 3724
3 3795 3572 3578
3 3804 3800 3580
3 3800 3578 3580
3 3800 3795 3578
3 3804 3580 3583
3 3732 3800 3806
3 3800 3804 3806
3 3732 3727 3800
3 3807 3806 3584
3 3806 3583 3584
3 3806 3804 3583
3 3732 3806 3733
3 3739 3733 3809
3 3733 3806 3809
3 3806 3807 3809
3 3807 3584 3585
3 3811 3809 3586
3 3809 3585 3586
3 3809 3807 3585
3 3811 3586 3587
3 3739 3812 3742
3 3809 3812 3739
3 3742 3812 3746
3 3812 3811 3814
3 3809 3811 3812
3 3814 3587 3588
3 3811 3587 3814
3 3749 3746 3815
3 3746 3814 3815
3 3746 3812 3814
3 3815 3588 3590
3 3814 3588 3815
3 3749 3817 3752
3 3815 3817 3749
3 3818 3815 3591
3 3815 3590 3591
3 3818 3817 3815
3 3817 3765 3707
3 3707 3752 3817
3 3817 3818 3769
3 3769 3765 3817
3 3818 3591 3592
3 3769 3592 3593
3 3818 3592 3769
3 42 77 20
3 20 18 42
3 23 44 38
3 23 77 44
3 23 20 77
3 77 42 49
3 49 78 77
3 44 77 78
3 78 53 44
3 79 47 24
3 24 26 79
3 49 47 79
3 79 80 49
3 26 27 79
3 27 40 79
3 27 37 40
3 43 79 40
3 80 79 43
3 78 49 80
3 80 81 78
3 53 78 81
3 81 73 53
3 61 80 43
3 81 80 61
3 39 81 61
3 73 81 39
3 91 157 95
3 147 157 91
3 95 161 99
3 157 161 95
3 99 161 102
3 170 147 156
3 157 147 170
3 161 157 170
3 170 182 161
3 22 156 0
3 22 170 156
3 22 186 170
3 188 170 186
3 182 170 188
3 115 102 192
3 102 182 192
3 102 161 182
3 192 193 118
3 118 115 192
3 192 182 188
3 188 194 192
3 195 192 194
3 193 192 195
3 118 193 126
3 129 195 197
3 129 126 195
3 126 193 195
3 129 197 131
3 186 22 25
3 188 25 28
3 186 25 188
3 30 194 28
3 194 188 28
3 30 201 194
3 195 194 201
3 201 205 195
3 201 30 32
3 33 205 32
3 205 201 32
3 33 206 205
3 206 33 34
3 34 207 206
3 207 34 35
3 197 195 205
3 205 208 197
3 131 208 132
3 197 208 131
3 208 205 206
3 206 210 208
3 133 210 213
3 133 208 210
3 133 132 208
3 133 213 135
3 215 206 207
3 210 206 215
3 213 210 215
3 215 216 213
3 21 174 35
3 174 215 35
3 215 207 35
3 176 215 174
3 216 215 176
3 135 216 136
3 213 216 135
3 136 176 86
3 216 176 136
3 231 294 225
3 225 318 234
3 294 318 225
3 318 293 237
3 237 234 318
3 265 329 241
3 269 329 265
3 334 329 269
3 228 334 269
3 296 334 228
3 275 343 273
3 280 345 278
3 275 349 343
3 275 278 349
3 278 345 349
3 285 352 283
3 288 359 287
3 285 363 352
3 285 287 363
3 287 359 363
3 280 283 345
3 283 352 345
3 352 367 345
3 367 88 345
3 88 349 345
3 88 85 349
3 363 90 352
3 90 367 352
3 363 93 90
3 90 88 367
3 273 369 289
3 343 369 273
3 231 370 294
3 231 289 370
3 289 369 370
3 369 343 349
3 349 371 369
3 371 100 369
3 100 370 369
3 100 96 370
3 318 294 370
3 370 372 318
3 297 318 372
3 293 318 297
3 370 96 101
3 101 372 370
3 372 101 91
3 91 297 372
3 349 85 109
3 109 371 349
3 109 100 371
3 290 359 288
3 373 359 290
3 363 359 373
3 373 374 363
3 290 375 373
3 290 241 375
3 241 329 375
3 375 116 373
3 116 113 373
3 113 374 373
3 93 363 374
3 374 119 93
3 113 119 374
3 375 329 334
3 334 376 375
3 116 375 376
3 376 124 116
3 376 334 296
3 296 311 376
3 124 376 311
3 311 98 124
3 532 610 525
3 537 612 535
3 535 614 544
3 612 614 535
3 537 610 612
3 610 414 612
3 414 410 612
3 537 525 610
3 612 410 415
3 415 614 612
3 551 616 549
3 616 609 555
3 555 549 616
3 619 399 404
3 530 529 621
3 529 619 621
3 619 406 621
3 619 404 406
3 530 621 574
3 621 406 407
3 578 574 624
3 574 621 624
3 621 408 624
3 621 407 408
3 624 408 412
3 578 624 581
3 584 624 629
3 624 412 629
3 412 417 629
3 584 581 624
3 584 629 585
3 629 417 419
3 419 630 629
3 585 630 586
3 629 630 585
3 630 419 421
3 588 421 634
3 421 423 634
3 588 630 421
3 588 586 630
3 634 423 424
3 424 637 634
3 588 634 589
3 634 637 590
3 590 589 634
3 637 424 426
3 426 639 637
3 639 426 428
3 428 640 639
3 590 639 591
3 637 639 590
3 591 640 553
3 639 640 591
3 539 642 536
3 539 541 642
3 541 644 642
3 644 382 642
3 644 389 382
3 661 389 644
3 393 389 661
3 545 644 541
3 661 644 545
3 545 550 661
3 398 393 661
3 550 554 661
3 554 398 661
3 554 662 398
3 662 400 398
3 401 400 662
3 662 663 401
3 664 401 663
3 402 401 664
3 403 402 664
3 664 649 403
3 557 662 554
3 663 662 557
3 557 560 663
3 664 663 560
3 560 562 664
3 649 664 562
3 562 568 649
3 434 403 649
3 649 651 434
3 437 434 651
3 651 652 437
3 653 440 442
3 655 437 652
3 445 437 655
3 567 442 655
3 442 445 655
3 567 653 442
3 567 565 653
3 651 649 568
3 568 570 651
3 572 651 570
3 652 651 572
3 575 652 572
3 655 652 575
3 567 655 575
3 657 440 653
3 448 440 657
3 582 648 657
3 648 432 657
3 432 448 657
3 582 580 648
3 583 653 565
3 657 653 583
3 582 657 583
3 548 648 580
3 762 529 530
3 574 768 530
3 768 764 530
3 764 762 530
3 768 574 578
3 697 768 774
3 697 695 768
3 695 764 768
3 697 774 699
3 581 768 578
3 581 774 768
3 581 776 774
3 774 776 701
3 701 699 774
3 776 581 584
3 750 585 778
3 750 584 585
3 750 776 584
3 750 701 776
3 778 585 586
3 586 780 778
3 750 778 751
3 778 780 752
3 752 751 778
3 780 586 588
3 753 589 784
3 753 588 589
3 753 752 588
3 752 780 588
3 753 784 754
3 784 589 590
3 590 785 784
3 784 785 755
3 755 754 784
3 785 590 591
3 591 786 785
3 785 786 756
3 756 755 785
3 786 591 553
3 553 788 786
3 786 788 707
3 707 756 786
3 1271 1129 1279
3 1121 1129 1271
3 1129 1134 1286
3 1286 1279 1129
3 1289 1151 1381
3 1289 1286 1151
3 1286 1134 1151
3 1289 1383 1296
3 1381 1383 1289
3 1381 1151 1157
3 1383 1157 1160
3 1381 1157 1383
3 1296 1383 1299
3 1301 1160 1167
3 1301 1299 1160
3 1299 1383 1160
3 1302 1301 1390
3 1301 1169 1390
3 1301 1167 1169
3 1302 1390 1304
3 1390 1169 1175
3 1307 1304 1179
3 1304 1390 1179
3 1390 1175 1179
3 1310 1307 1399
3 1307 1189 1399
3 1307 1179 1189
3 1399 1189 1193
3 1310 1399 1313
3 1317 1313 1406
3 1313 1399 1406
3 1399 1193 1406
3 1193 1200 1406
3 1317 1406 1321
3 1406 1200 1207
3 1326 1321 1410
3 1321 1406 1410
3 1406 1207 1410
3 1207 1218 1410
3 1410 1218 1221
3 1326 1410 1329
3 1331 1329 1379
3 1329 1141 1379
3 1329 1410 1141
3 1410 1221 1141
3 1331 1379 1288
3 1277 1283 1476
3 1476 1418 1277
3 1476 1287 1451
3 1283 1287 1476
3 1316 1306 1475
3 1475 1478 1316
3 1479 1316 1478
3 1319 1316 1479
3 1497 1319 1479
3 1323 1319 1497
3 1503 1323 1497
3 1330 1323 1503
3 1503 1335 1330
3 1503 1534 1335
3 1503 1510 1534
3 1338 1335 1534
3 1512 1534 1510
3 1512 1514 1534
3 1514 1338 1534
3 1514 1345 1338
3 1514 1348 1345
3 1514 1537 1348
3 1514 1517 1537
3 1520 1537 1517
3 1366 1348 1537
3 1520 1422 1537
3 1422 1366 1537
3 1422 1269 1366
3 1445 1421 1532
3 1421 1276 1532
3 1276 1282 1532
3 1445 1532 1452
3 1536 1292 1308
3 1477 1462 1536
3 1462 1292 1536
3 1462 1314 1292
3 1324 1285 1437
3 1437 1481 1324
3 1485 1324 1481
3 1328 1324 1485
3 1334 1328 1485
3 1485 1486 1334
3 1341 1334 1486
3 1486 1488 1341
3 1540 1346 1347
3 1500 1494 1540
3 1494 1346 1540
3 1494 1349 1346
3 1488 1347 1341
3 1488 1506 1347
3 1506 1540 1347
3 1500 1540 1506
3 1494 1308 1349
3 1494 1536 1308
3 1494 1511 1536
3 1477 1536 1511
3 1370 1372 1518
3 1518 1516 1370
3 1373 1374 1522
3 1522 1521 1373
3 1490 1373 1521
3 1311 1373 1490
3 1522 1370 1516
3 1374 1370 1522
3 1375 1376 1524
3 1524 1523 1375
3 1518 1375 1523
3 1372 1375 1518
3 1524 1314 1462
3 1376 1314 1524
3 1691 1726 1805
3 1726 1543 1805
3 1726 1552 1543
3 1736 1809 1732
3 1726 1809 1552
3 1809 1556 1552
3 1726 1732 1809
3 1736 1740 1809
3 1740 1563 1809
3 1563 1560 1809
3 1560 1556 1809
3 1567 1563 1740
3 1740 1746 1567
3 1543 1571 1805
3 1774 1814 1768
3 1774 1779 1814
3 1779 1596 1814
3 1779 1623 1596
3 1746 1814 1567
3 1814 1631 1567
3 1746 1768 1814
3 1596 1631 1814
3 1783 1623 1779
3 1640 1623 1783
3 1737 1640 1783
3 1568 1640 1737
3 1840 1691 1832
3 1726 1691 1840
3 1847 1732 1845
3 1736 1732 1847
3 1732 1726 1840
3 1840 1845 1732
3 1850 1736 1847
3 1740 1736 1850
3 1854 1740 1850
3 1746 1740 1854
3 1864 1768 1863
3 1774 1768 1864
3 1865 1774 1864
3 1779 1774 1865
3 1768 1746 1854
3 1854 1863 1768
3 1867 1779 1865
3 1783 1779 1867
3 1868 1783 1867
3 1737 1783 1868
3 1693 1695 1836
3 1836 1833 1693
3 1849 1693 1833
3 1698 1693 1849
3 1852 1695 1943
3 1695 1700 1943
3 1852 1836 1695
3 1944 1703 1706
3 1710 1715 1888
3 1888 1884 1710
3 1727 1721 1892
3 1892 1894 1727
3 1895 1727 1894
3 1731 1727 1895
3 1741 1731 1895
3 1895 1897 1741
3 1888 1741 1897
3 1715 1741 1888
3 1754 1710 1884
3 1884 1901 1754
3 1910 1754 1901
3 1757 1754 1910
3 1762 1765 1915
3 1915 1913 1762
3 1913 1918 1762
3 1918 1944 1762
3 1944 1706 1762
3 1915 1757 1910
3 1765 1757 1915
3 1924 1922 1776
3 1922 1943 1776
3 1943 1771 1776
3 1778 1782 1926
3 1926 1925 1778
3 1924 1778 1925
3 1776 1778 1924
3 1787 1790 1930
3 1930 1928 1787
3 1938 1792 1944
3 1792 1703 1944
3 1938 1936 1792
3 1930 1792 1936
3 1790 1792 1930
3 1926 1787 1928
3 1782 1787 1926
3 1852 1943 1922
3 1938 1944 1918
3 1946 1846 1959
3 1841 1846 1946
3 1846 1851 1964
3 1964 1959 1846
3 1851 1883 1969
3 1969 1964 1851
3 1969 1887 1980
3 1883 1887 1969
3 1889 1868 2008
3 2008 2012 1889
3 1900 1889 2012
3 2012 2016 1900
3 2022 1900 2016
3 1903 1900 2022
3 2022 2061 1903
3 2061 1906 1903
3 2022 2027 2061
3 1908 1906 2061
3 2032 2061 2027
3 2032 2057 2061
3 2057 1911 2061
3 1911 1908 2061
3 2058 1911 2057
3 1914 1911 2058
3 2059 1914 2058
3 1932 1914 2059
3 1933 1932 2059
3 2059 2060 1933
3 1826 1933 2060
3 2060 1947 1826
3 1945 1954 2069
3 2069 2062 1945
3 2069 1960 2080
3 1954 1960 2069
3 2080 1971 2084
3 1960 1971 2080
3 1971 1997 2088
3 2088 2084 1971
3 1997 2001 2091
3 2091 2088 1997
3 2091 2005 2094
3 2001 2005 2091
3 2094 1946 2075
3 2005 1946 2094
3 2195 2077 2207
3 2067 2077 2195
3 2101 2067 2195
3 2195 2210 2101
3 2207 2132 2216
3 2077 2132 2207
3 2239 2298 2242
3 2245 2148 2250
3 2144 2148 2245
3 2150 2105 2209
3 2209 2256 2150
3 2258 2150 2256
3 2154 2150 2258
3 2263 2154 2258
3 2157 2154 2263
3 2148 2157 2263
3 2263 2250 2148
3 2267 2144 2245
3 2164 2144 2267
3 2165 2164 2267
3 2267 2269 2165
3 2271 2167 2273
3 2166 2167 2271
3 2271 2169 2166
3 2271 2298 2169
3 2271 2242 2298
3 2167 2165 2269
3 2269 2273 2167
3 2276 2171 2278
3 2170 2171 2276
3 2280 2173 2281
3 2172 2173 2280
3 2171 2172 2280
3 2280 2278 2171
3 2284 2175 2286
3 2174 2175 2284
3 2239 2287 2298
3 2287 2176 2298
3 2176 2177 2298
3 2175 2176 2287
3 2287 2286 2175
3 2173 2174 2284
3 2284 2281 2173
3 2132 2170 2276
3 2276 2216 2132
3 2298 2177 2169
3 2313 2310 2207
3 2310 2420 2207
3 2420 2195 2207
3 2420 2210 2195
3 2316 2207 2424
3 2207 2216 2424
3 2316 2313 2207
3 2322 2242 2326
3 2239 2242 2322
3 2330 2429 2353
3 2330 2357 2429
3 2357 2250 2429
3 2357 2245 2250
3 2256 2209 2314
3 2314 2373 2256
3 2377 2256 2373
3 2258 2256 2377
3 2377 2353 2258
3 2353 2429 2258
3 2429 2263 2258
3 2429 2250 2263
3 2381 2431 2382
3 2267 2245 2357
3 2357 2384 2267
3 2384 2431 2267
3 2431 2269 2267
3 2384 2382 2431
3 2381 2387 2431
3 2387 2271 2431
3 2271 2273 2431
3 2242 2271 2387
3 2387 2326 2242
3 2431 2273 2269
3 2399 2424 2278
3 2424 2276 2278
3 2399 2338 2424
3 2401 2281 2404
3 2280 2281 2401
3 2278 2280 2401
3 2401 2399 2278
3 2407 2286 2408
3 2284 2286 2407
3 2411 2239 2322
3 2287 2239 2411
3 2286 2287 2411
3 2411 2408 2286
3 2281 2284 2407
3 2407 2404 2281
3 2424 2216 2276
3 2478 2472 2578
3 2578 2583 2478
3 2483 2480 2586
3 2586 2588 2483
3 2586 2478 2583
3 2480 2478 2586
3 2493 2490 2592
3 2592 2594 2493
3 2504 2500 2612
3 2612 2606 2504
3 2612 2493 2594
3 2500 2493 2612
3 2592 2483 2588
3 2490 2483 2592
3 2509 2507 2686
3 2632 2636 2511
3 2636 2686 2511
3 2686 2507 2511
3 2516 2514 2690
3 2639 2644 2519
3 2644 2690 2519
3 2690 2514 2519
3 2647 2511 2690
3 2511 2516 2690
3 2647 2632 2511
3 2647 2690 2644
3 2639 2521 2652
3 2519 2521 2639
3 2521 2531 2655
3 2655 2652 2521
3 2655 2534 2658
3 2531 2534 2655
3 2658 2436 2591
3 2534 2436 2658
3 2661 2509 2686
3 2661 2472 2509
3 2661 2578 2472
3 2661 2686 2636
3 2580 2577 2819
3 2726 2823 2819
3 2823 2584 2819
3 2584 2580 2819
3 2726 2737 2823
3 2601 2584 2823
3 2741 2823 2737
3 2741 2830 2823
3 2830 2601 2823
3 2830 2605 2601
3 2741 2745 2830
3 2748 2830 2745
3 2607 2605 2830
3 2748 2762 2830
3 2762 2607 2830
3 2762 2835 2607
3 2835 2609 2607
3 2611 2609 2835
3 2773 2835 2762
3 2773 2619 2835
3 2619 2611 2835
3 2773 2777 2619
3 2777 2623 2619
3 2777 2838 2623
3 2777 2781 2838
3 2785 2838 2781
3 2628 2623 2838
3 2785 2628 2838
3 2785 2635 2628
3 2785 2796 2635
3 2796 2798 2635
3 2798 2642 2635
3 2798 2841 2642
3 2645 2642 2841
3 2800 2841 2798
3 2843 2841 2800
3 2804 2843 2800
3 2649 2841 2843
3 2645 2841 2649
3 2804 2649 2843
3 2804 2613 2649
3 2804 2710 2613
3 2737 2726 2957
3 2855 2862 2957
3 2862 2737 2957
3 2862 2741 2737
3 2745 2741 2862
3 2862 2866 2745
3 2866 2748 2745
3 2866 2968 2748
3 2866 2884 2968
3 2762 2748 2968
3 2896 2968 2884
3 2896 2923 2968
3 2923 2762 2968
3 2923 2970 2762
3 2970 2773 2762
3 2926 2970 2923
3 2777 2773 2970
3 2926 2781 2970
3 2781 2777 2970
3 2926 2929 2781
3 2929 2785 2781
3 2929 2973 2785
3 2929 2932 2973
3 2935 2973 2932
3 2796 2785 2973
3 2935 2798 2973
3 2798 2796 2973
3 2935 2939 2798
3 2942 2798 2939
3 2800 2798 2942
3 2942 2804 2800
3 2942 2858 2804
3 2858 2974 2804
3 2710 2804 2974
3 2852 2848 3091
3 2994 2998 2869
3 2998 3091 2869
3 3091 2848 2869
3 3002 2885 3091
3 2885 2852 3091
3 3002 3009 2885
3 3002 3091 2998
3 2928 2891 3095
3 2891 2930 3100
3 3100 3095 2891
3 2930 2933 3106
3 3106 3100 2930
3 3043 2933 2936
3 3043 3005 2933
3 3005 3106 2933
3 2936 2849 2993
3 2993 3043 2936
3 2940 2938 3112
3 2943 2941 3114
3 3050 2940 3112
3 3050 3056 2940
3 3056 3114 2940
3 3114 2941 2940
3 3060 3063 2944
3 3063 2938 2944
3 3063 3112 2938
3 3066 2944 3095
3 2944 2928 3095
3 3066 3060 2944
3 3050 3112 3063
3 3070 2994 3114
3 2994 2943 3114
3 2994 2869 2943
3 3070 3114 3056
3 3095 3100 3077
3 3077 3066 3095
3 3100 3106 3012
3 3012 3077 3100
3 2997 2992 3232
3 3019 3232 3235
3 2997 3232 3019
3 3156 3241 3161
3 3234 3241 3156
3 3161 3243 3163
3 3241 3243 3161
3 3167 3163 3040
3 3163 3021 3040
3 3163 3243 3021
3 3173 3245 3177
3 3173 3040 3245
3 3040 3047 3245
3 3173 3167 3040
3 3234 3010 3053
3 3053 3241 3234
3 3241 3053 3057
3 3057 3243 3241
3 3243 3057 3021
3 3184 3247 3200
3 3245 3249 3205
3 3205 3177 3245
3 3245 3047 3062
3 3062 3249 3245
3 3184 3067 3247
3 3184 3205 3067
3 3205 3065 3067
3 3205 3249 3065
3 3249 3062 3065
3 3212 3071 3072
3 3212 3247 3071
3 3212 3200 3247
3 3216 3250 3218
3 3216 3072 3250
3 3072 3059 3250
3 3216 3212 3072
3 3247 3067 3071
3 3287 3358 3291
3 3296 3360 3298
3 3296 3291 3360
3 3291 3358 3360
3 3358 3363 3360
3 3320 3372 3323
3 3369 3372 3320
3 3369 3156 3161
3 3161 3372 3369
3 3372 3379 3326
3 3326 3323 3372
3 3372 3161 3163
3 3163 3379 3372
3 3331 3387 3333
3 3326 3390 3336
3 3379 3390 3326
3 3379 3163 3167
3 3167 3390 3379
3 3331 3177 3387
3 3331 3173 3177
3 3331 3336 3173
3 3336 3390 3173
3 3390 3167 3173
3 3333 3396 3339
3 3387 3396 3333
3 3344 3398 3346
3 3344 3200 3398
3 3344 3184 3200
3 3344 3396 3184
3 3344 3339 3396
3 3387 3177 3205
3 3205 3396 3387
3 3396 3205 3184
3 3287 3403 3358
3 3287 3346 3403
3 3346 3398 3403
3 3398 3200 3212
3 3212 3403 3398
3 3218 3358 3216
3 3358 3403 3216
3 3218 3363 3358
3 3403 3212 3216
3 3453 3631 3633
3 3633 3456 3453
3 3633 3631 3576
3 3576 3581 3633
3 3456 3633 3640
3 3640 3467 3456
3 3594 3633 3581
3 3640 3633 3594
3 3467 3640 3644
3 3644 3481 3467
3 3594 3598 3640
3 3598 3646 3640
3 3646 3644 3640
3 3484 3481 3644
3 3649 3644 3646
3 3649 3484 3644
3 3649 3490 3484
3 3490 3649 3655
3 3655 3496 3490
3 3497 3496 3655
3 3605 3646 3598
3 3609 3646 3605
3 3649 3646 3609
3 3609 3612 3649
3 3612 3687 3649
3 3687 3655 3649
3 3616 3687 3612
3 3691 3499 3687
3 3499 3497 3687
3 3497 3655 3687
3 3616 3691 3687
3 3616 3619 3691
3 3619 3695 3691
3 3622 3695 3619
3 3500 3499 3691
3 3698 3500 3695
3 3500 3691 3695
3 3698 3501 3500
3 3502 3501 3698
3 3622 3698 3695
3 3622 3624 3698
3 3624 3699 3698
3 3625 3699 3624
3 3642 3430 3699
3 3430 3502 3699
3 3502 3698 3699
3 3625 3634 3699
3 3634 3642 3699
3 3625 3570 3634
3 3707 3768 3709
3 3765 3768 3707
3 3768 3769 3771
3 3765 3769 3768
3 3709 3773 3710
3 3768 3773 3709
3 3773 3771 3775
3 3768 3771 3773
3 3712 3797 3714
3 3714 3802 3717
3 3797 3802 3714
3 3712 3803 3797
3 3712 3773 3803
3 3712 3710 3773
3 3563 3773 3559
3 3773 3775 3559
3 3563 3803 3773
3 3802 3803 3805
3 3797 3803 3802
3 3803 3563 3564
3 3564 3805 3803
3 3723 3808 3728
3 3810 3808 3723
3 3723 3731 3810
3 3813 3776 3708
3 3708 3735 3813
3 3816 3813 3735
3 3735 3737 3816
3 3763 3813 3772
3 3776 3813 3763
3 3569 3816 3567
3 3569 3772 3816
3 3772 3813 3816
3 3737 3728 3816
3 3728 3819 3816
3 3728 3808 3819
3 3819 3810 3820
3 3808 3810 3819
3 3567 3816 3819
3 3819 3573 3567
3 3573 3819 3820
3 3820 3600 3573
3 3740 3822 3744
3 3740 3802 3822
3 3802 3824 3822
3 3740 3717 3802
3 3731 3744 3810
3 3744 3822 3810
3 3822 3825 3810
3 3604 3822 3602
3 3822 3824 3602
3 3604 3825 3822
3 3608 3802 3607
3 3802 3805 3607
3 3608 3824 3802
3 3805 3564 3607
3 3824 3608 3602
3 3614 3810 3611
3 3810 3825 3611
3 3614 3820 3810
3 3825 3604 3611
3 3820 3614 3600
3 3769 3593 3618
3 3618 3771 3769
3 3771 3618 3620
3 3620 3775 3771
3 3775 3620 3559
3 3835 3898 3837
3 3893 3898 3835
3 3837 3902 3841
3 3898 3902 3837
3 3849 3890 3845
3 3904 3890 3849
3 3906 3904 3849
3 3849 3851 3906
3 3856 3910 3857
3 3856 3913 3910
3 3856 3841 3913
3 3841 3902 3913
3 3851 3857 3906
3 3857 3915 3906
3 3857 3910 3915
3 3915 3913 3918
3 3910 3913 3915
3 3898 3921 3925
3 3893 3921 3898
3 3921 3926 3927
3 3927 3925 3921
3 3902 3925 3928
3 3898 3925 3902
3 3928 3927 3929
3 3925 3927 3928
3 3926 3707 3709
3 3709 3927 3926
3 3927 3709 3710
3 3710 3929 3927
3 3913 3928 3931
3 3902 3928 3913
3 3714 3931 3712
3 3931 3928 3712
3 3928 3929 3712
3 3918 3931 3932
3 3913 3931 3918
3 3931 3714 3717
3 3717 3932 3931
3 3929 3710 3712
3 3890 3904 3943
3 3943 3894 3890
3 3943 3906 3944
3 3904 3906 3943
3 3894 3943 3945
3 3945 3900 3894
3 3945 3944 3947
3 3943 3944 3945
3 3906 3915 3950
3 3950 3944 3906
3 3950 3918 3951
3 3915 3918 3950
3 3728 3950 3723
3 3728 3944 3950
3 3728 3947 3944
3 3723 3950 3951
3 3951 3731 3723
3 3708 3900 3945
3 3945 3735 3708
3 3735 3945 3947
3 3947 3737 3735
3 3947 3728 3737
3 3744 3932 3740
3 3744 3918 3932
3 3744 3951 3918
3 3932 3717 3740
3 3951 3744 3731
3 3956 3842 3960
3 3838 3842 3956
3 3960 3836 3964
3 3842 3836 3960
3 3965 3960 3968
3 3956 3960 3965
3 3960 3964 3970
3 3970 3968 3960
3 3853 3962 3972
3 3848 3962 3853
3 3972 3965 3974
3 3962 3965 3972
3 3959 3853 3972
3 3959 3839 3853
3 3959 3957 3839
3 3972 3974 3967
3 3967 3959 3972
3 3965 3968 3977
3 3977 3974 3965
3 3977 3970 3981
3 3968 3970 3977
3 3967 3977 3982
3 3974 3977 3967
3 3982 3981 3958
3 3977 3981 3982
3 45 39 51
3 51 55 45
3 58 45 55
3 55 59 58
3 64 51 62
3 55 51 64
3 65 55 64
3 59 55 65
3 68 58 59
3 67 58 68
3 2 1 68
3 1 67 68
3 1 69 67
3 68 59 65
3 65 82 68
3 68 82 10
3 10 2 68
3 83 62 72
3 64 62 83
3 84 64 83
3 65 64 84
3 15 72 36
3 15 83 72
3 15 14 83
3 84 83 14
3 14 16 84
3 19 65 84
3 19 17 65
3 17 82 65
3 10 82 17
3 19 84 16
3 21 69 1
3 15 36 8
3 930 666 669
3 669 933 930
3 933 669 668
3 668 936 933
3 837 945 832
3 852 864 959
3 864 677 959
3 864 681 677
3 677 667 959
3 864 832 681
3 832 684 681
3 832 945 684
3 871 962 869
3 837 688 945
3 837 690 688
3 837 869 690
3 869 962 690
3 884 962 871
3 965 962 884
3 690 962 965
3 965 692 690
3 688 684 945
3 903 970 901
3 973 970 903
3 903 909 973
3 845 973 909
3 939 973 845
3 884 696 965
3 884 918 696
3 918 698 696
3 696 692 965
3 918 700 698
3 918 901 700
3 901 970 700
3 700 970 973
3 973 702 700
3 702 973 939
3 939 704 702
3 1225 1226 1129
3 1129 1121 1225
3 1129 1230 1134
3 1226 1230 1129
3 1226 981 990
3 1225 981 1226
3 1230 990 1004
3 1226 990 1230
3 1134 1230 1151
3 1157 1151 1011
3 1151 1004 1011
3 1151 1230 1004
3 1011 1013 1160
3 1160 1157 1011
3 1167 1160 1239
3 1160 1022 1239
3 1160 1013 1022
3 1167 1239 1169
3 1239 1022 1072
3 1175 1169 1073
3 1169 1239 1073
3 1239 1072 1073
3 1179 1074 1243
3 1179 1175 1074
3 1175 1073 1074
3 1179 1243 1189
3 1243 1074 1075
3 1193 1075 1246
3 1075 1076 1246
3 1193 1243 1075
3 1193 1189 1243
3 1246 1076 1077
3 1193 1246 1200
3 1207 1200 1078
3 1200 1246 1078
3 1246 1077 1078
3 1207 1079 1218
3 1078 1079 1207
3 1221 1079 1229
3 1079 993 1229
3 1221 1218 1079
3 1221 1229 1141
3 1244 987 1012
3 1248 1019 1028
3 1124 1030 1248
3 1030 1019 1248
3 1124 1119 1030
3 1250 1033 1034
3 1127 1126 1250
3 1126 1244 1250
3 1244 1012 1250
3 1012 1033 1250
3 1119 1034 1030
3 1119 1250 1034
3 1119 1128 1250
3 1127 1250 1128
3 1253 1007 1247
3 1036 1007 1253
3 1256 1036 1253
3 1037 1036 1256
3 1253 1247 1125
3 1125 1131 1253
3 1256 1253 1131
3 1131 1133 1256
3 1143 1037 1256
3 1143 1043 1037
3 1143 1136 1043
3 1046 1043 1136
3 1136 1148 1046
3 1143 1256 1133
3 1148 1028 1046
3 1148 1248 1028
3 1148 1153 1248
3 1124 1248 1153
3 1165 1162 1062
3 1162 1262 1062
3 1262 1052 1062
3 1195 1064 1244
3 1064 987 1244
3 1195 1178 1064
3 1165 1064 1178
3 1062 1064 1165
3 1199 1262 1162
3 1195 1244 1126
3 1281 1120 1274
3 1123 1120 1281
3 1285 1123 1281
3 1125 1123 1285
3 1130 1132 1290
3 1290 1287 1130
3 1132 1135 1300
3 1300 1290 1132
3 1391 1140 1142
3 1303 1140 1391
3 1303 1300 1140
3 1300 1135 1140
3 1398 1142 1147
3 1391 1142 1398
3 1303 1398 1305
3 1391 1398 1303
3 1387 1158 1161
3 1309 1282 1174
3 1282 1387 1174
3 1387 1161 1174
3 1405 1196 1199
3 1311 1309 1405
3 1309 1196 1405
3 1309 1174 1196
3 1315 1147 1206
3 1315 1312 1147
3 1312 1398 1147
3 1305 1398 1312
3 1276 1315 1387
3 1315 1158 1387
3 1315 1206 1158
3 1544 1659 1551
3 1659 1418 1476
3 1476 1664 1659
3 1664 1476 1451
3 1451 1667 1664
3 1551 1664 1555
3 1659 1664 1551
3 1555 1667 1559
3 1664 1667 1555
3 1572 1672 1568
3 1674 1672 1572
3 1576 1674 1572
3 1675 1674 1576
3 1478 1672 1674
3 1475 1672 1478
3 1479 1674 1675
3 1478 1674 1479
3 1599 1675 1576
3 1599 1497 1675
3 1497 1479 1675
3 1599 1605 1497
3 1503 1497 1605
3 1605 1607 1503
3 1510 1503 1607
3 1607 1614 1510
3 1619 1510 1614
3 1512 1510 1619
3 1514 1512 1619
3 1619 1637 1514
3 1638 1514 1637
3 1517 1514 1638
3 1639 1517 1638
3 1520 1517 1639
3 1422 1520 1639
3 1639 1542 1422
3 1690 1692 1835
3 1835 1829 1690
3 1835 1696 1842
3 1692 1696 1835
3 1696 1702 1860
3 1860 1842 1696
3 1860 1704 1874
3 1702 1704 1860
3 1704 1717 1879
3 1879 1874 1704
3 1879 1722 1882
3 1717 1722 1879
3 1882 1723 1893
3 1722 1723 1882
3 1893 1728 1896
3 1723 1728 1893
3 1728 1750 1899
3 1899 1896 1728
3 1750 1753 1905
3 1905 1899 1750
3 1905 1755 1919
3 1753 1755 1905
3 1755 1756 1927
3 1927 1919 1755
3 1927 1758 1929
3 1756 1758 1927
3 1758 1759 1931
3 1931 1929 1758
3 1931 1761 1935
3 1759 1761 1931
3 1761 1763 1937
3 1937 1935 1761
3 1937 1767 1940
3 1763 1767 1937
3 1827 1940 1942
3 1940 1767 1942
3 1767 1707 1942
3 1950 1947 2066
3 2066 2072 1950
3 2081 1950 2072
3 1956 1950 2081
3 1961 1956 2081
3 2081 2087 1961
3 2093 1961 2087
3 1963 1961 2093
3 1968 1963 2093
3 2093 2097 1968
3 2100 1968 2097
3 1972 1968 2100
3 1976 1972 2100
3 2100 2102 1976
3 2124 1976 2102
3 1992 1976 2124
3 2004 1992 2124
3 2124 2130 2004
3 2011 2004 2130
3 2130 2138 2011
3 2142 2011 2138
3 2014 2011 2142
3 2017 2014 2142
3 2142 2161 2017
3 2019 2017 2161
3 2161 2162 2019
3 2021 2019 2162
3 2162 2163 2021
3 2065 2021 2163
3 1958 2021 2065
3 2072 2066 2297
3 2181 2185 2297
3 2185 2072 2297
3 2185 2081 2072
3 2087 2081 2185
3 2185 2190 2087
3 2194 2087 2190
3 2093 2087 2194
3 2097 2093 2194
3 2194 2214 2097
3 2218 2097 2214
3 2100 2097 2218
3 2102 2100 2218
3 2218 2222 2102
3 2225 2102 2222
3 2124 2102 2225
3 2130 2124 2225
3 2225 2232 2130
3 2237 2130 2232
3 2138 2130 2237
3 2255 2138 2237
3 2142 2138 2255
3 2161 2142 2255
3 2255 2257 2161
3 2262 2161 2257
3 2162 2161 2262
3 2163 2162 2262
3 2262 2265 2163
3 2184 2163 2265
3 2065 2163 2184
3 2591 2443 2596
3 2436 2443 2591
3 2596 2446 2598
3 2443 2446 2596
3 2446 2447 2600
3 2600 2598 2446
3 2447 2448 2604
3 2604 2600 2447
3 2610 2450 2684
3 2610 2604 2450
3 2604 2448 2450
3 2684 2450 2451
3 2610 2684 2614
3 2616 2614 2452
3 2614 2684 2452
3 2684 2451 2452
3 2618 2452 2694
3 2452 2454 2694
3 2618 2616 2452
3 2694 2454 2456
3 2618 2694 2620
3 2624 2620 2459
3 2620 2694 2459
3 2694 2456 2459
3 2459 2463 2640
3 2640 2624 2459
3 2640 2468 2646
3 2463 2468 2640
3 2468 2498 2651
3 2651 2646 2468
3 2651 2525 2657
3 2498 2525 2651
3 2525 2532 2660
3 2660 2657 2525
3 2660 2535 2663
3 2532 2535 2660
3 2535 2435 2576
3 2576 2663 2535
3 2992 2858 3103
3 2992 2997 2858
3 2997 2868 2858
3 3019 2868 2997
3 2871 2868 3019
3 3021 3117 3040
3 3117 3120 3047
3 3047 3040 3117
3 2856 2880 3053
3 3053 3010 2856
3 3053 2883 3057
3 2880 2883 3053
3 3021 3057 3117
3 3057 2883 3117
3 2883 2889 3117
3 3117 2889 2892
3 2892 3120 3117
3 3062 3047 2901
3 3047 2898 2901
3 3047 3120 2898
3 3065 3128 3067
3 3065 2901 3128
3 2901 2902 3128
3 3065 3062 2901
3 3071 3129 3072
3 3059 2903 2904
3 3059 3129 2903
3 3059 3072 3129
3 3071 2907 3129
3 3071 3067 2907
3 3067 2906 2907
3 3067 3128 2906
3 3128 2902 2906
3 3129 2907 2903
3 3120 2892 2898
3 2998 2994 3227
3 3009 3002 3230
3 3133 3137 3227
3 3137 3230 3227
3 3230 3002 3227
3 3002 2998 3227
3 3005 3043 3225
3 3043 2993 3226
3 3226 3225 3043
3 3056 3050 3239
3 3063 3060 3258
3 3258 3066 3262
3 3060 3066 3258
3 3143 3063 3258
3 3143 3050 3063
3 3143 3149 3050
3 3149 3239 3050
3 3258 3262 3150
3 3150 3143 3258
3 3153 3227 3070
3 3227 2994 3070
3 3153 3169 3227
3 3180 3056 3239
3 3180 3070 3056
3 3180 3153 3070
3 3133 3227 3169
3 3180 3239 3149
3 3188 3189 3077
3 3189 3066 3077
3 3189 3262 3066
3 3188 3012 3138
3 3077 3012 3188
3 3150 3262 3189
3 3355 3146 3393
3 3138 3146 3355
3 3393 3140 3368
3 3146 3140 3393
3 3355 3393 3292
3 3292 3271 3355
3 3393 3368 3290
3 3290 3292 3393
3 3294 3371 3300
3 3162 3157 3410
3 3416 3410 3356
3 3410 3157 3356
3 3157 3137 3356
3 3190 3410 3420
3 3162 3410 3190
3 3304 3410 3416
3 3304 3305 3410
3 3305 3420 3410
3 3196 3193 3422
3 3199 3422 3423
3 3196 3422 3199
3 3307 3190 3420
3 3307 3193 3190
3 3307 3422 3193
3 3307 3308 3422
3 3307 3420 3305
3 3310 3422 3308
3 3423 3422 3310
3 3217 3214 3424
3 3313 3199 3423
3 3313 3214 3199
3 3313 3314 3214
3 3314 3424 3214
3 3221 3424 3425
3 3217 3424 3221
3 3425 3424 3314
3 3314 3318 3425
3 3313 3423 3310
3 3223 3425 3426
3 3221 3425 3223
3 3330 3425 3318
3 3426 3425 3330
3 3135 3426 3366
3 3223 3426 3135
3 3366 3426 3330
3 3330 3276 3366
3 3337 3356 3386
3 3337 3416 3356
3 3337 3340 3416
3 3337 3386 3280
3 3304 3416 3340
3 3290 3295 3520
3 3520 3511 3290
3 3520 3306 3524
3 3295 3306 3520
3 3306 3312 3540
3 3540 3524 3306
3 3540 3312 3319
3 3433 3520 3440
3 3511 3520 3433
3 3440 3524 3445
3 3520 3524 3440
3 3524 3540 3449
3 3449 3445 3524
3 3452 3329 3548
3 3452 3319 3329
3 3452 3540 3319
3 3452 3449 3540
3 3452 3548 3454
3 3548 3352 3555
3 3329 3352 3548
3 3555 3352 3353
3 3454 3555 3461
3 3548 3555 3454
3 3428 3555 3509
3 3555 3353 3509
3 3353 3354 3509
3 3428 3461 3555
3 3509 3354 3272
3 3577 3639 3574
3 3650 3639 3577
3 3577 3658 3650
3 3577 3569 3658
3 3569 3647 3658
3 3429 3639 3650
3 3650 3432 3429
3 3432 3650 3658
3 3658 3434 3432
3 3658 3660 3668
3 3647 3660 3658
3 3444 3660 3438
3 3660 3665 3438
3 3444 3668 3660
3 3434 3658 3668
3 3668 3465 3434
3 3668 3444 3465
3 3438 3665 3680
3 3680 3477 3438
3 3680 3458 3477
3 3576 3766 3821
3 3821 3581 3576
3 3581 3821 3823
3 3823 3594 3581
3 3598 3594 3823
3 3766 3801 3826
3 3826 3821 3766
3 3826 3801 3713
3 3713 3716 3826
3 3823 3826 3827
3 3821 3826 3823
3 3827 3826 3716
3 3716 3718 3827
3 3828 3605 3827
3 3605 3598 3827
3 3598 3823 3827
3 3718 3721 3827
3 3721 3828 3827
3 3721 3829 3828
3 3605 3828 3830
3 3830 3609 3605
3 3830 3829 3831
3 3828 3829 3830
3 3725 3829 3721
3 3730 3829 3725
3 3831 3829 3730
3 3612 3609 3830
3 3832 3616 3831
3 3616 3612 3831
3 3612 3830 3831
3 3619 3616 3832
3 3730 3833 3831
3 3833 3832 3831
3 3730 3741 3833
3 3745 3833 3741
3 3834 3832 3833
3 3834 3619 3832
3 3834 3622 3619
3 3745 3758 3833
3 3758 3834 3833
3 3745 3747 3758
3 3624 3622 3834
3 3762 3625 3758
3 3625 3624 3758
3 3624 3834 3758
3 3570 3625 3762
3 3751 3758 3747
3 3760 3758 3751
3 3704 3760 3751
3 211 138 217
3 217 219 211
3 219 5 211
3 219 189 5
3 189 8 5
3 222 217 221
3 219 217 222
3 189 219 222
3 222 198 189
3 127 221 122
3 222 221 127
3 127 134 222
3 198 222 134
3 134 112 198
3 299 296 228
3 228 230 299
3 232 299 230
3 302 299 232
3 235 302 232
3 316 296 299
3 311 296 316
3 103 311 316
3 98 311 103
3 320 299 302
3 316 299 320
3 104 316 320
3 103 316 104
3 235 320 302
3 235 247 320
3 247 323 320
3 323 104 320
3 323 106 104
3 323 340 106
3 253 323 247
3 354 323 253
3 356 323 354
3 340 323 356
3 107 106 340
3 111 340 356
3 107 340 111
3 258 354 253
3 258 356 354
3 258 260 356
3 260 362 356
3 263 362 260
3 362 366 356
3 366 120 356
3 120 111 356
3 125 120 366
3 263 368 362
3 368 366 362
3 263 270 368
3 368 125 366
3 368 128 125
3 368 301 128
3 274 368 270
3 274 301 368
3 274 277 301
3 277 305 301
3 236 305 277
3 130 128 301
3 301 303 130
3 122 130 303
3 418 454 416
3 416 456 420
3 454 456 416
3 418 457 454
3 418 455 457
3 418 415 455
3 457 456 454
3 457 231 456
3 231 225 456
3 456 461 422
3 422 420 456
3 461 458 377
3 377 422 461
3 456 225 234
3 234 461 456
3 461 234 237
3 237 458 461
3 427 467 425
3 470 467 427
3 427 429 470
3 431 474 430
3 429 484 470
3 429 430 484
3 430 474 484
3 433 474 431
3 486 474 433
3 486 484 474
3 486 241 484
3 486 265 241
3 490 486 433
3 433 435 490
3 265 486 490
3 490 269 265
3 378 490 435
3 465 490 378
3 269 490 465
3 465 228 269
3 441 492 439
3 446 494 443
3 441 497 492
3 441 443 497
3 443 494 497
3 414 501 453
3 414 439 501
3 439 492 501
3 501 455 453
3 501 275 455
3 275 273 455
3 497 280 492
3 280 278 492
3 278 501 492
3 278 275 501
3 446 425 494
3 425 505 494
3 425 467 505
3 505 285 494
3 285 283 494
3 283 497 494
3 470 505 467
3 470 287 505
3 470 288 287
3 287 285 505
3 283 280 497
3 455 273 289
3 289 457 455
3 289 231 457
3 288 470 484
3 484 290 288
3 241 290 484
3 736 766 704
3 767 766 736
3 534 766 767
3 533 766 534
3 738 767 736
3 770 767 738
3 538 767 770
3 534 767 538
3 740 770 738
3 772 770 740
3 542 770 772
3 538 770 542
3 742 772 740
3 742 542 772
3 742 546 542
3 742 743 546
3 743 775 546
3 552 546 775
3 777 775 743
3 743 745 777
3 746 777 745
3 558 775 777
3 552 775 558
3 746 558 777
3 746 561 558
3 746 781 561
3 746 747 781
3 564 561 781
3 782 781 747
3 747 748 782
3 782 564 781
3 782 569 564
3 782 821 569
3 749 782 748
3 749 821 782
3 749 703 821
3 703 779 821
3 573 569 821
3 779 573 821
3 779 577 573
3 779 783 577
3 536 577 783
3 997 830 1095
3 830 842 1095
3 997 993 830
3 1095 842 854
3 997 1095 1001
3 1005 870 1101
3 1005 1001 870
3 1001 854 870
3 1001 1095 854
3 1005 1101 1009
3 1101 870 880
3 1054 880 883
3 1054 1101 880
3 1054 1009 1101
3 1058 886 1108
3 1058 1054 886
3 1054 883 886
3 1058 1108 1063
3 1108 886 891
3 891 1116 1108
3 1116 891 898
3 1063 1116 1070
3 1108 1116 1063
3 984 898 829
3 984 1116 898
3 984 1070 1116
3 1154 1228 1118
3 1154 1163 1228
3 1163 982 1228
3 1163 986 982
3 1176 1235 1171
3 1150 998 1234
3 998 996 1234
3 1150 1235 998
3 1150 1171 1235
3 1176 1002 1235
3 1176 1204 1002
3 1204 1048 1002
3 1002 998 1235
3 996 994 1234
3 1204 1118 1048
3 1118 1228 1048
3 1228 1056 1048
3 982 1056 1228
3 1209 986 1163
3 1060 986 1209
3 1217 1238 1215
3 1209 1215 1060
3 1215 1065 1060
3 1215 1238 1065
3 1240 1238 1217
3 1217 1219 1240
3 1065 1238 1240
3 1240 1066 1065
3 1241 1240 1219
3 1219 1168 1241
3 1066 1240 1241
3 1241 1006 1066
3 988 983 1242
3 1242 1245 988
3 1007 988 1245
3 1245 1247 1007
3 1245 1242 1120
3 1120 1123 1245
3 1247 1245 1123
3 1123 1125 1247
3 1252 1000 1015
3 1236 1000 1252
3 1236 1252 1132
3 1132 1130 1236
3 1255 1015 1020
3 1252 1015 1255
3 1132 1255 1135
3 1252 1255 1132
3 1142 1140 1039
3 1140 1020 1039
3 1140 1255 1020
3 1135 1255 1140
3 1039 1041 1147
3 1147 1142 1039
3 1261 1045 1047
3 1161 1158 1051
3 1158 1047 1051
3 1158 1261 1047
3 1262 1053 1052
3 1265 1059 1061
3 1174 1161 1265
3 1161 1059 1265
3 1161 1051 1059
3 1199 1061 1262
3 1061 1053 1262
3 1199 1265 1061
3 1199 1196 1265
3 1174 1265 1196
3 1206 1147 1261
3 1147 1045 1261
3 1147 1041 1045
3 1206 1261 1158
3 1421 1445 1573
3 1573 1569 1421
3 1573 1452 1578
3 1445 1452 1573
3 1462 1477 1580
3 1580 1579 1462
3 1683 1437 1670
3 1481 1437 1683
3 1685 1481 1683
3 1485 1481 1685
3 1583 1582 1685
3 1582 1486 1685
3 1486 1485 1685
3 1488 1486 1582
3 1582 1584 1488
3 1586 1670 1575
3 1683 1670 1586
3 1589 1683 1586
3 1685 1683 1589
3 1583 1685 1589
3 1494 1500 1595
3 1595 1591 1494
3 1506 1488 1584
3 1584 1604 1506
3 1595 1506 1604
3 1500 1506 1595
3 1511 1494 1591
3 1591 1609 1511
3 1580 1511 1609
3 1477 1511 1580
3 1686 1516 1518
3 1687 1521 1522
3 1620 1617 1687
3 1617 1521 1687
3 1617 1490 1521
3 1628 1624 1686
3 1624 1687 1686
3 1687 1522 1686
3 1522 1516 1686
3 1620 1687 1624
3 1688 1523 1524
3 1635 1632 1688
3 1632 1686 1688
3 1686 1523 1688
3 1686 1518 1523
3 1579 1524 1462
3 1579 1688 1524
3 1579 1636 1688
3 1635 1688 1636
3 1628 1686 1632
3 1699 1806 1689
3 1691 1805 1705
3 1711 1547 1709
3 1557 1547 1711
3 1714 1562 1713
3 1566 1562 1714
3 1699 1713 1806
3 1713 1570 1806
3 1713 1562 1570
3 1547 1566 1714
3 1714 1709 1547
3 1725 1577 1719
3 1587 1577 1725
3 1577 1557 1711
3 1711 1719 1577
3 1725 1571 1587
3 1725 1805 1571
3 1725 1705 1805
3 1747 1816 1743
3 1760 1593 1592
3 1760 1806 1593
3 1760 1689 1806
3 1747 1760 1816
3 1760 1592 1816
3 1592 1597 1816
3 1764 1816 1601
3 1816 1610 1601
3 1764 1743 1816
3 1601 1615 1766
3 1766 1764 1601
3 1597 1610 1816
3 1773 1822 1770
3 1775 1630 1622
3 1775 1822 1630
3 1775 1770 1822
3 1775 1634 1798
3 1622 1634 1775
3 1634 1558 1690
3 1690 1798 1634
3 1773 1615 1822
3 1615 1643 1822
3 1773 1766 1615
3 1643 1630 1822
3 1570 1593 1806
3 1831 1712 1826
3 1718 1712 1831
3 1733 1718 1831
3 1831 1837 1733
3 1843 1733 1837
3 1738 1733 1843
3 1748 1738 1843
3 1843 1855 1748
3 1859 1748 1855
3 1769 1748 1859
3 1780 1769 1859
3 1859 1862 1780
3 1869 1780 1862
3 1784 1780 1869
3 1788 1784 1869
3 1869 1872 1788
3 1873 1788 1872
3 1794 1788 1873
3 1800 1794 1873
3 1873 1875 1800
3 1801 1800 1875
3 1875 1876 1801
3 1877 1801 1876
3 1802 1801 1877
3 1878 1802 1877
3 1803 1802 1878
3 1804 1803 1878
3 1878 1880 1804
3 1694 1804 1880
3 1880 1830 1694
3 1966 1958 2065
3 2065 2068 1966
3 2074 1966 2068
3 1970 1966 2074
3 1975 1970 2074
3 2074 2083 1975
3 1977 1975 2083
3 2083 2105 1977
3 1980 1983 2115
3 2115 2098 1980
3 2115 1986 2122
3 1983 1986 2115
3 2129 1991 2139
3 1989 1991 2129
3 2122 1995 2159
3 1986 1995 2122
3 1995 1989 2129
3 2129 2159 1995
3 1991 2003 2168
3 2168 2139 1991
3 2168 1962 2101
3 2003 1962 2168
3 2296 2062 2069
3 2179 2296 2183
3 2186 2069 2080
3 2186 2296 2069
3 2186 2183 2296
3 2186 2084 2193
3 2080 2084 2186
3 2084 2088 2198
3 2198 2193 2084
3 2198 2091 2227
3 2088 2091 2198
3 2227 2094 2233
3 2091 2094 2227
3 2233 2075 2180
3 2094 2075 2233
3 2304 2199 2315
3 2192 2199 2304
3 2199 2202 2319
3 2319 2315 2199
3 2324 2202 2419
3 2202 2204 2419
3 2324 2319 2202
3 2419 2204 2208
3 2324 2419 2342
3 2344 2208 2211
3 2344 2419 2208
3 2344 2342 2419
3 2344 2220 2348
3 2211 2220 2344
3 2351 2348 2427
3 2348 2220 2427
3 2220 2224 2427
3 2351 2427 2355
3 2427 2224 2228
3 2358 2427 2231
3 2427 2228 2231
3 2358 2355 2427
3 2231 2235 2378
3 2378 2358 2231
3 2378 2243 2383
3 2235 2243 2378
3 2383 2246 2389
3 2243 2246 2383
3 2246 2247 2390
3 2390 2389 2246
3 2390 2249 2391
3 2247 2249 2390
3 2249 2252 2393
3 2393 2391 2249
3 2393 2254 2394
3 2252 2254 2393
3 2254 2260 2396
3 2396 2394 2254
3 2396 2179 2306
3 2260 2179 2396
3 2437 2460 2317
3 2460 2554 2317
3 2554 2321 2317
3 2475 2554 2460
3 2325 2321 2554
3 2475 2558 2554
3 2558 2327 2554
3 2327 2325 2554
3 2475 2484 2558
3 2489 2558 2484
3 2329 2327 2558
3 2489 2494 2558
3 2494 2560 2558
3 2560 2329 2558
3 2560 2346 2329
3 2502 2560 2494
3 2349 2346 2560
3 2502 2350 2560
3 2350 2349 2560
3 2502 2503 2350
3 2505 2350 2503
3 2354 2350 2505
3 2359 2354 2505
3 2505 2506 2359
3 2508 2359 2506
3 2362 2359 2508
3 2510 2362 2508
3 2364 2362 2510
3 2366 2364 2510
3 2510 2513 2366
3 2367 2366 2513
3 2513 2515 2367
3 2517 2367 2515
3 2369 2367 2517
3 2517 2302 2369
3 2517 2553 2302
3 2517 2458 2553
3 2850 2960 2854
3 2955 2960 2850
3 2960 2724 2729
3 2955 2724 2960
3 2854 2962 2856
3 2960 2962 2854
3 2962 2729 2731
3 2960 2729 2962
3 2740 2963 2964
3 2964 2751 2740
3 2861 2963 2860
3 2964 2963 2861
3 2751 2964 2965
3 2965 2753 2751
3 2965 2964 2861
3 2861 2863 2965
3 2756 2753 2965
3 2863 2756 2965
3 2863 2876 2756
3 2876 2759 2756
3 2881 2759 2876
3 2765 2759 2881
3 2881 2888 2765
3 2888 2967 2765
3 2967 2771 2765
3 2776 2771 2967
3 2922 2967 2888
3 2922 2925 2967
3 2925 2776 2967
3 2925 2784 2776
3 2925 2927 2784
3 2927 2969 2784
3 2969 2802 2784
3 2931 2969 2927
3 2806 2802 2969
3 2931 2726 2969
3 2726 2806 2969
3 2931 2934 2726
3 2934 2957 2726
3 2855 2957 2934
3 3007 3096 3013
3 3023 3096 3007
3 3108 3096 3023
3 3113 3108 3023
3 3023 3024 3113
3 3027 3115 3028
3 3027 3032 3115
3 3032 2870 3115
3 3032 2867 2870
3 3035 3119 3039
3 3024 2887 3113
3 3024 2879 2887
3 3024 3042 2879
3 3042 3119 2879
3 3119 2895 2879
3 3042 3039 3119
3 3035 2905 3119
3 3035 2900 2905
3 3035 3028 2900
3 3028 3115 2900
3 3115 2870 2900
3 3119 2905 2895
3 3048 2871 3019
3 2908 2871 3048
3 3048 3013 2908
3 3013 3096 2908
3 3096 2910 2908
3 2910 3096 3108
3 3108 2911 2910
3 2911 3108 3113
3 3113 2913 2911
3 3113 2887 2913
3 3052 3131 3054
3 3052 2916 3131
3 3052 2904 2916
3 3052 3059 2904
3 3032 3054 2867
3 3054 3131 2867
3 3131 2920 2867
3 3131 2916 2920
3 3137 3133 3356
3 3149 3143 3367
3 3143 3150 3371
3 3371 3367 3143
3 3169 3153 3374
3 3374 3180 3383
3 3153 3180 3374
3 3386 3169 3374
3 3386 3133 3169
3 3386 3356 3133
3 3275 3280 3383
3 3280 3386 3383
3 3386 3374 3383
3 3283 3149 3367
3 3283 3383 3149
3 3383 3180 3149
3 3283 3286 3383
3 3283 3371 3294
3 3367 3371 3283
3 3275 3383 3286
3 3189 3188 3389
3 3188 3138 3355
3 3355 3389 3188
3 3317 3189 3389
3 3317 3300 3189
3 3300 3150 3189
3 3300 3371 3150
3 3317 3355 3271
3 3389 3355 3317
3 3428 3509 3446
3 3451 3509 3516
3 3509 3272 3516
3 3272 3289 3516
3 3451 3446 3509
3 3516 3289 3297
3 3451 3516 3459
3 3462 3459 3521
3 3459 3516 3521
3 3516 3309 3521
3 3516 3297 3309
3 3462 3521 3476
3 3521 3309 3316
3 3478 3476 3545
3 3476 3521 3545
3 3521 3322 3545
3 3521 3316 3322
3 3545 3322 3324
3 3545 3552 3479
3 3479 3478 3545
3 3552 3324 3327
3 3545 3324 3552
3 3479 3552 3480
3 3482 3480 3556
3 3480 3335 3556
3 3480 3552 3335
3 3552 3327 3335
3 3482 3557 3483
3 3556 3557 3482
3 3556 3335 3342
3 3557 3342 3350
3 3556 3342 3557
3 3557 3558 3485
3 3485 3483 3557
3 3485 3537 3487
3 3558 3537 3485
3 3558 3350 3351
3 3557 3350 3558
3 3537 3351 3320
3 3558 3351 3537
3 3562 3637 3565
3 3637 3648 3568
3 3568 3565 3637
3 3568 3654 3572
3 3648 3654 3568
3 3578 3654 3662
3 3654 3659 3662
3 3578 3572 3654
3 3667 3662 3446
3 3662 3428 3446
3 3662 3659 3428
3 3578 3662 3580
3 3583 3667 3672
3 3583 3580 3667
3 3580 3662 3667
3 3667 3446 3451
3 3677 3672 3459
3 3672 3451 3459
3 3672 3667 3451
3 3677 3459 3462
3 3583 3672 3584
3 3585 3677 3683
3 3585 3584 3677
3 3584 3672 3677
3 3685 3683 3476
3 3683 3462 3476
3 3683 3677 3462
3 3585 3683 3586
3 3587 3586 3688
3 3586 3683 3688
3 3683 3685 3688
3 3587 3694 3588
3 3688 3694 3587
3 3588 3697 3590
3 3694 3697 3588
3 3590 3697 3591
3 3685 3476 3478
3 3688 3478 3479
3 3685 3478 3688
3 3700 3694 3480
3 3694 3479 3480
3 3694 3688 3479
3 3700 3480 3482
3 3694 3700 3701
3 3701 3697 3694
3 3701 3482 3483
3 3700 3482 3701
3 3592 3701 3702
3 3592 3591 3701
3 3591 3697 3701
3 3702 3483 3485
3 3701 3483 3702
3 3592 3689 3593
3 3702 3689 3592
3 3689 3485 3487
3 3702 3485 3689
3 3574 3763 3772
3 3772 3577 3574
3 3772 3569 3577
3 3713 3887 3892
3 3892 3716 3713
3 3716 3892 3907
3 3907 3718 3716
3 3892 3911 3914
3 3887 3911 3892
3 3840 3854 3911
3 3854 3914 3911
3 3854 3917 3914
3 3892 3914 3920
3 3920 3907 3892
3 3914 3917 3923
3 3923 3920 3914
3 3721 3718 3907
3 3934 3721 3920
3 3721 3907 3920
3 3934 3725 3721
3 3920 3923 3936
3 3936 3934 3920
3 3725 3934 3937
3 3937 3730 3725
3 3937 3936 3938
3 3934 3936 3937
3 3859 3917 3854
3 3923 3917 3859
3 3859 3860 3923
3 3860 3936 3923
3 3860 3861 3936
3 3861 3940 3936
3 3862 3940 3861
3 3938 3940 3942
3 3936 3940 3938
3 3862 3942 3940
3 3862 3863 3942
3 3863 3867 3942
3 3880 3867 3863
3 3863 3864 3880
3 3845 3880 3864
3 3890 3880 3845
3 3741 3730 3937
3 3949 3745 3938
3 3745 3741 3938
3 3741 3937 3938
3 3747 3745 3949
3 3949 3942 3953
3 3938 3942 3949
3 3942 3867 3883
3 3883 3953 3942
3 3751 3949 3953
3 3747 3949 3751
3 3896 3704 3883
3 3704 3953 3883
3 3704 3751 3953
3 4 37 3
3 4 40 37
3 4 41 40
3 4 6 41
3 43 40 41
3 41 46 43
3 50 41 6
3 6 7 50
3 46 41 50
3 50 57 46
3 61 43 46
3 46 63 61
3 39 61 63
3 63 51 39
3 66 46 57
3 63 46 66
3 62 63 66
3 51 63 62
3 9 50 7
3 9 57 50
3 9 11 57
3 11 70 57
3 12 70 11
3 66 57 70
3 70 71 66
3 72 66 71
3 62 66 72
3 71 70 12
3 12 13 71
3 13 5 71
3 5 72 71
3 5 36 72
3 829 836 991
3 991 984 829
3 991 840 1000
3 836 840 991
3 847 845 1006
3 1006 1010 847
3 849 847 1010
3 1010 1017 849
3 1017 853 849
3 1017 1084 853
3 1017 1021 1084
3 1087 1084 1021
3 1021 1050 1087
3 857 853 1084
3 867 1084 1087
3 857 1084 867
3 1055 1087 1050
3 1055 867 1087
3 1055 1057 867
3 1057 872 867
3 1057 887 872
3 1057 1097 887
3 1057 1067 1097
3 890 887 1097
3 1068 1097 1067
3 1068 890 1097
3 1068 1069 890
3 1069 893 890
3 1069 1109 893
3 1071 1109 1069
3 896 893 1109
3 1071 859 1109
3 859 896 1109
3 1071 985 859
3 1351 1378 1278
3 1353 1382 1352
3 1351 1352 1378
3 1352 1122 1378
3 1352 1382 1122
3 1382 1139 1122
3 1355 1386 1354
3 1327 1385 1356
3 1355 1150 1386
3 1150 1146 1386
3 1355 1385 1150
3 1355 1356 1385
3 1353 1386 1382
3 1386 1159 1382
3 1159 1156 1382
3 1353 1354 1386
3 1156 1139 1382
3 1146 1159 1386
3 1358 1397 1357
3 1360 1403 1359
3 1361 1357 1170
3 1357 1173 1170
3 1357 1397 1173
3 1360 1180 1403
3 1360 1361 1180
3 1361 1170 1180
3 1403 1408 1362
3 1362 1359 1403
3 1363 1185 1183
3 1363 1362 1185
3 1362 1408 1185
3 1403 1180 1187
3 1187 1408 1403
3 1187 1185 1408
3 1363 1194 1364
3 1183 1194 1363
3 1364 1121 1271
3 1194 1121 1364
3 1365 1201 1198
3 1365 1378 1201
3 1365 1278 1378
3 1358 1198 1397
3 1198 1205 1397
3 1358 1365 1198
3 1122 1201 1378
3 1205 1173 1397
3 1281 1274 1419
3 1419 1433 1281
3 1285 1281 1433
3 1433 1437 1285
3 1287 1290 1455
3 1455 1451 1287
3 1290 1300 1459
3 1459 1455 1290
3 1459 1303 1480
3 1300 1303 1459
3 1303 1305 1483
3 1483 1480 1303
3 1532 1282 1309
3 1490 1309 1311
3 1490 1532 1309
3 1490 1452 1532
3 1538 1312 1315
3 1492 1483 1538
3 1483 1312 1538
3 1483 1305 1312
3 1421 1315 1276
3 1421 1538 1315
3 1421 1493 1538
3 1492 1538 1493
3 1697 1817 1694
3 1697 1701 1817
3 1701 1549 1817
3 1701 1553 1549
3 1720 1553 1701
3 1561 1553 1720
3 1721 1561 1720
3 1575 1561 1721
3 1730 1598 1735
3 1559 1598 1730
3 1598 1603 1739
3 1739 1735 1598
3 1825 1608 1613
3 1789 1825 1618
3 1825 1613 1618
3 1789 1786 1825
3 1793 1739 1825
3 1739 1608 1825
3 1739 1603 1608
3 1793 1825 1786
3 1578 1617 1771
3 1771 1700 1578
3 1789 1627 1796
3 1618 1627 1789
3 1808 1629 1569
3 1698 1796 1808
3 1796 1627 1808
3 1627 1629 1808
3 1952 1828 1948
3 1834 1828 1952
3 1949 1839 1999
3 1832 1839 1949
3 2010 1844 2007
3 1848 1844 2010
3 2018 1856 2015
3 1861 1856 2018
3 1856 1834 1952
3 1952 2015 1856
3 1844 1861 2018
3 2018 2007 1844
3 2029 1881 2024
3 1885 1881 2029
3 1881 1848 2010
3 2010 2024 1881
3 1839 1885 2029
3 2029 1999 1839
3 2035 1891 2034
3 1898 1891 2035
3 1828 1902 2038
3 2038 1948 1828
3 1902 1898 2035
3 2035 2038 1902
3 2034 1909 2040
3 1891 1909 2034
3 1909 1917 2043
3 2043 2040 1909
3 2047 1920 2046
3 1921 1920 2047
3 1920 1923 2055
3 2055 2046 1920
3 2055 1941 2056
3 1923 1941 2055
3 1941 1829 1965
3 1965 2056 1941
3 1917 1921 2047
3 2047 2043 1917
3 2070 1949 2063
3 1953 1949 2070
3 1974 1957 2073
3 2073 2076 1974
3 2073 1953 2070
3 1957 1953 2073
3 2082 1974 2076
3 1979 1974 2082
3 2096 1979 2082
3 1985 1979 2096
3 1994 1990 2103
3 2103 2127 1994
3 2135 1994 2127
3 1996 1994 2135
3 2103 1985 2096
3 1990 1985 2103
3 2000 1996 2135
3 2135 2145 2000
3 2107 2000 2145
3 2008 2000 2107
3 2068 2065 2184
3 2184 2187 2068
3 2196 2068 2187
3 2074 2068 2196
3 2203 2074 2196
3 2083 2074 2203
3 2105 2083 2203
3 2203 2209 2105
3 2217 2115 2253
3 2098 2115 2217
3 2253 2122 2259
3 2115 2122 2253
3 2266 2139 2274
3 2129 2139 2266
3 2259 2159 2275
3 2122 2159 2259
3 2159 2129 2266
3 2266 2275 2159
3 2274 2168 2277
3 2139 2168 2274
3 2277 2101 2210
3 2168 2101 2277
3 2579 2575 2809
3 2700 2579 2809
3 2700 2589 2579
3 2700 2702 2589
3 2597 2593 2814
3 2702 2593 2589
3 2702 2706 2593
3 2706 2814 2593
3 2709 2608 2816
3 2608 2606 2816
3 2709 2714 2608
3 2709 2816 2708
3 2714 2575 2608
3 2714 2809 2575
3 2714 2719 2809
3 2700 2809 2719
3 2630 2814 2825
3 2597 2814 2630
3 2727 2814 2706
3 2825 2814 2727
3 2730 2630 2825
3 2730 2637 2630
3 2730 2732 2637
3 2730 2825 2727
3 2735 2637 2732
3 2656 2637 2735
3 2626 2656 2735
3 2735 2740 2626
3 2701 2699 2947
3 2708 2704 2948
3 2717 2715 2848
3 2848 2852 2717
3 2869 2848 2947
3 2848 2701 2947
3 2848 2715 2701
3 2852 2704 2717
3 2852 2885 2704
3 2885 2948 2704
3 2728 2725 2953
3 2891 2928 2738
3 2928 2953 2738
3 2953 2725 2738
3 2744 2743 2958
3 2891 2746 2930
3 2738 2746 2891
3 2933 2744 2958
3 2933 2930 2744
3 2930 2746 2744
3 2958 2749 2959
3 2743 2749 2958
3 2959 2703 2949
3 2749 2703 2959
3 2933 2959 2936
3 2958 2959 2933
3 2959 2949 2849
3 2849 2936 2959
3 2757 2752 2961
3 2938 2940 2766
3 2940 2961 2766
3 2961 2752 2766
3 2941 2699 2961
3 2699 2757 2961
3 2941 2943 2699
3 2943 2947 2699
3 2941 2961 2940
3 2944 2728 2953
3 2944 2938 2728
3 2938 2766 2728
3 2944 2953 2928
3 2869 2947 2943
3 3012 3106 3005
3 2851 2847 3122
3 2875 2873 3126
3 2909 2899 3127
3 3030 2875 3126
3 3030 3036 2875
3 3036 2899 2875
3 3036 3127 2899
3 3009 2873 2885
3 3009 3126 2873
3 3009 3055 3126
3 3030 3126 3055
3 3061 2914 3127
3 2914 2909 3127
3 3061 3064 2914
3 3061 3127 3036
3 3064 3068 2914
3 3068 2847 2914
3 3068 3122 2847
3 2915 3122 3132
3 2851 3122 2915
3 3073 2917 3132
3 2917 2915 3132
3 3073 3074 2917
3 3075 2917 3074
3 2919 2917 3075
3 3076 2919 3075
3 2860 2919 3076
3 3132 3122 3068
3 3068 3078 3132
3 3073 3132 3078
3 3261 3235 3158
3 3158 3168 3261
3 3168 3013 3261
3 3168 3203 3013
3 3203 3007 3013
3 3209 3264 3210
3 3211 3007 3203
3 3023 3007 3211
3 3211 3210 3023
3 3210 3264 3023
3 3264 3024 3023
3 3213 3265 3215
3 3219 3267 3220
3 3213 3222 3265
3 3222 3028 3265
3 3222 3027 3028
3 3222 3267 3027
3 3267 3032 3027
3 3222 3220 3267
3 3224 3264 3209
3 3268 3264 3224
3 3224 3039 3268
3 3224 3035 3039
3 3224 3215 3035
3 3215 3265 3035
3 3024 3264 3268
3 3268 3042 3024
3 3268 3039 3042
3 3265 3028 3035
3 3019 3235 3261
3 3261 3048 3019
3 3261 3013 3048
3 3219 3250 3267
3 3250 3052 3267
3 3052 3054 3267
3 3219 3218 3250
3 3250 3059 3052
3 3267 3054 3032
3 3139 3134 3364
3 3376 3148 3373
3 3148 3139 3373
3 3139 3364 3373
3 3274 3376 3373
3 3274 3380 3376
3 3274 3277 3380
3 3154 3148 3376
3 3174 3376 3380
3 3154 3376 3174
3 3285 3380 3277
3 3285 3198 3380
3 3198 3174 3380
3 3285 3385 3198
3 3285 3288 3385
3 3293 3385 3288
3 3388 3385 3293
3 3201 3198 3385
3 3202 3385 3388
3 3201 3385 3202
3 3299 3388 3293
3 3299 3202 3388
3 3299 3204 3202
3 3299 3301 3204
3 3301 3392 3204
3 3302 3392 3301
3 3395 3392 3302
3 3206 3204 3392
3 3207 3392 3395
3 3206 3392 3207
3 3399 3395 3302
3 3302 3303 3399
3 3361 3399 3303
3 3303 3282 3361
3 3208 3395 3399
3 3207 3395 3208
3 3158 3399 3361
3 3208 3399 3158
3 3854 3840 3957
3 3963 3854 3959
3 3854 3957 3959
3 3963 3859 3854
3 3963 3967 3969
3 3959 3967 3963
3 3859 3963 3975
3 3975 3860 3859
3 3975 3969 3979
3 3963 3969 3975
3 3969 3982 3984
3 3967 3982 3969
3 3984 3958 3966
3 3982 3958 3984
3 3969 3984 3985
3 3985 3979 3969
3 3984 3966 3987
3 3987 3985 3984
3 3861 3860 3975
3 3989 3862 3979
3 3862 3861 3979
3 3861 3975 3979
3 3863 3862 3989
3 3979 3985 3992
3 3992 3989 3979
3 3992 3987 3994
3 3985 3987 3992
3 3864 3989 3992
3 3863 3989 3864
3 3845 3992 3994
3 3864 3992 3845
3 139 18 20
3 20 140 139
3 20 23 140
3 24 142 144
3 144 26 24
3 27 26 144
3 298 293 297
3 295 293 298
3 300 295 298
3 298 304 300
3 298 91 95
3 297 91 298
3 304 95 99
3 298 95 304
3 227 304 307
3 227 226 304
3 226 300 304
3 227 310 229
3 307 310 227
3 102 307 99
3 307 304 99
3 102 325 307
3 310 307 325
3 325 327 310
3 325 102 115
3 327 115 118
3 325 115 327
3 229 310 233
3 248 327 330
3 248 233 327
3 233 310 327
3 248 330 251
3 126 327 118
3 126 330 327
3 126 331 330
3 254 330 333
3 330 331 333
3 254 251 330
3 331 126 129
3 131 336 129
3 336 333 129
3 333 331 129
3 254 333 262
3 264 336 338
3 264 333 336
3 264 262 333
3 264 338 268
3 336 131 132
3 132 341 336
3 341 132 133
3 338 336 341
3 341 344 338
3 338 344 272
3 272 268 338
3 135 344 133
3 344 341 133
3 135 346 344
3 276 346 347
3 276 272 346
3 272 344 346
3 346 135 136
3 136 351 346
3 347 346 351
3 351 360 347
3 351 136 86
3 86 309 351
3 317 351 309
3 360 351 317
3 276 347 281
3 347 360 284
3 284 281 347
3 360 317 286
3 286 284 360
3 792 540 543
3 795 547 548
3 795 797 547
3 797 543 547
3 797 792 543
3 799 553 556
3 788 553 799
3 788 799 708
3 708 707 788
3 801 556 559
3 799 556 801
3 799 801 711
3 711 708 799
3 803 563 566
3 806 559 571
3 801 559 806
3 801 806 713
3 713 711 801
3 717 563 803
3 717 716 563
3 716 571 563
3 716 806 571
3 713 806 716
3 809 566 576
3 803 566 809
3 811 579 603
3 724 722 811
3 722 579 811
3 722 576 579
3 722 809 576
3 717 809 727
3 803 809 717
3 727 809 722
3 792 813 540
3 813 603 540
3 813 811 603
3 811 813 729
3 729 724 811
3 733 792 797
3 733 731 792
3 731 813 792
3 729 813 731
3 1231 984 991
3 991 1233 1231
3 1231 1233 1144
3 1144 1138 1231
3 1233 991 1000
3 1000 1236 1233
3 1144 1236 1130
3 1233 1236 1144
3 1177 1241 1168
3 1249 1241 1177
3 1010 1241 1249
3 1006 1241 1010
3 1251 1249 1177
3 1177 1192 1251
3 1017 1249 1251
3 1010 1249 1017
3 1197 1251 1192
3 1197 1017 1251
3 1197 1021 1017
3 1197 1202 1021
3 1050 1021 1202
3 1202 1211 1050
3 1211 1055 1050
3 1211 1257 1055
3 1211 1216 1257
3 1220 1257 1216
3 1057 1055 1257
3 1220 1067 1257
3 1067 1057 1257
3 1220 1222 1067
3 1222 1068 1067
3 1222 1260 1068
3 1222 1223 1260
3 1069 1068 1260
3 1224 1260 1223
3 1224 1117 1260
3 1117 1069 1260
3 1117 1258 1069
3 1258 1071 1069
3 985 1071 1258
3 1435 1269 1422
3 1272 1269 1435
3 1273 1272 1435
3 1435 1440 1273
3 1463 1273 1440
3 1275 1273 1463
3 1280 1275 1463
3 1463 1482 1280
3 1487 1280 1482
3 1284 1280 1487
3 1293 1284 1487
3 1487 1489 1293
3 1491 1293 1489
3 1325 1293 1491
3 1491 1340 1325
3 1491 1535 1340
3 1491 1496 1535
3 1344 1340 1535
3 1502 1535 1496
3 1502 1504 1535
3 1504 1344 1535
3 1504 1350 1344
3 1504 1367 1350
3 1504 1539 1367
3 1504 1509 1539
3 1368 1367 1539
3 1513 1539 1509
3 1513 1515 1539
3 1515 1368 1539
3 1515 1369 1368
3 1519 1369 1515
3 1371 1369 1519
3 1274 1371 1519
3 1519 1419 1274
3 1827 1942 1838
3 1942 1707 1734
3 1853 1838 1742
3 1838 1942 1742
3 1942 1734 1742
3 1742 1745 1858
3 1858 1853 1742
3 1858 1749 1866
3 1745 1749 1858
3 1866 1751 1870
3 1749 1751 1866
3 1870 1752 1871
3 1751 1752 1870
3 1752 1708 1841
3 1841 1871 1752
3 1857 1694 1830
3 1697 1694 1857
3 1701 1697 1857
3 1857 1886 1701
3 1720 1701 1886
3 1886 1890 1720
3 1892 1720 1890
3 1721 1720 1892
3 1887 1735 1904
3 1730 1735 1887
3 1904 1739 1907
3 1735 1739 1904
3 1786 1789 1916
3 1916 1912 1786
3 1739 1793 1934
3 1934 1907 1739
3 1934 1786 1912
3 1793 1786 1934
3 1943 1700 1771
3 1789 1796 1939
3 1939 1916 1789
3 1939 1698 1849
3 1796 1698 1939
3 2067 1955 2077
3 1951 1955 2067
3 1962 1951 2067
3 2067 2101 1962
3 1955 1978 2132
3 2132 2077 1955
3 2144 1984 2148
3 1982 1984 2144
3 2150 1977 2105
3 1988 1977 2150
3 1993 1988 2150
3 2150 2154 1993
3 1998 1993 2154
3 2154 2157 1998
3 1984 1998 2157
3 2157 2148 1984
3 2002 1982 2144
3 2144 2164 2002
3 2009 2002 2164
3 2164 2165 2009
3 2166 2028 2167
3 2013 2028 2166
3 2169 2013 2166
3 2031 2013 2169
3 2028 2009 2165
3 2165 2167 2028
3 2170 2048 2171
3 2036 2048 2170
3 2172 2050 2173
3 2049 2050 2172
3 2048 2049 2172
3 2172 2171 2048
3 2174 2052 2175
3 2051 2052 2174
3 2176 2054 2177
3 2053 2054 2176
3 2052 2053 2176
3 2176 2175 2052
3 2050 2051 2174
3 2174 2173 2050
3 1978 2036 2170
3 2170 2132 1978
3 2054 2031 2169
3 2169 2177 2054
3 2321 2181 2317
3 2185 2181 2321
3 2190 2185 2321
3 2321 2325 2190
3 2327 2190 2325
3 2194 2190 2327
3 2214 2194 2327
3 2327 2329 2214
3 2346 2214 2329
3 2218 2214 2346
3 2222 2218 2346
3 2346 2349 2222
3 2349 2350 2222
3 2350 2423 2222
3 2423 2225 2222
3 2232 2225 2423
3 2354 2423 2350
3 2354 2237 2423
3 2237 2232 2423
3 2354 2359 2237
3 2359 2433 2237
3 2433 2255 2237
3 2359 2362 2433
3 2257 2255 2433
3 2364 2433 2362
3 2364 2366 2433
3 2366 2262 2433
3 2262 2257 2433
3 2367 2262 2366
3 2265 2262 2367
3 2367 2184 2265
3 2367 2418 2184
3 2367 2369 2418
3 2302 2418 2369
3 2304 2315 2549
3 2549 2546 2304
3 2315 2319 2552
3 2552 2549 2315
3 2552 2319 2324
3 2546 2549 2443
3 2443 2436 2546
3 2443 2552 2446
3 2549 2552 2443
3 2447 2324 2342
3 2447 2552 2324
3 2447 2446 2552
3 2447 2344 2448
3 2342 2344 2447
3 2344 2348 2450
3 2450 2448 2344
3 2348 2351 2451
3 2451 2450 2348
3 2451 2355 2452
3 2351 2355 2451
3 2452 2358 2454
3 2355 2358 2452
3 2358 2378 2456
3 2456 2454 2358
3 2456 2383 2459
3 2378 2383 2456
3 2463 2383 2570
3 2383 2389 2570
3 2463 2459 2383
3 2570 2389 2390
3 2463 2570 2468
3 2498 2468 2573
3 2468 2570 2573
3 2570 2391 2573
3 2570 2390 2391
3 2573 2391 2393
3 2498 2573 2525
3 2532 2573 2574
3 2573 2393 2574
3 2393 2394 2574
3 2532 2525 2573
3 2574 2394 2396
3 2532 2574 2535
3 2435 2535 2306
3 2535 2574 2306
3 2574 2396 2306
3 2441 2445 2585
3 2585 2582 2441
3 2585 2470 2590
3 2445 2470 2585
3 2650 2485 2626
3 2491 2485 2650
3 2495 2491 2650
3 2650 2665 2495
3 2512 2495 2665
3 2665 2668 2512
3 2672 2512 2668
3 2518 2512 2672
3 2672 2676 2518
3 2676 2691 2518
3 2691 2523 2518
3 2677 2691 2676
3 2530 2523 2691
3 2677 2533 2691
3 2533 2530 2691
3 2677 2679 2533
3 2679 2681 2533
3 2681 2697 2533
3 2697 2538 2533
3 2539 2538 2697
3 2682 2697 2681
3 2682 2437 2697
3 2437 2539 2697
3 2682 2577 2437
3 2583 2578 2808
3 2588 2586 2811
3 2699 2586 2808
3 2586 2583 2808
3 2699 2811 2586
3 2699 2701 2811
3 2594 2592 2813
3 2606 2612 2816
3 2704 2594 2813
3 2704 2708 2594
3 2708 2816 2594
3 2816 2612 2594
3 2715 2813 2811
3 2813 2592 2811
3 2592 2588 2811
3 2715 2717 2813
3 2715 2811 2701
3 2704 2813 2717
3 2636 2632 2824
3 2644 2639 2829
3 2725 2824 2647
3 2824 2632 2647
3 2725 2728 2824
3 2738 2644 2829
3 2738 2647 2644
3 2738 2725 2647
3 2639 2652 2833
3 2833 2829 2639
3 2743 2652 2655
3 2743 2744 2652
3 2744 2833 2652
3 2829 2833 2746
3 2746 2738 2829
3 2746 2833 2744
3 2655 2658 2749
3 2749 2743 2655
3 2749 2591 2703
3 2658 2591 2749
3 2752 2757 2661
3 2757 2808 2661
3 2808 2578 2661
3 2766 2752 2824
3 2752 2636 2824
3 2752 2661 2636
3 2699 2808 2757
3 2766 2824 2728
3 2867 2975 2870
3 2879 2979 2887
3 2879 2895 2979
3 2895 2713 2979
3 2895 2712 2713
3 2900 2981 2905
3 2900 2718 2981
3 2718 2721 2981
3 2900 2975 2718
3 2900 2870 2975
3 2895 2905 2712
3 2905 2981 2712
3 2981 2734 2712
3 2981 2721 2734
3 2984 2978 2871
3 2871 2908 2984
3 2910 2984 2908
3 2986 2984 2910
3 2723 2978 2984
3 2984 2782 2723
3 2782 2984 2986
3 2986 2786 2782
3 2910 2794 2986
3 2910 2911 2794
3 2911 2793 2794
3 2913 2793 2911
3 2795 2793 2913
3 2986 2794 2786
3 2913 2887 2795
3 2887 2979 2795
3 2979 2797 2795
3 2979 2713 2797
3 2916 2799 2801
3 2916 2987 2799
3 2916 2904 2987
3 2867 2920 2975
3 2920 2805 2975
3 2920 2803 2805
3 2801 2803 2920
3 2920 2916 2801
3 2987 2780 2799
3 2975 2805 2718
3 2993 3001 3228
3 3228 3226 2993
3 3228 3001 3006
3 3226 3228 3144
3 3144 3140 3226
3 3147 3006 3011
3 3147 3228 3006
3 3147 3144 3228
3 3147 3020 3151
3 3011 3020 3147
3 3160 3020 3236
3 3020 3022 3236
3 3160 3151 3020
3 3160 3236 3166
3 3022 3025 3252
3 3252 3236 3022
3 3252 3025 3031
3 3236 3252 3172
3 3172 3166 3236
3 3175 3034 3255
3 3175 3172 3034
3 3172 3031 3034
3 3172 3252 3031
3 3255 3034 3038
3 3175 3255 3181
3 3191 3038 3045
3 3191 3255 3038
3 3191 3181 3255
3 3194 3069 3259
3 3194 3191 3069
3 3191 3045 3069
3 3194 3259 3197
3 3259 3069 3079
3 3136 3259 3233
3 3259 3079 3233
3 3079 3081 3233
3 3136 3197 3259
3 3233 3081 2991
3 3276 3507 3530
3 3530 3279 3276
3 3279 3530 3531
3 3531 3281 3279
3 3530 3507 3453
3 3453 3456 3530
3 3467 3530 3456
3 3531 3530 3467
3 3281 3531 3533
3 3533 3284 3281
3 3334 3284 3533
3 3533 3531 3467
3 3467 3481 3533
3 3481 3484 3533
3 3484 3334 3533
3 3484 3536 3334
3 3536 3338 3334
3 3490 3536 3484
3 3338 3536 3538
3 3538 3341 3338
3 3496 3536 3490
3 3538 3536 3496
3 3343 3341 3538
3 3496 3497 3538
3 3497 3542 3538
3 3542 3343 3538
3 3542 3345 3343
3 3347 3345 3542
3 3499 3542 3497
3 3499 3500 3542
3 3500 3550 3542
3 3550 3348 3542
3 3348 3347 3542
3 3501 3550 3500
3 3349 3348 3550
3 3501 3506 3550
3 3506 3349 3550
3 3506 3274 3349
3 3501 3502 3506
3 3430 3506 3502
3 3559 3635 3563
3 3563 3643 3564
3 3635 3643 3563
3 3567 3647 3569
3 3573 3647 3567
3 3660 3647 3573
3 3600 3660 3573
3 3665 3660 3600
3 3602 3671 3604
3 3607 3673 3608
3 3607 3643 3673
3 3643 3676 3673
3 3607 3564 3643
3 3602 3678 3671
3 3602 3673 3678
3 3602 3608 3673
3 3450 3673 3443
3 3673 3676 3443
3 3450 3678 3673
3 3611 3681 3614
3 3611 3684 3681
3 3611 3604 3684
3 3604 3671 3684
3 3600 3614 3665
3 3614 3681 3665
3 3681 3680 3665
3 3458 3681 3455
3 3681 3684 3455
3 3458 3680 3681
3 3489 3671 3486
3 3671 3678 3486
3 3489 3684 3671
3 3678 3450 3486
3 3684 3489 3455
3 3689 3692 3618
3 3618 3593 3689
3 3689 3487 3491
3 3491 3692 3689
3 3618 3693 3620
3 3692 3693 3618
3 3692 3491 3492
3 3492 3693 3692
3 3559 3620 3635
3 3620 3693 3635
3 3693 3696 3635
3 3693 3492 3493
3 3493 3696 3693
3 3495 3635 3494
3 3635 3696 3494
3 3495 3643 3635
3 3696 3493 3494
3 3643 3495 3498
3 3498 3676 3643
3 3676 3498 3443
3 3871 3711 3872
3 3703 3711 3871
3 3872 3715 3873
3 3711 3715 3872
3 3873 3715 3720
3 3875 3872 3876
3 3871 3872 3875
3 3872 3873 3877
3 3877 3876 3872
3 3875 3876 3878
3 3878 3868 3875
3 3878 3877 3881
3 3876 3877 3878
3 3884 3720 3724
3 3884 3877 3720
3 3877 3873 3720
3 3884 3727 3888
3 3724 3727 3884
3 3881 3884 3891
3 3877 3884 3881
3 3884 3888 3895
3 3895 3891 3884
3 3888 3727 3732
3 3901 3895 3733
3 3895 3732 3733
3 3895 3888 3732
3 3901 3733 3739
3 3836 3878 3843
3 3868 3878 3836
3 3843 3881 3847
3 3878 3881 3843
3 3850 3891 3908
3 3850 3847 3891
3 3847 3881 3891
3 3891 3895 3912
3 3912 3908 3891
3 3850 3908 3852
3 3855 3912 3916
3 3855 3852 3912
3 3852 3908 3912
3 3855 3924 3858
3 3916 3924 3855
3 3858 3893 3835
3 3924 3893 3858
3 3912 3901 3935
3 3895 3901 3912
3 3935 3739 3742
3 3901 3739 3935
3 3912 3935 3939
3 3939 3916 3912
3 3941 3939 3746
3 3939 3935 3746
3 3935 3742 3746
3 3941 3746 3749
3 3916 3939 3946
3 3946 3924 3916
3 3939 3941 3948
3 3948 3946 3939
3 3924 3946 3921
3 3921 3893 3924
3 3921 3948 3926
3 3946 3948 3921
3 3948 3749 3752
3 3941 3749 3948
3 3926 3752 3707
3 3948 3752 3926
3 3840 3839 3957
3 3844 3838 3956
3 3848 3846 3962
3 3965 3844 3956
3 3965 3846 3844
3 3965 3962 3846
3 245 312 242
3 315 312 245
3 321 315 245
3 245 249 321
3 252 321 249
3 758 812 669
3 669 666 758
3 669 759 668
3 812 759 669
3 758 555 587
3 587 812 758
3 812 587 526
3 526 759 812
3 544 551 814
3 681 815 677
3 667 816 757
3 667 677 816
3 677 815 816
3 817 815 681
3 681 684 817
3 817 596 815
3 596 595 815
3 595 816 815
3 690 819 688
3 692 819 690
3 820 819 692
3 684 598 817
3 684 688 598
3 688 600 598
3 688 819 600
3 598 596 817
3 600 819 820
3 820 601 600
3 698 822 696
3 692 602 820
3 692 696 602
3 696 604 602
3 696 822 604
3 700 822 698
3 823 822 700
3 604 822 823
3 823 605 604
3 602 601 820
3 702 823 700
3 824 823 702
3 605 823 824
3 824 606 605
3 704 824 702
3 766 824 704
3 606 824 766
3 766 533 606
3 816 608 757
3 608 607 757
3 607 826 757
3 607 532 826
3 595 608 816
3 850 938 843
3 944 938 850
3 855 944 850
3 946 944 855
3 952 707 708
3 935 707 952
3 954 708 711
3 952 708 954
3 913 711 713
3 913 889 711
3 889 954 711
3 958 716 717
3 919 716 958
3 919 913 716
3 913 713 716
3 935 952 922
3 922 840 935
3 952 954 923
3 923 922 952
3 923 954 889
3 964 722 724
3 968 717 727
3 958 717 968
3 919 968 924
3 958 968 919
3 926 722 964
3 926 727 722
3 926 925 727
3 925 968 727
3 924 968 925
3 928 927 729
3 927 964 729
3 964 724 729
3 974 731 733
3 914 928 974
3 928 731 974
3 928 729 731
3 926 964 927
3 981 838 990
3 834 838 981
3 1004 846 1082
3 1004 838 846
3 1004 990 838
3 1004 1088 1011
3 1082 1088 1004
3 1011 1092 1013
3 1088 1092 1011
3 1013 1092 1022
3 1082 846 858
3 1088 858 861
3 1082 858 1088
3 1092 861 866
3 1088 861 1092
3 1072 866 875
3 1072 1022 866
3 1022 1092 866
3 1073 1072 1105
3 1072 875 1105
3 875 878 1105
3 1105 878 879
3 1073 1105 1074
3 1075 882 1107
3 1075 879 882
3 1075 1074 879
3 1074 1105 879
3 1075 1107 1076
3 1107 882 885
3 1077 1076 892
3 1076 1107 892
3 1107 885 892
3 1078 1077 1115
3 1077 897 1115
3 1077 892 897
3 1078 1115 1079
3 1115 897 906
3 993 906 830
3 993 1115 906
3 993 1079 1115
3 1229 993 997
3 1149 1141 1232
3 1141 1001 1232
3 1141 1229 1001
3 1229 997 1001
3 1149 1232 1166
3 1232 1001 1005
3 1203 1005 1009
3 1203 1232 1005
3 1203 1166 1232
3 1208 1054 1237
3 1208 1009 1054
3 1208 1203 1009
3 1237 1054 1058
3 1208 1237 1210
3 1212 1058 1063
3 1212 1237 1058
3 1212 1210 1237
3 1063 1070 1213
3 1213 1212 1063
3 1214 984 1231
3 1214 1070 984
3 1214 1213 1070
3 1214 1231 1138
3 1137 1258 1117
3 1137 995 1258
3 995 985 1258
3 1137 1145 995
3 1152 995 1145
3 999 995 1152
3 1152 1155 999
3 1155 1264 999
3 1264 1003 999
3 1164 1264 1155
3 1008 1003 1264
3 1164 1016 1264
3 1016 1008 1264
3 1164 1267 1016
3 1164 1172 1267
3 1024 1016 1267
3 1181 1267 1172
3 1181 1182 1267
3 1182 1024 1267
3 1182 1025 1024
3 1182 1184 1025
3 1184 1268 1025
3 1268 1026 1025
3 1027 1026 1268
3 1186 1268 1184
3 1186 1188 1268
3 1188 1027 1268
3 1188 1029 1027
3 1031 1029 1188
3 1188 1190 1031
3 1190 1191 1031
3 1191 983 1031
3 1191 1242 983
3 1120 1242 1191
3 1379 1141 1149
3 1294 1149 1166
3 1294 1379 1149
3 1294 1288 1379
3 1295 1166 1384
3 1166 1203 1384
3 1295 1294 1166
3 1384 1203 1208
3 1295 1384 1297
3 1298 1208 1210
3 1298 1384 1208
3 1298 1297 1384
3 1333 1212 1394
3 1333 1298 1212
3 1298 1210 1212
3 1333 1394 1337
3 1394 1212 1213
3 1213 1401 1394
3 1394 1401 1342
3 1342 1337 1394
3 1401 1213 1214
3 1277 1214 1138
3 1277 1342 1214
3 1342 1401 1214
3 1428 1426 1531
3 1426 1294 1531
3 1426 1288 1294
3 1531 1294 1295
3 1428 1531 1444
3 1454 1295 1297
3 1454 1531 1295
3 1454 1444 1531
3 1458 1454 1533
3 1454 1298 1533
3 1454 1297 1298
3 1458 1533 1460
3 1533 1298 1333
3 1464 1333 1337
3 1464 1533 1333
3 1464 1460 1533
3 1464 1342 1484
3 1337 1342 1464
3 1342 1277 1418
3 1418 1484 1342
3 1426 1428 1546
3 1546 1541 1426
3 1546 1444 1565
3 1428 1444 1546
3 1444 1454 1602
3 1602 1565 1444
3 1454 1458 1611
3 1611 1602 1454
3 1611 1460 1616
3 1458 1460 1611
3 1616 1464 1621
3 1460 1464 1616
3 1621 1484 1626
3 1464 1484 1621
3 1544 1484 1659
3 1484 1418 1659
3 1544 1626 1484
3 1708 1811 1716
3 1724 1544 1551
3 1724 1811 1544
3 1724 1716 1811
3 1724 1555 1729
3 1551 1555 1724
3 1555 1559 1730
3 1730 1729 1555
3 1572 1568 1737
3 1737 1744 1572
3 1576 1572 1744
3 1744 1772 1576
3 1772 1599 1576
3 1772 1819 1599
3 1772 1777 1819
3 1781 1819 1777
3 1605 1599 1819
3 1781 1607 1819
3 1607 1605 1819
3 1781 1785 1607
3 1791 1607 1785
3 1614 1607 1791
3 1791 1824 1614
3 1824 1619 1614
3 1791 1795 1824
3 1637 1619 1824
3 1797 1824 1795
3 1797 1799 1824
3 1799 1638 1824
3 1638 1637 1824
3 1799 1639 1638
3 1799 1807 1639
3 1799 1712 1807
3 1542 1639 1807
3 1966 1830 1958
3 1857 1830 1966
3 1970 1857 1966
3 1886 1857 1970
3 1890 1886 1970
3 1970 1975 1890
3 1892 1890 1975
3 1975 1977 1892
3 1887 1904 1983
3 1983 1980 1887
3 1983 1907 1986
3 1904 1907 1983
3 1912 1916 1991
3 1991 1989 1912
3 1986 1934 1995
3 1907 1934 1986
3 1995 1912 1989
3 1934 1912 1995
3 1991 1939 2003
3 1916 1939 1991
3 1939 1849 1962
3 1962 2003 1939
3 1946 1959 2079
3 2079 2075 1946
3 2079 1964 2086
3 1959 1964 2079
3 1964 1969 2090
3 2090 2086 1964
3 1969 1980 2098
3 2098 2090 1969
3 2109 2008 2107
3 2012 2008 2109
3 2016 2012 2109
3 2109 2112 2016
3 2022 2016 2112
3 2112 2114 2022
3 2114 2178 2022
3 2178 2027 2022
3 2114 2116 2178
3 2121 2178 2116
3 2032 2027 2178
3 2121 2133 2178
3 2133 2057 2178
3 2057 2032 2178
3 2058 2057 2133
3 2133 2137 2058
3 2059 2058 2137
3 2137 2141 2059
3 2147 2059 2141
3 2060 2059 2147
3 2066 2060 2147
3 1947 2060 2066
3 2075 2079 2191
3 2191 2180 2075
3 2191 2086 2201
3 2079 2086 2191
3 2201 2090 2212
3 2086 2090 2201
3 2212 2098 2217
3 2090 2098 2212
3 2221 2107 2219
3 2109 2107 2221
3 2112 2109 2221
3 2221 2223 2112
3 2229 2112 2223
3 2114 2112 2229
3 2116 2114 2229
3 2229 2288 2116
3 2289 2116 2288
3 2121 2116 2289
3 2133 2121 2289
3 2289 2290 2133
3 2291 2133 2290
3 2137 2133 2291
3 2141 2137 2291
3 2291 2292 2141
3 2293 2141 2292
3 2147 2141 2293
3 2293 2066 2147
3 2293 2297 2066
3 2293 2294 2297
3 2181 2297 2294
3 2306 2183 2309
3 2179 2183 2306
3 2183 2186 2318
3 2318 2309 2183
3 2363 2318 2422
3 2318 2186 2422
3 2186 2193 2422
3 2422 2193 2198
3 2363 2422 2371
3 2375 2422 2227
3 2422 2198 2227
3 2375 2371 2422
3 2375 2233 2380
3 2227 2233 2375
3 2386 2380 2421
3 2380 2180 2421
3 2380 2233 2180
3 2386 2421 2361
3 2435 2309 2440
3 2306 2309 2435
3 2309 2318 2466
3 2466 2440 2309
3 2466 2363 2479
3 2318 2363 2466
3 2479 2371 2486
3 2363 2371 2479
3 2371 2375 2492
3 2492 2486 2371
3 2375 2380 2496
3 2496 2492 2375
3 2380 2386 2527
3 2527 2496 2380
3 2441 2361 2544
3 2441 2527 2361
3 2527 2386 2361
3 2828 2603 2617
3 2712 2839 2713
3 2718 2840 2721
3 2712 2734 2839
3 2734 2622 2839
3 2734 2621 2622
3 2734 2721 2621
3 2721 2840 2621
3 2840 2625 2621
3 2631 2629 2723
3 2723 2782 2631
3 2634 2631 2782
3 2782 2786 2634
3 2793 2842 2794
3 2844 2842 2793
3 2793 2795 2844
3 2786 2794 2634
3 2794 2638 2634
3 2794 2842 2638
3 2638 2842 2844
3 2844 2641 2638
3 2795 2662 2844
3 2795 2654 2662
3 2795 2797 2654
3 2797 2713 2654
3 2713 2664 2654
3 2713 2839 2664
3 2844 2662 2641
3 2839 2622 2664
3 2799 2845 2801
3 2803 2846 2805
3 2803 2845 2846
3 2845 2673 2846
3 2845 2670 2673
3 2803 2801 2845
3 2799 2675 2845
3 2799 2780 2675
3 2780 2674 2675
3 2780 2836 2674
3 2836 2667 2674
3 2845 2675 2670
3 2718 2678 2840
3 2678 2680 2840
3 2718 2846 2678
3 2718 2805 2846
3 2846 2673 2678
3 2840 2680 2625
3 2999 2850 2854
3 2999 2995 2850
3 2995 3092 2850
3 2999 2856 3010
3 2854 2856 2999
3 3080 2860 3076
3 2861 2860 3080
3 3080 2863 2861
3 3080 3082 2863
3 3082 3101 2863
3 2863 3101 3107
3 3107 2876 2863
3 2876 3107 3110
3 3110 2881 2876
3 3083 3101 3082
3 3084 3101 3083
3 3107 3101 3084
3 3110 3107 3084
3 3084 3085 3110
3 2888 2881 3110
3 3085 2888 3110
3 3085 2922 2888
3 3085 3086 2922
3 3086 3087 2922
3 3087 3121 2922
3 3121 2925 2922
3 3088 3121 3087
3 2927 2925 3121
3 3088 2927 3121
3 3088 2931 2927
3 3088 3089 2931
3 3089 3125 2931
3 2934 2931 3125
3 3090 3125 3089
3 3090 3000 3125
3 3000 2934 3125
3 3000 2855 2934
3 3431 3427 3628
3 3427 3436 3630
3 3630 3628 3427
3 3632 3431 3628
3 3632 3441 3431
3 3632 3629 3441
3 3628 3630 3641
3 3641 3632 3628
3 3630 3448 3645
3 3436 3448 3630
3 3645 3433 3636
3 3448 3433 3645
3 3560 3630 3645
3 3560 3571 3630
3 3571 3641 3630
3 3645 3636 3561
3 3561 3560 3645
3 3460 3457 3652
3 3463 3652 3656
3 3460 3652 3463
3 3468 3466 3661
3 3664 3463 3656
3 3664 3466 3463
3 3664 3661 3466
3 3470 3661 3666
3 3468 3661 3470
3 3579 3661 3664
3 3579 3666 3661
3 3579 3582 3666
3 3471 3666 3670
3 3470 3666 3471
3 3670 3666 3582
3 3582 3595 3670
3 3453 3670 3631
3 3471 3670 3453
3 3631 3670 3595
3 3595 3576 3631
3 3473 3472 3674
3 3475 3474 3679
3 3682 3473 3674
3 3682 3679 3473
3 3679 3474 3473
3 3686 3439 3627
3 3686 3472 3439
3 3686 3674 3472
3 3599 3601 3629
3 3601 3686 3629
3 3686 3627 3629
3 3603 3674 3686
3 3603 3606 3674
3 3606 3682 3674
3 3603 3686 3601
3 3690 3475 3679
3 3690 3457 3475
3 3690 3652 3457
3 3610 3679 3682
3 3610 3690 3679
3 3610 3613 3690
3 3615 3652 3690
3 3615 3656 3652
3 3615 3617 3656
3 3615 3690 3613
3 3610 3682 3606
3 3599 3632 3621
3 3629 3632 3599
3 3621 3641 3623
3 3632 3641 3621
3 3623 3641 3571
3 3664 3656 3617
3 3617 3626 3664
3 3579 3664 3626
3 3966 3961 3983
3 3958 3961 3966
3 3983 3990 3995
3 3961 3990 3983
3 3966 3983 3996
3 3996 3987 3966
3 3983 3995 3997
3 3997 3996 3983
3 3995 3993 3998
3 3990 3993 3995
3 3993 3835 3837
3 3837 3998 3993
3 3997 3998 3999
3 3995 3998 3997
3 3998 3837 3841
3 3841 3999 3998
3 3994 3996 4000
3 3987 3996 3994
3 4000 3997 4001
3 3996 3997 4000
3 3845 3994 4000
3 4000 3849 3845
3 3849 4000 4001
3 4001 3851 3849
3 3857 3997 3856
3 3997 3999 3856
3 3857 4001 3997
3 3999 3841 3856
3 4001 3857 3851
3 314 86 87
3 309 86 314
3 319 309 314
3 317 309 319
3 328 87 89
3 314 87 328
3 319 314 328
3 328 332 319
3 335 92 94
3 337 94 97
3 335 94 337
3 335 339 92
3 339 328 92
3 328 89 92
3 243 328 339
3 243 238 328
3 238 332 328
3 342 335 337
3 339 335 342
3 339 342 250
3 250 243 339
3 348 105 108
3 110 105 348
3 348 350 110
3 114 112 324
3 324 353 114
3 117 114 353
3 353 355 117
3 315 324 312
3 353 324 315
3 321 353 315
3 355 353 321
3 355 108 117
3 355 357 108
3 357 348 108
3 358 348 357
3 350 348 358
3 252 355 321
3 252 256 355
3 256 357 355
3 257 357 256
3 358 357 257
3 361 121 123
3 361 97 121
3 361 337 97
3 361 364 337
3 350 123 110
3 350 365 123
3 365 361 123
3 261 259 365
3 259 364 365
3 364 361 365
3 267 266 364
3 266 337 364
3 266 342 337
3 250 342 266
3 267 364 259
3 282 350 358
3 282 279 350
3 279 365 350
3 261 365 279
3 282 358 257
3 286 319 291
3 317 319 286
3 291 332 292
3 319 332 291
3 292 332 238
3 705 779 703
3 705 783 779
3 705 787 783
3 705 706 787
3 787 536 783
3 787 539 536
3 787 789 539
3 709 787 706
3 789 787 709
3 709 710 789
3 541 539 789
3 710 541 789
3 710 712 541
3 712 545 541
3 712 790 545
3 550 545 790
3 790 804 550
3 714 790 712
3 804 790 714
3 714 715 804
3 554 550 804
3 715 554 804
3 715 719 554
3 719 557 554
3 719 807 557
3 560 557 807
3 807 808 560
3 720 807 719
3 723 807 720
3 808 807 723
3 810 560 808
3 562 560 810
3 793 562 810
3 568 562 793
3 725 808 723
3 810 808 725
3 793 810 725
3 725 718 793
3 841 929 833
3 852 959 848
3 841 667 929
3 667 665 929
3 841 848 667
3 848 959 667
3 873 930 862
3 862 933 874
3 930 933 862
3 933 936 834
3 834 874 933
3 877 977 876
3 899 978 881
3 881 979 905
3 978 979 881
3 899 672 978
3 899 876 672
3 876 673 672
3 876 977 673
3 978 672 675
3 675 979 978
3 910 679 678
3 910 929 679
3 910 833 929
3 877 910 977
3 910 678 977
3 678 682 977
3 665 679 929
3 682 673 977
3 916 687 686
3 916 905 687
3 905 979 687
3 873 666 930
3 873 916 666
3 916 686 666
3 675 687 979
3 1552 1432 1543
3 1439 1432 1552
3 1442 1439 1552
3 1552 1556 1442
3 1563 1449 1560
3 1453 1449 1563
3 1449 1442 1556
3 1556 1560 1449
3 1567 1453 1563
3 1456 1453 1567
3 1432 1448 1571
3 1571 1543 1432
3 1623 1673 1596
3 1465 1456 1567
3 1567 1631 1465
3 1631 1596 1465
3 1596 1673 1465
3 1673 1473 1465
3 1640 1673 1623
3 1677 1673 1640
3 1568 1677 1640
3 1672 1677 1568
3 1473 1673 1677
3 1677 1474 1473
3 1474 1677 1672
3 1672 1475 1474
3 1945 1838 1954
3 1827 1838 1945
3 1954 1853 1960
3 1838 1853 1954
3 1853 1858 1971
3 1971 1960 1853
3 1971 1866 1997
3 1858 1866 1971
3 1866 1870 2001
3 2001 1997 1866
3 1870 1871 2005
3 2005 2001 1870
3 1871 1841 1946
3 1946 2005 1871
3 2421 2180 2191
3 2365 2361 2201
3 2361 2421 2201
3 2421 2191 2201
3 2365 2212 2368
3 2201 2212 2365
3 2212 2217 2323
3 2323 2368 2212
3 2221 2219 2356
3 2356 2374 2221
3 2376 2221 2374
3 2223 2221 2376
3 2376 2392 2223
3 2392 2428 2223
3 2428 2229 2223
3 2288 2229 2428
3 2395 2428 2392
3 2395 2398 2428
3 2398 2288 2428
3 2398 2289 2288
3 2290 2289 2398
3 2398 2403 2290
3 2403 2432 2290
3 2432 2291 2290
3 2403 2405 2432
3 2410 2432 2405
3 2292 2291 2432
3 2410 2413 2432
3 2413 2293 2432
3 2293 2292 2432
3 2294 2293 2413
3 2413 2415 2294
3 2317 2294 2415
3 2181 2294 2317
3 2464 2458 2613
3 2613 2627 2464
3 2629 2464 2627
3 2457 2464 2629
3 2590 2477 2643
3 2470 2477 2590
3 2643 2482 2648
3 2477 2482 2643
3 2482 2488 2653
3 2653 2648 2482
3 2488 2526 2659
3 2659 2653 2488
3 2617 2685 2666
3 2667 2666 2524
3 2666 2685 2524
3 2685 2449 2524
3 2669 2693 2671
3 2669 2536 2693
3 2669 2659 2536
3 2659 2526 2536
3 2603 2671 2438
3 2671 2693 2438
3 2693 2537 2438
3 2693 2536 2537
3 2976 2974 2858
3 2858 2868 2976
3 2871 2976 2868
3 2978 2976 2871
3 2720 2974 2976
3 2710 2974 2720
3 2723 2976 2978
3 2720 2976 2723
3 2962 2982 2880
3 2880 2856 2962
3 2962 2731 2733
3 2733 2982 2962
3 2880 2983 2883
3 2982 2983 2880
3 2982 2733 2736
3 2736 2983 2982
3 2889 2739 2742
3 2889 2883 2739
3 2883 2983 2739
3 2983 2736 2739
3 2889 2754 2892
3 2742 2754 2889
3 2898 2985 2901
3 2902 2760 2769
3 2902 2985 2760
3 2902 2901 2985
3 2903 2987 2904
3 2906 2989 2907
3 2906 2769 2989
3 2769 2774 2989
3 2906 2902 2769
3 2903 2907 2987
3 2907 2780 2987
3 2907 2778 2780
3 2907 2989 2778
3 2989 2774 2778
3 2898 2754 2985
3 2754 2788 2985
3 2898 2892 2754
3 2985 2788 2760
3 3146 3012 3225
3 3012 3005 3225
3 3146 3138 3012
3 3225 3226 3140
3 3140 3146 3225
3 3036 3030 3231
3 3157 3055 3230
3 3055 3009 3230
3 3157 3162 3055
3 3157 3230 3137
3 3162 3030 3055
3 3162 3231 3030
3 3162 3190 3231
3 3064 3061 3256
3 3193 3036 3231
3 3193 3196 3036
3 3196 3061 3036
3 3196 3256 3061
3 3068 3256 3266
3 3064 3256 3068
3 3266 3256 3196
3 3196 3199 3266
3 3193 3231 3190
3 3074 3073 3269
3 3075 3269 3270
3 3074 3269 3075
3 3076 3270 3240
3 3075 3270 3076
3 3214 3068 3266
3 3214 3078 3068
3 3214 3217 3078
3 3214 3266 3199
3 3217 3221 3078
3 3221 3269 3078
3 3269 3073 3078
3 3223 3269 3221
3 3270 3269 3223
3 3135 3270 3223
3 3240 3270 3135
3 3561 3566 3757
3 3757 3756 3561
3 3757 3566 3562
3 0 38 22
3 25 22 48
3 22 44 48
3 22 38 44
3 48 52 28
3 28 25 48
3 54 44 53
3 48 44 54
3 52 48 54
3 54 56 52
3 28 52 30
3 32 56 60
3 32 30 56
3 30 52 56
3 32 60 33
3 54 53 73
3 73 74 54
3 75 54 74
3 56 54 75
3 45 73 39
3 74 73 45
3 58 74 45
3 75 74 58
3 76 56 75
3 60 56 76
3 60 76 34
3 34 33 60
3 76 75 58
3 58 67 76
3 35 67 69
3 35 76 67
3 35 34 76
3 35 69 21
3 152 1 2
3 153 2 10
3 152 2 153
3 155 14 15
3 16 14 155
3 155 158 16
3 163 17 19
3 163 166 17
3 166 10 17
3 166 153 10
3 158 169 16
3 169 19 16
3 169 163 19
3 166 163 169
3 169 171 166
3 152 175 1
3 175 174 1
3 174 21 1
3 176 174 175
3 175 178 176
3 175 152 153
3 153 179 175
3 181 175 179
3 178 175 181
3 176 178 87
3 87 86 176
3 178 181 89
3 89 87 178
3 183 153 166
3 179 153 183
3 94 92 183
3 92 179 183
3 92 181 179
3 183 166 171
3 171 185 183
3 94 185 97
3 183 185 94
3 89 181 92
3 189 15 8
3 189 191 15
3 191 155 15
3 196 155 191
3 158 155 196
3 199 189 198
3 191 189 199
3 200 191 199
3 196 191 200
3 169 158 196
3 196 202 169
3 203 169 202
3 171 169 203
3 108 196 200
3 108 202 196
3 108 105 202
3 203 202 105
3 105 110 203
3 199 198 112
3 112 114 199
3 200 199 114
3 114 117 200
3 108 200 117
3 123 171 203
3 123 121 171
3 121 185 171
3 97 185 121
3 123 203 110
3 936 947 838
3 838 834 936
3 838 947 846
3 947 668 670
3 936 668 947
3 858 846 671
3 846 947 671
3 947 670 671
3 671 674 861
3 861 858 671
3 866 676 955
3 866 861 676
3 861 674 676
3 955 676 680
3 866 961 875
3 955 961 866
3 875 961 878
3 961 680 683
3 955 680 961
3 879 685 963
3 879 683 685
3 879 878 683
3 878 961 683
3 879 963 882
3 963 685 689
3 885 882 691
3 882 963 691
3 963 689 691
3 892 693 969
3 892 885 693
3 885 691 693
3 969 693 694
3 892 969 897
3 906 969 934
3 969 695 934
3 969 694 695
3 906 897 969
3 906 934 830
3 1089 831 835
3 839 831 1089
3 1089 1093 839
3 1098 844 851
3 1012 856 1098
3 856 844 1098
3 1012 987 856
3 1103 860 865
3 1028 839 1093
3 1028 1019 839
3 1019 888 839
3 1019 865 888
3 1019 1103 865
3 1019 1030 1103
3 1034 860 1103
3 1034 1033 860
3 1033 851 860
3 1033 1098 851
3 1012 1098 1033
3 1034 1103 1030
3 895 855 1007
3 1007 1036 895
3 900 895 1036
3 1036 1037 900
3 1037 835 900
3 1037 1089 835
3 1037 1043 1089
3 1093 1089 1043
3 1043 1046 1093
3 1028 1093 1046
3 1114 907 911
3 1062 1052 1114
3 1052 907 1114
3 1052 914 907
3 987 911 856
3 987 1114 911
3 987 1064 1114
3 1062 1114 1064
3 1272 1389 1269
3 1272 1273 1389
3 1273 1395 1389
3 1395 1117 1389
3 1395 1137 1117
3 1275 1395 1273
3 1145 1137 1395
3 1275 1404 1395
3 1404 1145 1395
3 1404 1152 1145
3 1275 1280 1404
3 1155 1152 1404
3 1284 1404 1280
3 1284 1164 1404
3 1164 1155 1404
3 1284 1409 1164
3 1284 1293 1409
3 1325 1409 1293
3 1172 1164 1409
3 1325 1340 1409
3 1340 1172 1409
3 1340 1181 1172
3 1340 1411 1181
3 1411 1182 1181
3 1340 1344 1411
3 1184 1182 1411
3 1350 1411 1344
3 1350 1186 1411
3 1186 1184 1411
3 1350 1367 1186
3 1367 1188 1186
3 1367 1368 1188
3 1368 1413 1188
3 1369 1413 1368
3 1190 1188 1413
3 1413 1415 1190
3 1191 1190 1415
3 1415 1413 1369
3 1369 1371 1415
3 1371 1191 1415
3 1371 1274 1191
3 1274 1120 1191
3 1542 1662 1422
3 1662 1435 1422
3 1542 1545 1662
3 1440 1435 1662
3 1548 1662 1545
3 1548 1550 1662
3 1550 1665 1662
3 1665 1440 1662
3 1665 1463 1440
3 1482 1463 1665
3 1554 1665 1550
3 1554 1671 1665
3 1671 1487 1665
3 1487 1482 1665
3 1554 1647 1671
3 1489 1487 1671
3 1648 1671 1647
3 1648 1649 1671
3 1649 1489 1671
3 1649 1491 1489
3 1496 1491 1649
3 1649 1650 1496
3 1651 1496 1650
3 1502 1496 1651
3 1504 1502 1651
3 1651 1652 1504
3 1509 1504 1652
3 1652 1653 1509
3 1654 1509 1653
3 1513 1509 1654
3 1515 1513 1654
3 1654 1655 1515
3 1519 1515 1655
3 1655 1656 1519
3 1656 1549 1519
3 1549 1666 1519
3 1666 1419 1519
3 1695 1569 1573
3 1695 1808 1569
3 1695 1693 1808
3 1698 1808 1693
3 1695 1578 1700
3 1573 1578 1695
3 1579 1580 1706
3 1706 1703 1579
3 1813 1582 1583
3 1715 1584 1813
3 1584 1582 1813
3 1715 1710 1584
3 1727 1575 1721
3 1586 1575 1727
3 1589 1586 1727
3 1727 1731 1589
3 1731 1583 1589
3 1731 1813 1583
3 1731 1741 1813
3 1715 1813 1741
3 1820 1591 1595
3 1754 1584 1710
3 1604 1584 1754
3 1754 1820 1604
3 1820 1595 1604
3 1754 1757 1820
3 1765 1762 1820
3 1762 1609 1820
3 1609 1591 1820
3 1706 1609 1762
3 1580 1609 1706
3 1765 1820 1757
3 1617 1620 1776
3 1776 1771 1617
3 1624 1628 1782
3 1782 1778 1624
3 1776 1624 1778
3 1620 1624 1776
3 1632 1635 1790
3 1790 1787 1632
3 1636 1579 1703
3 1703 1792 1636
3 1790 1636 1792
3 1635 1636 1790
3 1782 1632 1787
3 1628 1632 1782
3 1829 1835 1967
3 1967 1965 1829
3 1967 1842 1973
3 1835 1842 1967
3 1973 1860 1981
3 1842 1860 1973
3 1981 1874 1987
3 1860 1874 1981
3 1874 1879 2006
3 2006 1987 1874
3 1879 1882 2020
3 2020 2006 1879
3 1882 1893 2023
3 2023 2020 1882
3 2023 1896 2025
3 1893 1896 2023
3 1896 1899 2026
3 2026 2025 1896
3 1899 1905 2030
3 2030 2026 1899
3 2030 1919 2033
3 1905 1919 2030
3 1919 1927 2037
3 2037 2033 1919
3 2037 1929 2039
3 1927 1929 2037
3 1929 1931 2041
3 2041 2039 1929
3 2041 1935 2042
3 1931 1935 2041
3 1935 1937 2044
3 2044 2042 1935
3 2044 1940 2045
3 1937 1940 2044
3 1940 1827 1945
3 1945 2045 1940
3 2301 2188 2416
3 2188 2182 2416
3 2301 2303 2188
3 2200 2197 2417
3 2303 2417 2188
3 2417 2197 2188
3 2303 2305 2417
3 2308 2312 2417
3 2312 2206 2417
3 2206 2200 2417
3 2308 2417 2305
3 2337 2206 2312
3 2213 2206 2337
3 2301 2416 2341
3 2241 2236 2425
3 2343 2244 2425
3 2244 2241 2425
3 2343 2345 2244
3 2337 2236 2213
3 2337 2425 2236
3 2337 2347 2425
3 2343 2425 2347
3 2352 2244 2345
3 2251 2244 2352
3 2356 2251 2352
3 2219 2251 2356
3 2438 2313 2442
3 2310 2313 2438
3 2313 2316 2449
3 2449 2442 2313
3 2453 2326 2455
3 2322 2326 2453
3 2461 2559 2457
3 2561 2559 2461
3 2562 2561 2461
3 2461 2462 2562
3 2462 2467 2562
3 2467 2353 2562
3 2467 2330 2353
3 2357 2330 2467
3 2467 2469 2357
3 2314 2559 2561
3 2561 2373 2314
3 2373 2561 2562
3 2562 2377 2373
3 2562 2353 2377
3 2474 2382 2476
3 2381 2382 2474
3 2384 2357 2469
3 2469 2481 2384
3 2382 2384 2481
3 2481 2476 2382
3 2487 2381 2474
3 2387 2381 2487
3 2326 2387 2487
3 2487 2455 2326
3 2497 2564 2501
3 2520 2569 2522
3 2520 2399 2569
3 2520 2338 2399
3 2520 2524 2338
3 2497 2522 2564
3 2522 2569 2564
3 2569 2404 2564
3 2569 2401 2404
3 2569 2399 2401
3 2528 2572 2529
3 2528 2564 2572
3 2564 2407 2572
3 2407 2408 2572
3 2528 2501 2564
3 2453 2572 2322
3 2572 2411 2322
3 2453 2529 2572
3 2572 2408 2411
3 2564 2404 2407
3 2581 2435 2687
3 2435 2440 2687
3 2581 2576 2435
3 2581 2687 2587
3 2687 2440 2466
3 2595 2687 2479
3 2687 2466 2479
3 2595 2587 2687
3 2599 2479 2696
3 2479 2486 2696
3 2599 2595 2479
3 2696 2486 2492
3 2599 2696 2602
3 2615 2602 2496
3 2602 2696 2496
3 2696 2492 2496
3 2615 2527 2633
3 2496 2527 2615
3 2527 2441 2582
3 2582 2633 2527
3 2720 2613 2710
3 2627 2613 2720
3 2723 2627 2720
3 2629 2627 2723
3 2731 2643 2733
3 2590 2643 2731
3 2733 2648 2736
3 2643 2648 2733
3 2739 2826 2742
3 2739 2653 2826
3 2739 2648 2653
3 2739 2736 2648
3 2826 2832 2754
3 2754 2742 2826
3 2826 2653 2659
3 2659 2832 2826
3 2760 2828 2769
3 2774 2617 2666
3 2774 2828 2617
3 2774 2769 2828
3 2778 2836 2780
3 2778 2666 2836
3 2666 2667 2836
3 2778 2774 2666
3 2788 2754 2671
3 2754 2669 2671
3 2754 2832 2669
3 2832 2659 2669
3 2760 2671 2828
3 2671 2603 2828
3 2760 2788 2671
3 2703 2707 2951
3 2951 2949 2703
3 2707 2711 2954
3 2954 2951 2707
3 2949 2951 2859
3 2859 2849 2949
3 2859 2954 2864
3 2951 2954 2859
3 2954 2711 2747
3 2874 2747 2758
3 2874 2864 2747
3 2864 2954 2747
3 2874 2763 2877
3 2758 2763 2874
3 2882 2763 2980
3 2763 2767 2980
3 2882 2877 2763
3 2980 2767 2770
3 2882 2980 2893
3 2897 2770 2775
3 2897 2980 2770
3 2897 2893 2980
3 2918 2779 2988
3 2918 2897 2779
3 2897 2775 2779
3 2988 2779 2783
3 2918 2988 2921
3 2924 2921 2990
3 2921 2787 2990
3 2921 2988 2787
3 2988 2783 2787
3 2924 2990 2937
3 2990 2787 2789
3 2945 2789 2790
3 2945 2990 2789
3 2945 2937 2990
3 2790 2791 2946
3 2946 2945 2790
3 2853 2946 2950
3 2946 2791 2950
3 2791 2792 2950
3 2950 2792 2705
3 3272 3359 3289
3 3297 3289 3404
3 3289 3359 3404
3 3359 3400 3404
3 3297 3404 3309
3 3411 3404 3142
3 3404 3136 3142
3 3404 3400 3136
3 3411 3142 3155
3 3316 3309 3413
3 3309 3411 3413
3 3309 3404 3411
3 3413 3155 3165
3 3411 3155 3413
3 3316 3413 3322
3 3324 3170 3414
3 3324 3322 3170
3 3322 3165 3170
3 3322 3413 3165
3 3414 3415 3327
3 3327 3324 3414
3 3414 3170 3176
3 3415 3176 3179
3 3414 3176 3415
3 3327 3415 3335
3 3342 3183 3417
3 3342 3335 3183
3 3335 3179 3183
3 3335 3415 3179
3 3417 3183 3185
3 3342 3418 3350
3 3417 3418 3342
3 3418 3185 3186
3 3417 3185 3418
3 3350 3419 3351
3 3418 3419 3350
3 3419 3186 3187
3 3418 3186 3419
3 3419 3369 3320
3 3320 3351 3419
3 3369 3187 3156
3 3419 3187 3369
3 3443 3519 3450
3 3455 3525 3458
3 3486 3535 3489
3 3486 3519 3535
3 3519 3291 3535
3 3519 3287 3291
3 3486 3450 3519
3 3455 3535 3525
3 3535 3296 3525
3 3296 3298 3525
3 3455 3489 3535
3 3535 3291 3296
3 3487 3539 3491
3 3537 3539 3487
3 3539 3541 3492
3 3492 3491 3539
3 3537 3320 3323
3 3323 3539 3537
3 3539 3323 3326
3 3326 3541 3539
3 3541 3544 3493
3 3493 3492 3541
3 3494 3546 3495
3 3494 3331 3546
3 3331 3333 3546
3 3494 3493 3331
3 3493 3544 3331
3 3541 3326 3336
3 3336 3544 3541
3 3544 3336 3331
3 3495 3551 3498
3 3546 3551 3495
3 3546 3333 3339
3 3339 3551 3546
3 3443 3551 3519
3 3551 3346 3519
3 3551 3344 3346
3 3443 3498 3551
3 3551 3339 3344
3 3519 3346 3287
3 3575 3634 3570
3 3638 3634 3575
3 3589 3638 3575
3 3437 3430 3642
3 3442 3642 3634
3 3437 3642 3442
3 3651 3447 3638
3 3447 3442 3638
3 3442 3634 3638
3 3589 3669 3638
3 3669 3651 3638
3 3589 3596 3669
3 3464 3447 3651
3 3469 3651 3669
3 3464 3651 3469
3 3675 3669 3596
3 3596 3597 3675
3 3574 3675 3597
3 3639 3675 3574
3 3488 3669 3675
3 3469 3669 3488
3 3429 3675 3639
3 3488 3675 3429
3 3964 3843 3971
3 3836 3843 3964
3 3971 3847 3973
3 3843 3847 3971
3 3970 3971 3976
3 3964 3971 3970
3 3971 3973 3978
3 3978 3976 3971
3 3973 3847 3850
3 3980 3978 3852
3 3978 3850 3852
3 3978 3973 3850
3 3980 3852 3855
3 3970 3976 3986
3 3986 3981 3970
3 3986 3978 3988
3 3976 3978 3986
3 3958 3986 3961
3 3981 3986 3958
3 3986 3988 3990
3 3990 3961 3986
3 3988 3980 3991
3 3978 3980 3988
3 3991 3855 3858
3 3980 3855 3991
3 3988 3991 3993
3 3993 3990 3988
3 3993 3858 3835
3 3991 3858 3993
